id,partner_id/id,partner_shipping_ids/id,tour_pricing_id/.id
partner_tour_config#2706,res_partner_id#2706,res_partner_id#2706,2
partner_tour_config#1430,res_partner_id#1430,res_partner_id#1430,3
partner_tour_config#1587,res_partner_id#1587,res_partner_id#1587,3
partner_tour_config#24879,res_partner_id#24879,res_partner_id#24879,2
partner_tour_config#24880,res_partner_id#24880,res_partner_id#24880,2
partner_tour_config#24871,res_partner_id#24871,res_partner_id#24871,2
partner_tour_config#24948,res_partner_id#24948,res_partner_id#24948,2
partner_tour_config#24549,res_partner_id#24549,res_partner_id#24549,2
partner_tour_config#24870,res_partner_id#24870,res_partner_id#24870,2
partner_tour_config#23991,res_partner_id#23991,res_partner_id#23991,2
partner_tour_config#24872,res_partner_id#24872,res_partner_id#24872,2
partner_tour_config#22381,res_partner_id#22381,res_partner_id#22381,2
partner_tour_config#23029,res_partner_id#23029,res_partner_id#23029,2
partner_tour_config#24349,res_partner_id#24349,res_partner_id#24349,2
partner_tour_config#22304,res_partner_id#22304,res_partner_id#22304,2
partner_tour_config#22394,res_partner_id#22394,res_partner_id#22394,2
partner_tour_config#22302,res_partner_id#22302,res_partner_id#22302,2
partner_tour_config#24873,res_partner_id#24873,res_partner_id#24873,2
partner_tour_config#24881,res_partner_id#24881,res_partner_id#24881,2
partner_tour_config#23042,res_partner_id#23042,res_partner_id#23042,2
partner_tour_config#24874,res_partner_id#24874,res_partner_id#24874,2
partner_tour_config#22576,res_partner_id#22576,res_partner_id#22576,2
partner_tour_config#23989,res_partner_id#23989,res_partner_id#23989,2
partner_tour_config#24906,res_partner_id#24906,res_partner_id#24906,2
partner_tour_config#22658,res_partner_id#22658,res_partner_id#22658,2
partner_tour_config#22240,res_partner_id#22240,res_partner_id#22240,2
partner_tour_config#22379,res_partner_id#22379,res_partner_id#22379,2
partner_tour_config#22643,res_partner_id#22643,res_partner_id#22643,2
partner_tour_config#24224,res_partner_id#24224,res_partner_id#24224,2
partner_tour_config#24041,res_partner_id#24041,res_partner_id#24041,2
partner_tour_config#24949,res_partner_id#24949,res_partner_id#24949,2
partner_tour_config#23974,res_partner_id#23974,res_partner_id#23974,2
partner_tour_config#24856,res_partner_id#24856,res_partner_id#24856,2
partner_tour_config#22809,res_partner_id#22809,res_partner_id#22809,2
partner_tour_config#24391,res_partner_id#24391,res_partner_id#24391,2
partner_tour_config#22306,res_partner_id#22306,res_partner_id#22306,2
partner_tour_config#23390,res_partner_id#23390,res_partner_id#23390,2
partner_tour_config#22307,res_partner_id#22307,res_partner_id#22307,2
partner_tour_config#22282,res_partner_id#22282,res_partner_id#22282,2
partner_tour_config#22396,res_partner_id#22396,res_partner_id#22396,2
partner_tour_config#24877,res_partner_id#24877,res_partner_id#24877,2
partner_tour_config#24907,res_partner_id#24907,res_partner_id#24907,2
partner_tour_config#22633,res_partner_id#22633,res_partner_id#22633,2
partner_tour_config#22309,res_partner_id#22309,res_partner_id#22309,2
partner_tour_config#22249,res_partner_id#22249,res_partner_id#22249,2
partner_tour_config#22308,res_partner_id#22308,res_partner_id#22308,2
partner_tour_config#23900,res_partner_id#23900,res_partner_id#23900,2
partner_tour_config#22405,res_partner_id#22405,res_partner_id#22405,2
partner_tour_config#22645,res_partner_id#22645,res_partner_id#22645,2
partner_tour_config#22250,res_partner_id#22250,res_partner_id#22250,2
partner_tour_config#24261,res_partner_id#24261,res_partner_id#24261,2
partner_tour_config#24375,res_partner_id#24375,res_partner_id#24375,2
partner_tour_config#24705,res_partner_id#24705,res_partner_id#24705,2
partner_tour_config#24908,res_partner_id#24908,res_partner_id#24908,2
partner_tour_config#22292,res_partner_id#22292,res_partner_id#22292,2
partner_tour_config#22253,res_partner_id#22253,res_partner_id#22253,2
partner_tour_config#22201,res_partner_id#22201,res_partner_id#22201,2
partner_tour_config#24950,res_partner_id#24950,res_partner_id#24950,2
partner_tour_config#23397,res_partner_id#23397,res_partner_id#23397,2
partner_tour_config#24936,res_partner_id#24936,res_partner_id#24936,2
partner_tour_config#24914,res_partner_id#24914,res_partner_id#24914,2
partner_tour_config#23521,res_partner_id#23521,res_partner_id#23521,2
partner_tour_config#24916,res_partner_id#24916,res_partner_id#24916,2
partner_tour_config#22310,res_partner_id#22310,res_partner_id#22310,2
partner_tour_config#22647,res_partner_id#22647,res_partner_id#22647,2
partner_tour_config#24909,res_partner_id#24909,res_partner_id#24909,2
partner_tour_config#24883,res_partner_id#24883,res_partner_id#24883,2
partner_tour_config#22692,res_partner_id#22692,res_partner_id#22692,2
partner_tour_config#22254,res_partner_id#22254,res_partner_id#22254,2
partner_tour_config#22260,res_partner_id#22260,res_partner_id#22260,2
partner_tour_config#24917,res_partner_id#24917,res_partner_id#24917,2
partner_tour_config#24438,res_partner_id#24438,res_partner_id#24438,2
partner_tour_config#22311,res_partner_id#22311,res_partner_id#22311,2
partner_tour_config#22256,res_partner_id#22256,res_partner_id#22256,2
partner_tour_config#22563,res_partner_id#22563,res_partner_id#22563,2
partner_tour_config#23034,res_partner_id#23034,res_partner_id#23034,2
partner_tour_config#24915,res_partner_id#24915,res_partner_id#24915,2
partner_tour_config#24910,res_partner_id#24910,res_partner_id#24910,2
partner_tour_config#24884,res_partner_id#24884,res_partner_id#24884,2
partner_tour_config#24885,res_partner_id#24885,res_partner_id#24885,2
partner_tour_config#24886,res_partner_id#24886,res_partner_id#24886,2
partner_tour_config#24889,res_partner_id#24889,res_partner_id#24889,2
partner_tour_config#24918,res_partner_id#24918,res_partner_id#24918,2
partner_tour_config#24912,res_partner_id#24912,res_partner_id#24912,2
partner_tour_config#24935,res_partner_id#24935,res_partner_id#24935,2
partner_tour_config#24892,res_partner_id#24892,res_partner_id#24892,2
partner_tour_config#24919,res_partner_id#24919,res_partner_id#24919,2
partner_tour_config#24911,res_partner_id#24911,res_partner_id#24911,2
partner_tour_config#24528,res_partner_id#24528,res_partner_id#24528,2
partner_tour_config#22402,res_partner_id#22402,res_partner_id#22402,2
partner_tour_config#24794,res_partner_id#24794,res_partner_id#24794,2
partner_tour_config#24857,res_partner_id#24857,res_partner_id#24857,2
partner_tour_config#24887,res_partner_id#24887,res_partner_id#24887,2
partner_tour_config#24957,res_partner_id#24957,res_partner_id#24957,2
partner_tour_config#24377,res_partner_id#24377,res_partner_id#24377,2
partner_tour_config#24938,res_partner_id#24938,res_partner_id#24938,2
partner_tour_config#24890,res_partner_id#24890,res_partner_id#24890,2
partner_tour_config#24958,res_partner_id#24958,res_partner_id#24958,2
partner_tour_config#24891,res_partner_id#24891,res_partner_id#24891,2
partner_tour_config#22296,res_partner_id#22296,res_partner_id#22296,2
partner_tour_config#24161,res_partner_id#24161,res_partner_id#24161,2
partner_tour_config#22210,res_partner_id#22210,res_partner_id#22210,2
partner_tour_config#24225,res_partner_id#24225,res_partner_id#24225,2
partner_tour_config#24893,res_partner_id#24893,res_partner_id#24893,2
partner_tour_config#24272,res_partner_id#24272,res_partner_id#24272,2
partner_tour_config#22211,res_partner_id#22211,res_partner_id#22211,2
partner_tour_config#23523,res_partner_id#23523,res_partner_id#23523,2
partner_tour_config#22383,res_partner_id#22383,res_partner_id#22383,2
partner_tour_config#24515,res_partner_id#24515,res_partner_id#24515,2
partner_tour_config#22206,res_partner_id#22206,res_partner_id#22206,2
partner_tour_config#24634,res_partner_id#24634,res_partner_id#24634,2
partner_tour_config#24894,res_partner_id#24894,res_partner_id#24894,2
partner_tour_config#24895,res_partner_id#24895,res_partner_id#24895,2
partner_tour_config#24913,res_partner_id#24913,res_partner_id#24913,2
partner_tour_config#24939,res_partner_id#24939,res_partner_id#24939,2
partner_tour_config#24896,res_partner_id#24896,res_partner_id#24896,2
partner_tour_config#24951,res_partner_id#24951,res_partner_id#24951,2
partner_tour_config#24925,res_partner_id#24925,res_partner_id#24925,2
partner_tour_config#24274,res_partner_id#24274,res_partner_id#24274,2
partner_tour_config#24940,res_partner_id#24940,res_partner_id#24940,2
partner_tour_config#24952,res_partner_id#24952,res_partner_id#24952,2
partner_tour_config#24273,res_partner_id#24273,res_partner_id#24273,2
partner_tour_config#22434,res_partner_id#22434,res_partner_id#22434,2
partner_tour_config#24897,res_partner_id#24897,res_partner_id#24897,2
partner_tour_config#23525,res_partner_id#23525,res_partner_id#23525,2
partner_tour_config#24926,res_partner_id#24926,res_partner_id#24926,2
partner_tour_config#22227,res_partner_id#22227,res_partner_id#22227,2
partner_tour_config#22228,res_partner_id#22228,res_partner_id#22228,2
partner_tour_config#24898,res_partner_id#24898,res_partner_id#24898,2
partner_tour_config#24959,res_partner_id#24959,res_partner_id#24959,2
partner_tour_config#23802,res_partner_id#23802,res_partner_id#23802,2
partner_tour_config#24929,res_partner_id#24929,res_partner_id#24929,2
partner_tour_config#22388,res_partner_id#22388,res_partner_id#22388,2
partner_tour_config#22317,res_partner_id#22317,res_partner_id#22317,2
partner_tour_config#23901,res_partner_id#23901,res_partner_id#23901,2
partner_tour_config#22387,res_partner_id#22387,res_partner_id#22387,2
partner_tour_config#24262,res_partner_id#24262,res_partner_id#24262,2
partner_tour_config#22490,res_partner_id#22490,res_partner_id#22490,2
partner_tour_config#22493,res_partner_id#22493,res_partner_id#22493,2
partner_tour_config#24378,res_partner_id#24378,res_partner_id#24378,2
partner_tour_config#22984,res_partner_id#22984,res_partner_id#22984,2
partner_tour_config#23396,res_partner_id#23396,res_partner_id#23396,2
partner_tour_config#22986,res_partner_id#22986,res_partner_id#22986,2
partner_tour_config#22313,res_partner_id#22313,res_partner_id#22313,2
partner_tour_config#24930,res_partner_id#24930,res_partner_id#24930,2
partner_tour_config#23456,res_partner_id#23456,res_partner_id#23456,2
partner_tour_config#22496,res_partner_id#22496,res_partner_id#22496,2
partner_tour_config#24921,res_partner_id#24921,res_partner_id#24921,2
partner_tour_config#24493,res_partner_id#24493,res_partner_id#24493,2
partner_tour_config#22413,res_partner_id#22413,res_partner_id#22413,2
partner_tour_config#22497,res_partner_id#22497,res_partner_id#22497,2
partner_tour_config#22592,res_partner_id#22592,res_partner_id#22592,2
partner_tour_config#24922,res_partner_id#24922,res_partner_id#24922,2
partner_tour_config#23131,res_partner_id#23131,res_partner_id#23131,2
partner_tour_config#22541,res_partner_id#22541,res_partner_id#22541,2
partner_tour_config#22581,res_partner_id#22581,res_partner_id#22581,2
partner_tour_config#22397,res_partner_id#22397,res_partner_id#22397,2
partner_tour_config#22338,res_partner_id#22338,res_partner_id#22338,2
partner_tour_config#22398,res_partner_id#22398,res_partner_id#22398,2
partner_tour_config#24899,res_partner_id#24899,res_partner_id#24899,2
partner_tour_config#23204,res_partner_id#23204,res_partner_id#23204,2
partner_tour_config#22540,res_partner_id#22540,res_partner_id#22540,2
partner_tour_config#22337,res_partner_id#22337,res_partner_id#22337,2
partner_tour_config#22212,res_partner_id#22212,res_partner_id#22212,2
partner_tour_config#24529,res_partner_id#24529,res_partner_id#24529,2
partner_tour_config#23903,res_partner_id#23903,res_partner_id#23903,2
partner_tour_config#24064,res_partner_id#24064,res_partner_id#24064,2
partner_tour_config#23902,res_partner_id#23902,res_partner_id#23902,2
partner_tour_config#24923,res_partner_id#24923,res_partner_id#24923,2
partner_tour_config#24924,res_partner_id#24924,res_partner_id#24924,2
partner_tour_config#24858,res_partner_id#24858,res_partner_id#24858,2
partner_tour_config#23766,res_partner_id#23766,res_partner_id#23766,2
partner_tour_config#24931,res_partner_id#24931,res_partner_id#24931,2
partner_tour_config#24941,res_partner_id#24941,res_partner_id#24941,2
partner_tour_config#23615,res_partner_id#23615,res_partner_id#23615,2
partner_tour_config#23576,res_partner_id#23576,res_partner_id#23576,2
partner_tour_config#24859,res_partner_id#24859,res_partner_id#24859,2
partner_tour_config#23457,res_partner_id#23457,res_partner_id#23457,2
partner_tour_config#22423,res_partner_id#22423,res_partner_id#22423,2
partner_tour_config#22475,res_partner_id#22475,res_partner_id#22475,2
partner_tour_config#22661,res_partner_id#22661,res_partner_id#22661,2
partner_tour_config#24532,res_partner_id#24532,res_partner_id#24532,2
partner_tour_config#9283,res_partner_id#9283,res_partner_id#9283,2
partner_tour_config#22849,res_partner_id#22849,res_partner_id#22849,2
partner_tour_config#24247,res_partner_id#24247,res_partner_id#24247,2
partner_tour_config#24530,res_partner_id#24530,res_partner_id#24530,2
partner_tour_config#23526,res_partner_id#23526,res_partner_id#23526,2
partner_tour_config#22428,res_partner_id#22428,res_partner_id#22428,2
partner_tour_config#22660,res_partner_id#22660,res_partner_id#22660,2
partner_tour_config#22419,res_partner_id#22419,res_partner_id#22419,2
partner_tour_config#22420,res_partner_id#22420,res_partner_id#22420,2
partner_tour_config#24584,res_partner_id#24584,res_partner_id#24584,2
partner_tour_config#22418,res_partner_id#22418,res_partner_id#22418,2
partner_tour_config#22422,res_partner_id#22422,res_partner_id#22422,2
partner_tour_config#24933,res_partner_id#24933,res_partner_id#24933,2
partner_tour_config#24550,res_partner_id#24550,res_partner_id#24550,2
partner_tour_config#24953,res_partner_id#24953,res_partner_id#24953,2
partner_tour_config#22602,res_partner_id#22602,res_partner_id#22602,2
partner_tour_config#23813,res_partner_id#23813,res_partner_id#23813,2
partner_tour_config#22662,res_partner_id#22662,res_partner_id#22662,2
partner_tour_config#22948,res_partner_id#22948,res_partner_id#22948,2
partner_tour_config#22507,res_partner_id#22507,res_partner_id#22507,2
partner_tour_config#22543,res_partner_id#22543,res_partner_id#22543,2
partner_tour_config#22224,res_partner_id#22224,res_partner_id#22224,2
partner_tour_config#22544,res_partner_id#22544,res_partner_id#22544,2
partner_tour_config#22502,res_partner_id#22502,res_partner_id#22502,2
partner_tour_config#23518,res_partner_id#23518,res_partner_id#23518,2
partner_tour_config#22429,res_partner_id#22429,res_partner_id#22429,2
partner_tour_config#24439,res_partner_id#24439,res_partner_id#24439,2
partner_tour_config#24635,res_partner_id#24635,res_partner_id#24635,2
partner_tour_config#22431,res_partner_id#22431,res_partner_id#22431,2
partner_tour_config#22505,res_partner_id#22505,res_partner_id#22505,2
partner_tour_config#22545,res_partner_id#22545,res_partner_id#22545,2
partner_tour_config#22430,res_partner_id#22430,res_partner_id#22430,2
partner_tour_config#23905,res_partner_id#23905,res_partner_id#23905,2
partner_tour_config#22506,res_partner_id#22506,res_partner_id#22506,2
partner_tour_config#22504,res_partner_id#22504,res_partner_id#22504,2
partner_tour_config#24934,res_partner_id#24934,res_partner_id#24934,2
partner_tour_config#22546,res_partner_id#22546,res_partner_id#22546,2
partner_tour_config#24869,res_partner_id#24869,res_partner_id#24869,2
partner_tour_config#22695,res_partner_id#22695,res_partner_id#22695,2
partner_tour_config#24065,res_partner_id#24065,res_partner_id#24065,2
partner_tour_config#23458,res_partner_id#23458,res_partner_id#23458,2
partner_tour_config#24560,res_partner_id#24560,res_partner_id#24560,2
partner_tour_config#24954,res_partner_id#24954,res_partner_id#24954,2
partner_tour_config#22370,res_partner_id#22370,res_partner_id#22370,2
partner_tour_config#24195,res_partner_id#24195,res_partner_id#24195,2
partner_tour_config#24226,res_partner_id#24226,res_partner_id#24226,2
partner_tour_config#24162,res_partner_id#24162,res_partner_id#24162,2
partner_tour_config#24561,res_partner_id#24561,res_partner_id#24561,2
partner_tour_config#24553,res_partner_id#24553,res_partner_id#24553,2
partner_tour_config#22653,res_partner_id#22653,res_partner_id#22653,2
partner_tour_config#22664,res_partner_id#22664,res_partner_id#22664,2
partner_tour_config#24552,res_partner_id#24552,res_partner_id#24552,2
partner_tour_config#24707,res_partner_id#24707,res_partner_id#24707,2
partner_tour_config#24414,res_partner_id#24414,res_partner_id#24414,2
partner_tour_config#23577,res_partner_id#23577,res_partner_id#23577,2
partner_tour_config#22501,res_partner_id#22501,res_partner_id#22501,2
partner_tour_config#22492,res_partner_id#22492,res_partner_id#22492,2
partner_tour_config#23422,res_partner_id#23422,res_partner_id#23422,2
partner_tour_config#24942,res_partner_id#24942,res_partner_id#24942,2
partner_tour_config#23944,res_partner_id#23944,res_partner_id#23944,2
partner_tour_config#22347,res_partner_id#22347,res_partner_id#22347,2
partner_tour_config#23271,res_partner_id#23271,res_partner_id#23271,2
partner_tour_config#24054,res_partner_id#24054,res_partner_id#24054,2
partner_tour_config#22549,res_partner_id#22549,res_partner_id#22549,2
partner_tour_config#23401,res_partner_id#23401,res_partner_id#23401,2
partner_tour_config#24960,res_partner_id#24960,res_partner_id#24960,2
partner_tour_config#24636,res_partner_id#24636,res_partner_id#24636,2
partner_tour_config#24554,res_partner_id#24554,res_partner_id#24554,2
partner_tour_config#24206,res_partner_id#24206,res_partner_id#24206,2
partner_tour_config#24961,res_partner_id#24961,res_partner_id#24961,2
partner_tour_config#24943,res_partner_id#24943,res_partner_id#24943,2
partner_tour_config#22508,res_partner_id#22508,res_partner_id#22508,2
partner_tour_config#24164,res_partner_id#24164,res_partner_id#24164,2
partner_tour_config#23207,res_partner_id#23207,res_partner_id#23207,2
partner_tour_config#24020,res_partner_id#24020,res_partner_id#24020,2
partner_tour_config#22345,res_partner_id#22345,res_partner_id#22345,2
partner_tour_config#22237,res_partner_id#22237,res_partner_id#22237,2
partner_tour_config#22346,res_partner_id#22346,res_partner_id#22346,2
partner_tour_config#24836,res_partner_id#24836,res_partner_id#24836,2
partner_tour_config#22343,res_partner_id#22343,res_partner_id#22343,2
partner_tour_config#24795,res_partner_id#24795,res_partner_id#24795,2
partner_tour_config#24962,res_partner_id#24962,res_partner_id#24962,2
partner_tour_config#24944,res_partner_id#24944,res_partner_id#24944,2
partner_tour_config#20975,res_partner_id#20975,res_partner_id#20975,2
partner_tour_config#22268,res_partner_id#22268,res_partner_id#22268,2
partner_tour_config#24937,res_partner_id#24937,res_partner_id#24937,2
partner_tour_config#24945,res_partner_id#24945,res_partner_id#24945,2
partner_tour_config#24946,res_partner_id#24946,res_partner_id#24946,2
partner_tour_config#24947,res_partner_id#24947,res_partner_id#24947,2
partner_tour_config#24955,res_partner_id#24955,res_partner_id#24955,2
partner_tour_config#20290,res_partner_id#20290,res_partner_id#20290,3
partner_tour_config#24555,res_partner_id#24555,res_partner_id#24555,2
partner_tour_config#22487,res_partner_id#22487,res_partner_id#22487,2
partner_tour_config#15028,res_partner_id#15028,res_partner_id#15028,3
partner_tour_config#22611,res_partner_id#22611,res_partner_id#22611,2
partner_tour_config#22552,res_partner_id#22552,res_partner_id#22552,2
partner_tour_config#22894,res_partner_id#22894,res_partner_id#22894,2
partner_tour_config#22758,res_partner_id#22758,res_partner_id#22758,2
partner_tour_config#24708,res_partner_id#24708,res_partner_id#24708,2
partner_tour_config#24305,res_partner_id#24305,res_partner_id#24305,2
partner_tour_config#23578,res_partner_id#23578,res_partner_id#23578,2
partner_tour_config#23579,res_partner_id#23579,res_partner_id#23579,2
partner_tour_config#22582,res_partner_id#22582,res_partner_id#22582,2
partner_tour_config#24440,res_partner_id#24440,res_partner_id#24440,2
partner_tour_config#24499,res_partner_id#24499,res_partner_id#24499,2
partner_tour_config#22551,res_partner_id#22551,res_partner_id#22551,2
partner_tour_config#22263,res_partner_id#22263,res_partner_id#22263,2
partner_tour_config#24964,res_partner_id#24964,res_partner_id#24964,2
partner_tour_config#71,res_partner_id#71,res_partner_id#71,5
partner_tour_config#22676,res_partner_id#22676,res_partner_id#22676,2
partner_tour_config#23800,res_partner_id#23800,res_partner_id#23800,2
partner_tour_config#22558,res_partner_id#22558,res_partner_id#22558,2
partner_tour_config#21862,res_partner_id#21862,res_partner_id#21862,2
partner_tour_config#24165,res_partner_id#24165,res_partner_id#24165,2
partner_tour_config#23135,res_partner_id#23135,res_partner_id#23135,2
partner_tour_config#22202,res_partner_id#22202,res_partner_id#22202,2
partner_tour_config#24578,res_partner_id#24578,res_partner_id#24578,2
partner_tour_config#344,res_partner_id#344,res_partner_id#344,2
partner_tour_config#22672,res_partner_id#22672,res_partner_id#22672,2
partner_tour_config#24212,res_partner_id#24212,res_partner_id#24212,2
partner_tour_config#23627,res_partner_id#23627,res_partner_id#23627,2
partner_tour_config#23272,res_partner_id#23272,res_partner_id#23272,2
partner_tour_config#22671,res_partner_id#22671,res_partner_id#22671,2
partner_tour_config#22673,res_partner_id#22673,res_partner_id#22673,2
partner_tour_config#24586,res_partner_id#24586,res_partner_id#24586,2
partner_tour_config#23136,res_partner_id#23136,res_partner_id#23136,2
partner_tour_config#24441,res_partner_id#24441,res_partner_id#24441,2
partner_tour_config#24557,res_partner_id#24557,res_partner_id#24557,2
partner_tour_config#24046,res_partner_id#24046,res_partner_id#24046,2
partner_tour_config#24767,res_partner_id#24767,res_partner_id#24767,2
partner_tour_config#12226,res_partner_id#12226,res_partner_id#12226,2
partner_tour_config#22353,res_partner_id#22353,res_partner_id#22353,2
partner_tour_config#22516,res_partner_id#22516,res_partner_id#22516,2
partner_tour_config#24449,res_partner_id#24449,res_partner_id#24449,2
partner_tour_config#24714,res_partner_id#24714,res_partner_id#24714,2
partner_tour_config#22555,res_partner_id#22555,res_partner_id#22555,2
partner_tour_config#22358,res_partner_id#22358,res_partner_id#22358,2
partner_tour_config#23137,res_partner_id#23137,res_partner_id#23137,2
partner_tour_config#22438,res_partner_id#22438,res_partner_id#22438,2
partner_tour_config#22518,res_partner_id#22518,res_partner_id#22518,2
partner_tour_config#22519,res_partner_id#22519,res_partner_id#22519,2
partner_tour_config#22517,res_partner_id#22517,res_partner_id#22517,2
partner_tour_config#22359,res_partner_id#22359,res_partner_id#22359,2
partner_tour_config#22356,res_partner_id#22356,res_partner_id#22356,2
partner_tour_config#24023,res_partner_id#24023,res_partner_id#24023,2
partner_tour_config#22352,res_partner_id#22352,res_partner_id#22352,2
partner_tour_config#22350,res_partner_id#22350,res_partner_id#22350,2
partner_tour_config#24500,res_partner_id#24500,res_partner_id#24500,2
partner_tour_config#24965,res_partner_id#24965,res_partner_id#24965,2
partner_tour_config#24966,res_partner_id#24966,res_partner_id#24966,2
partner_tour_config#24166,res_partner_id#24166,res_partner_id#24166,2
partner_tour_config#22373,res_partner_id#22373,res_partner_id#22373,2
partner_tour_config#24967,res_partner_id#24967,res_partner_id#24967,2
partner_tour_config#24968,res_partner_id#24968,res_partner_id#24968,2
partner_tour_config#23273,res_partner_id#23273,res_partner_id#23273,2
partner_tour_config#24969,res_partner_id#24969,res_partner_id#24969,2
partner_tour_config#24902,res_partner_id#24902,res_partner_id#24902,2
partner_tour_config#24903,res_partner_id#24903,res_partner_id#24903,2
partner_tour_config#23400,res_partner_id#23400,res_partner_id#23400,2
partner_tour_config#22588,res_partner_id#22588,res_partner_id#22588,2
partner_tour_config#23007,res_partner_id#23007,res_partner_id#23007,2
partner_tour_config#22634,res_partner_id#22634,res_partner_id#22634,2
partner_tour_config#24901,res_partner_id#24901,res_partner_id#24901,2
partner_tour_config#24882,res_partner_id#24882,res_partner_id#24882,2
partner_tour_config#22361,res_partner_id#22361,res_partner_id#22361,2
partner_tour_config#22367,res_partner_id#22367,res_partner_id#22367,2
partner_tour_config#22587,res_partner_id#22587,res_partner_id#22587,2
partner_tour_config#22376,res_partner_id#22376,res_partner_id#22376,2
partner_tour_config#22375,res_partner_id#22375,res_partner_id#22375,2
partner_tour_config#24024,res_partner_id#24024,res_partner_id#24024,2
partner_tour_config#24448,res_partner_id#24448,res_partner_id#24448,2
partner_tour_config#22371,res_partner_id#22371,res_partner_id#22371,2
partner_tour_config#24904,res_partner_id#24904,res_partner_id#24904,2
partner_tour_config#9866,res_partner_id#9866,res_partner_id#9866,3
partner_tour_config#24970,res_partner_id#24970,res_partner_id#24970,2
partner_tour_config#22865,res_partner_id#22865,res_partner_id#22865,2
partner_tour_config#24920,res_partner_id#24920,res_partner_id#24920,2
partner_tour_config#1262,res_partner_id#1262,res_partner_id#1262,3
partner_tour_config#21145,res_partner_id#21145,res_partner_id#21145,2
partner_tour_config#22678,res_partner_id#22678,res_partner_id#22678,2
partner_tour_config#22523,res_partner_id#22523,res_partner_id#22523,2
partner_tour_config#24025,res_partner_id#24025,res_partner_id#24025,2
partner_tour_config#23095,res_partner_id#23095,res_partner_id#23095,2
partner_tour_config#23368,res_partner_id#23368,res_partner_id#23368,2
partner_tour_config#22762,res_partner_id#22762,res_partner_id#22762,2
partner_tour_config#17782,res_partner_id#17782,res_partner_id#17782,3
partner_tour_config#23402,res_partner_id#23402,res_partner_id#23402,2
partner_tour_config#22912,res_partner_id#22912,res_partner_id#22912,2
partner_tour_config#23208,res_partner_id#23208,res_partner_id#23208,2
partner_tour_config#22539,res_partner_id#22539,res_partner_id#22539,2
partner_tour_config#23403,res_partner_id#23403,res_partner_id#23403,2
partner_tour_config#22679,res_partner_id#22679,res_partner_id#22679,2
partner_tour_config#22525,res_partner_id#22525,res_partner_id#22525,2
partner_tour_config#22214,res_partner_id#22214,res_partner_id#22214,2
partner_tour_config#22615,res_partner_id#22615,res_partner_id#22615,2
partner_tour_config#23008,res_partner_id#23008,res_partner_id#23008,2
partner_tour_config#24399,res_partner_id#24399,res_partner_id#24399,2
partner_tour_config#24581,res_partner_id#24581,res_partner_id#24581,2
partner_tour_config#22355,res_partner_id#22355,res_partner_id#22355,2
partner_tour_config#22680,res_partner_id#22680,res_partner_id#22680,2
partner_tour_config#22529,res_partner_id#22529,res_partner_id#22529,2
partner_tour_config#261,res_partner_id#261,res_partner_id#261,3
partner_tour_config#24876,res_partner_id#24876,res_partner_id#24876,2
partner_tour_config#24002,res_partner_id#24002,res_partner_id#24002,2
partner_tour_config#24860,res_partner_id#24860,res_partner_id#24860,2
partner_tour_config#22764,res_partner_id#22764,res_partner_id#22764,2
partner_tour_config#24533,res_partner_id#24533,res_partner_id#24533,2
partner_tour_config#22817,res_partner_id#22817,res_partner_id#22817,2
partner_tour_config#23210,res_partner_id#23210,res_partner_id#23210,2
partner_tour_config#23011,res_partner_id#23011,res_partner_id#23011,2
partner_tour_config#23631,res_partner_id#23631,res_partner_id#23631,2
partner_tour_config#23369,res_partner_id#23369,res_partner_id#23369,2
partner_tour_config#24055,res_partner_id#24055,res_partner_id#24055,2
partner_tour_config#22616,res_partner_id#22616,res_partner_id#22616,2
partner_tour_config#24660,res_partner_id#24660,res_partner_id#24660,2
partner_tour_config#22617,res_partner_id#22617,res_partner_id#22617,2
partner_tour_config#22681,res_partner_id#22681,res_partner_id#22681,2
partner_tour_config#22765,res_partner_id#22765,res_partner_id#22765,2
partner_tour_config#23123,res_partner_id#23123,res_partner_id#23123,2
partner_tour_config#22620,res_partner_id#22620,res_partner_id#22620,2
partner_tour_config#22619,res_partner_id#22619,res_partner_id#22619,2
partner_tour_config#24167,res_partner_id#24167,res_partner_id#24167,2
partner_tour_config#23470,res_partner_id#23470,res_partner_id#23470,2
partner_tour_config#23012,res_partner_id#23012,res_partner_id#23012,2
partner_tour_config#16432,res_partner_id#16432,res_partner_id#16432,5
partner_tour_config#22866,res_partner_id#22866,res_partner_id#22866,2
partner_tour_config#22623,res_partner_id#22623,res_partner_id#22623,2
partner_tour_config#24837,res_partner_id#24837,res_partner_id#24837,2
partner_tour_config#24401,res_partner_id#24401,res_partner_id#24401,2
partner_tour_config#23084,res_partner_id#23084,res_partner_id#23084,2
partner_tour_config#24168,res_partner_id#24168,res_partner_id#24168,2
partner_tour_config#22624,res_partner_id#22624,res_partner_id#22624,2
partner_tour_config#22559,res_partner_id#22559,res_partner_id#22559,2
partner_tour_config#22767,res_partner_id#22767,res_partner_id#22767,2
partner_tour_config#23014,res_partner_id#23014,res_partner_id#23014,2
partner_tour_config#4517,res_partner_id#4517,res_partner_id#4517,3
partner_tour_config#22683,res_partner_id#22683,res_partner_id#22683,2
partner_tour_config#22629,res_partner_id#22629,res_partner_id#22629,2
partner_tour_config#24587,res_partner_id#24587,res_partner_id#24587,2
partner_tour_config#24066,res_partner_id#24066,res_partner_id#24066,2
partner_tour_config#23909,res_partner_id#23909,res_partner_id#23909,2
partner_tour_config#24416,res_partner_id#24416,res_partner_id#24416,2
partner_tour_config#23013,res_partner_id#23013,res_partner_id#23013,2
partner_tour_config#22625,res_partner_id#22625,res_partner_id#22625,2
partner_tour_config#24905,res_partner_id#24905,res_partner_id#24905,2
partner_tour_config#20982,res_partner_id#20982,res_partner_id#20982,2
partner_tour_config#22825,res_partner_id#22825,res_partner_id#22825,2
partner_tour_config#24169,res_partner_id#24169,res_partner_id#24169,2
partner_tour_config#22826,res_partner_id#22826,res_partner_id#22826,2
partner_tour_config#22333,res_partner_id#22333,res_partner_id#22333,2
partner_tour_config#23378,res_partner_id#23378,res_partner_id#23378,2
partner_tour_config#23404,res_partner_id#23404,res_partner_id#23404,2
partner_tour_config#22635,res_partner_id#22635,res_partner_id#22635,2
partner_tour_config#23372,res_partner_id#23372,res_partner_id#23372,2
partner_tour_config#22382,res_partner_id#22382,res_partner_id#22382,2
partner_tour_config#22898,res_partner_id#22898,res_partner_id#22898,2
partner_tour_config#22957,res_partner_id#22957,res_partner_id#22957,2
partner_tour_config#24534,res_partner_id#24534,res_partner_id#24534,2
partner_tour_config#23015,res_partner_id#23015,res_partner_id#23015,2
partner_tour_config#23472,res_partner_id#23472,res_partner_id#23472,2
partner_tour_config#24171,res_partner_id#24171,res_partner_id#24171,2
partner_tour_config#24049,res_partner_id#24049,res_partner_id#24049,2
partner_tour_config#23140,res_partner_id#23140,res_partner_id#23140,2
partner_tour_config#22990,res_partner_id#22990,res_partner_id#22990,2
partner_tour_config#24501,res_partner_id#24501,res_partner_id#24501,2
partner_tour_config#24688,res_partner_id#24688,res_partner_id#24688,2
partner_tour_config#24196,res_partner_id#24196,res_partner_id#24196,2
partner_tour_config#22916,res_partner_id#22916,res_partner_id#22916,2
partner_tour_config#23142,res_partner_id#23142,res_partner_id#23142,2
partner_tour_config#24215,res_partner_id#24215,res_partner_id#24215,2
partner_tour_config#23407,res_partner_id#23407,res_partner_id#23407,2
partner_tour_config#1138,res_partner_id#1138,res_partner_id#1138,2
partner_tour_config#23486,res_partner_id#23486,res_partner_id#23486,2
partner_tour_config#24172,res_partner_id#24172,res_partner_id#24172,2
partner_tour_config#22160,res_partner_id#22160,res_partner_id#22160,2
partner_tour_config#23406,res_partner_id#23406,res_partner_id#23406,2
partner_tour_config#23635,res_partner_id#23635,res_partner_id#23635,2
partner_tour_config#23020,res_partner_id#23020,res_partner_id#23020,2
partner_tour_config#23018,res_partner_id#23018,res_partner_id#23018,2
partner_tour_config#23021,res_partner_id#23021,res_partner_id#23021,2
partner_tour_config#22914,res_partner_id#22914,res_partner_id#22914,2
partner_tour_config#24132,res_partner_id#24132,res_partner_id#24132,2
partner_tour_config#23409,res_partner_id#23409,res_partner_id#23409,2
partner_tour_config#24467,res_partner_id#24467,res_partner_id#24467,2
partner_tour_config#24535,res_partner_id#24535,res_partner_id#24535,2
partner_tour_config#24661,res_partner_id#24661,res_partner_id#24661,2
partner_tour_config#22858,res_partner_id#22858,res_partner_id#22858,2
partner_tour_config#23023,res_partner_id#23023,res_partner_id#23023,2
partner_tour_config#23241,res_partner_id#23241,res_partner_id#23241,2
partner_tour_config#23024,res_partner_id#23024,res_partner_id#23024,2
partner_tour_config#24058,res_partner_id#24058,res_partner_id#24058,2
partner_tour_config#24450,res_partner_id#24450,res_partner_id#24450,2
partner_tour_config#22918,res_partner_id#22918,res_partner_id#22918,2
partner_tour_config#407,res_partner_id#407,res_partner_id#407,3
partner_tour_config#22812,res_partner_id#22812,res_partner_id#22812,2
partner_tour_config#22919,res_partner_id#22919,res_partner_id#22919,2
partner_tour_config#23925,res_partner_id#23925,res_partner_id#23925,2
partner_tour_config#22917,res_partner_id#22917,res_partner_id#22917,2
partner_tour_config#23937,res_partner_id#23937,res_partner_id#23937,2
partner_tour_config#24249,res_partner_id#24249,res_partner_id#24249,2
partner_tour_config#24468,res_partner_id#24468,res_partner_id#24468,2
partner_tour_config#24638,res_partner_id#24638,res_partner_id#24638,2
partner_tour_config#23474,res_partner_id#23474,res_partner_id#23474,2
partner_tour_config#13729,res_partner_id#13729,res_partner_id#13729,2
partner_tour_config#16516,res_partner_id#16516,res_partner_id#16516,3
partner_tour_config#22778,res_partner_id#22778,res_partner_id#22778,2
partner_tour_config#23494,res_partner_id#23494,res_partner_id#23494,2
partner_tour_config#24495,res_partner_id#24495,res_partner_id#24495,2
partner_tour_config#22774,res_partner_id#22774,res_partner_id#22774,2
partner_tour_config#22942,res_partner_id#22942,res_partner_id#22942,2
partner_tour_config#22414,res_partner_id#22414,res_partner_id#22414,2
partner_tour_config#23212,res_partner_id#23212,res_partner_id#23212,2
partner_tour_config#24136,res_partner_id#24136,res_partner_id#24136,2
partner_tour_config#22777,res_partner_id#22777,res_partner_id#22777,2
partner_tour_config#23910,res_partner_id#23910,res_partner_id#23910,2
partner_tour_config#22776,res_partner_id#22776,res_partner_id#22776,2
partner_tour_config#23184,res_partner_id#23184,res_partner_id#23184,2
partner_tour_config#24198,res_partner_id#24198,res_partner_id#24198,2
partner_tour_config#23911,res_partner_id#23911,res_partner_id#23911,2
partner_tour_config#24173,res_partner_id#24173,res_partner_id#24173,2
partner_tour_config#22775,res_partner_id#22775,res_partner_id#22775,2
partner_tour_config#23636,res_partner_id#23636,res_partner_id#23636,2
partner_tour_config#22444,res_partner_id#22444,res_partner_id#22444,2
partner_tour_config#24536,res_partner_id#24536,res_partner_id#24536,2
partner_tour_config#16488,res_partner_id#16488,res_partner_id#16488,3
partner_tour_config#22389,res_partner_id#22389,res_partner_id#22389,2
partner_tour_config#23464,res_partner_id#23464,res_partner_id#23464,2
partner_tour_config#22161,res_partner_id#22161,res_partner_id#22161,2
partner_tour_config#22751,res_partner_id#22751,res_partner_id#22751,2
partner_tour_config#16542,res_partner_id#16542,res_partner_id#16542,5
partner_tour_config#22322,res_partner_id#22322,res_partner_id#22322,2
partner_tour_config#22415,res_partner_id#22415,res_partner_id#22415,2
partner_tour_config#22449,res_partner_id#22449,res_partner_id#22449,2
partner_tour_config#19845,res_partner_id#19845,res_partner_id#19845,3
partner_tour_config#24651,res_partner_id#24651,res_partner_id#24651,2
partner_tour_config#22783,res_partner_id#22783,res_partner_id#22783,2
partner_tour_config#22448,res_partner_id#22448,res_partner_id#22448,2
partner_tour_config#22446,res_partner_id#22446,res_partner_id#22446,2
partner_tour_config#22785,res_partner_id#22785,res_partner_id#22785,2
partner_tour_config#22922,res_partner_id#22922,res_partner_id#22922,2
partner_tour_config#22780,res_partner_id#22780,res_partner_id#22780,2
partner_tour_config#24502,res_partner_id#24502,res_partner_id#24502,2
partner_tour_config#22924,res_partner_id#22924,res_partner_id#22924,2
partner_tour_config#9378,res_partner_id#9378,res_partner_id#9378,3
partner_tour_config#300,res_partner_id#300,res_partner_id#300,3
partner_tour_config#3097,res_partner_id#3097,res_partner_id#3097,3
partner_tour_config#23449,res_partner_id#23449,res_partner_id#23449,2
partner_tour_config#24663,res_partner_id#24663,res_partner_id#24663,2
partner_tour_config#21844,res_partner_id#21844,res_partner_id#21844,2
partner_tour_config#22601,res_partner_id#22601,res_partner_id#22601,2
partner_tour_config#22461,res_partner_id#22461,res_partner_id#22461,2
partner_tour_config#23496,res_partner_id#23496,res_partner_id#23496,2
partner_tour_config#23618,res_partner_id#23618,res_partner_id#23618,2
partner_tour_config#24026,res_partner_id#24026,res_partner_id#24026,2
partner_tour_config#22743,res_partner_id#22743,res_partner_id#22743,2
partner_tour_config#22460,res_partner_id#22460,res_partner_id#22460,2
partner_tour_config#23515,res_partner_id#23515,res_partner_id#23515,2
partner_tour_config#22246,res_partner_id#22246,res_partner_id#22246,2
partner_tour_config#23938,res_partner_id#23938,res_partner_id#23938,2
partner_tour_config#23373,res_partner_id#23373,res_partner_id#23373,2
partner_tour_config#23039,res_partner_id#23039,res_partner_id#23039,2
partner_tour_config#23244,res_partner_id#23244,res_partner_id#23244,2
partner_tour_config#22926,res_partner_id#22926,res_partner_id#22926,2
partner_tour_config#23497,res_partner_id#23497,res_partner_id#23497,2
partner_tour_config#24652,res_partner_id#24652,res_partner_id#24652,2
partner_tour_config#22927,res_partner_id#22927,res_partner_id#22927,2
partner_tour_config#23467,res_partner_id#23467,res_partner_id#23467,2
partner_tour_config#20989,res_partner_id#20989,res_partner_id#20989,2
partner_tour_config#22426,res_partner_id#22426,res_partner_id#22426,2
partner_tour_config#24123,res_partner_id#24123,res_partner_id#24123,2
partner_tour_config#24402,res_partner_id#24402,res_partner_id#24402,2
partner_tour_config#23243,res_partner_id#23243,res_partner_id#23243,2
partner_tour_config#24110,res_partner_id#24110,res_partner_id#24110,2
partner_tour_config#24217,res_partner_id#24217,res_partner_id#24217,2
partner_tour_config#22709,res_partner_id#22709,res_partner_id#22709,2
partner_tour_config#22319,res_partner_id#22319,res_partner_id#22319,2
partner_tour_config#22708,res_partner_id#22708,res_partner_id#22708,2
partner_tour_config#22836,res_partner_id#22836,res_partner_id#22836,2
partner_tour_config#24753,res_partner_id#24753,res_partner_id#24753,2
partner_tour_config#22832,res_partner_id#22832,res_partner_id#22832,2
partner_tour_config#24796,res_partner_id#24796,res_partner_id#24796,2
partner_tour_config#22689,res_partner_id#22689,res_partner_id#22689,2
partner_tour_config#23215,res_partner_id#23215,res_partner_id#23215,2
partner_tour_config#22688,res_partner_id#22688,res_partner_id#22688,2
partner_tour_config#23086,res_partner_id#23086,res_partner_id#23086,2
partner_tour_config#23640,res_partner_id#23640,res_partner_id#23640,2
partner_tour_config#24932,res_partner_id#24932,res_partner_id#24932,2
partner_tour_config#24403,res_partner_id#24403,res_partner_id#24403,2
partner_tour_config#23246,res_partner_id#23246,res_partner_id#23246,2
partner_tour_config#23641,res_partner_id#23641,res_partner_id#23641,2
partner_tour_config#24153,res_partner_id#24153,res_partner_id#24153,2
partner_tour_config#23085,res_partner_id#23085,res_partner_id#23085,2
partner_tour_config#24231,res_partner_id#24231,res_partner_id#24231,2
partner_tour_config#22618,res_partner_id#22618,res_partner_id#22618,2
partner_tour_config#23088,res_partner_id#23088,res_partner_id#23088,2
partner_tour_config#24028,res_partner_id#24028,res_partner_id#24028,2
partner_tour_config#23186,res_partner_id#23186,res_partner_id#23186,2
partner_tour_config#23089,res_partner_id#23089,res_partner_id#23089,2
partner_tour_config#22476,res_partner_id#22476,res_partner_id#22476,2
partner_tour_config#24183,res_partner_id#24183,res_partner_id#24183,2
partner_tour_config#23374,res_partner_id#23374,res_partner_id#23374,2
partner_tour_config#23375,res_partner_id#23375,res_partner_id#23375,2
partner_tour_config#23077,res_partner_id#23077,res_partner_id#23077,2
partner_tour_config#17689,res_partner_id#17689,res_partner_id#17689,3
partner_tour_config#24250,res_partner_id#24250,res_partner_id#24250,2
partner_tour_config#828,res_partner_id#828,res_partner_id#828,3
partner_tour_config#22686,res_partner_id#22686,res_partner_id#22686,2
partner_tour_config#24483,res_partner_id#24483,res_partner_id#24483,2
partner_tour_config#22842,res_partner_id#22842,res_partner_id#22842,2
partner_tour_config#22960,res_partner_id#22960,res_partner_id#22960,2
partner_tour_config#22961,res_partner_id#22961,res_partner_id#22961,2
partner_tour_config#23167,res_partner_id#23167,res_partner_id#23167,2
partner_tour_config#23302,res_partner_id#23302,res_partner_id#23302,2
partner_tour_config#22843,res_partner_id#22843,res_partner_id#22843,2
partner_tour_config#22841,res_partner_id#22841,res_partner_id#22841,2
partner_tour_config#23376,res_partner_id#23376,res_partner_id#23376,2
partner_tour_config#23161,res_partner_id#23161,res_partner_id#23161,2
partner_tour_config#24202,res_partner_id#24202,res_partner_id#24202,2
partner_tour_config#23961,res_partner_id#23961,res_partner_id#23961,2
partner_tour_config#22958,res_partner_id#22958,res_partner_id#22958,2
partner_tour_config#24200,res_partner_id#24200,res_partner_id#24200,2
partner_tour_config#23367,res_partner_id#23367,res_partner_id#23367,2
partner_tour_config#24831,res_partner_id#24831,res_partner_id#24831,2
partner_tour_config#23914,res_partner_id#23914,res_partner_id#23914,2
partner_tour_config#327,res_partner_id#327,res_partner_id#327,3
partner_tour_config#24405,res_partner_id#24405,res_partner_id#24405,2
partner_tour_config#22761,res_partner_id#22761,res_partner_id#22761,2
partner_tour_config#23078,res_partner_id#23078,res_partner_id#23078,2
partner_tour_config#24622,res_partner_id#24622,res_partner_id#24622,2
partner_tour_config#23946,res_partner_id#23946,res_partner_id#23946,2
partner_tour_config#22845,res_partner_id#22845,res_partner_id#22845,2
partner_tour_config#24406,res_partner_id#24406,res_partner_id#24406,2
partner_tour_config#23558,res_partner_id#23558,res_partner_id#23558,2
partner_tour_config#24484,res_partner_id#24484,res_partner_id#24484,2
partner_tour_config#24124,res_partner_id#24124,res_partner_id#24124,2
partner_tour_config#23379,res_partner_id#23379,res_partner_id#23379,2
partner_tour_config#23912,res_partner_id#23912,res_partner_id#23912,2
partner_tour_config#24314,res_partner_id#24314,res_partner_id#24314,2
partner_tour_config#24218,res_partner_id#24218,res_partner_id#24218,2
partner_tour_config#23498,res_partner_id#23498,res_partner_id#23498,2
partner_tour_config#24313,res_partner_id#24313,res_partner_id#24313,2
partner_tour_config#23048,res_partner_id#23048,res_partner_id#23048,2
partner_tour_config#24623,res_partner_id#24623,res_partner_id#24623,2
partner_tour_config#22642,res_partner_id#22642,res_partner_id#22642,2
partner_tour_config#24842,res_partner_id#24842,res_partner_id#24842,2
partner_tour_config#22944,res_partner_id#22944,res_partner_id#22944,2
partner_tour_config#22712,res_partner_id#22712,res_partner_id#22712,2
partner_tour_config#24843,res_partner_id#24843,res_partner_id#24843,2
partner_tour_config#23559,res_partner_id#23559,res_partner_id#23559,2
partner_tour_config#17220,res_partner_id#17220,res_partner_id#17220,2
partner_tour_config#24219,res_partner_id#24219,res_partner_id#24219,2
partner_tour_config#24407,res_partner_id#24407,res_partner_id#24407,2
partner_tour_config#24089,res_partner_id#24089,res_partner_id#24089,2
partner_tour_config#23030,res_partner_id#23030,res_partner_id#23030,2
partner_tour_config#24016,res_partner_id#24016,res_partner_id#24016,2
partner_tour_config#22495,res_partner_id#22495,res_partner_id#22495,2
partner_tour_config#24665,res_partner_id#24665,res_partner_id#24665,2
partner_tour_config#23247,res_partner_id#23247,res_partner_id#23247,2
partner_tour_config#22711,res_partner_id#22711,res_partner_id#22711,2
partner_tour_config#24568,res_partner_id#24568,res_partner_id#24568,2
partner_tour_config#22717,res_partner_id#22717,res_partner_id#22717,2
partner_tour_config#22713,res_partner_id#22713,res_partner_id#22713,2
partner_tour_config#22721,res_partner_id#22721,res_partner_id#22721,2
partner_tour_config#22724,res_partner_id#22724,res_partner_id#22724,2
partner_tour_config#20592,res_partner_id#20592,res_partner_id#20592,2
partner_tour_config#22962,res_partner_id#22962,res_partner_id#22962,2
partner_tour_config#3922,res_partner_id#3922,res_partner_id#3922,3
partner_tour_config#24220,res_partner_id#24220,res_partner_id#24220,2
partner_tour_config#23248,res_partner_id#23248,res_partner_id#23248,2
partner_tour_config#1181,res_partner_id#1181,res_partner_id#1181,3
partner_tour_config#23500,res_partner_id#23500,res_partner_id#23500,2
partner_tour_config#22726,res_partner_id#22726,res_partner_id#22726,2
partner_tour_config#23619,res_partner_id#23619,res_partner_id#23619,2
partner_tour_config#22733,res_partner_id#22733,res_partner_id#22733,2
partner_tour_config#22494,res_partner_id#22494,res_partner_id#22494,2
partner_tour_config#22731,res_partner_id#22731,res_partner_id#22731,2
partner_tour_config#24408,res_partner_id#24408,res_partner_id#24408,2
partner_tour_config#22722,res_partner_id#22722,res_partner_id#22722,2
partner_tour_config#22728,res_partner_id#22728,res_partner_id#22728,2
partner_tour_config#22725,res_partner_id#22725,res_partner_id#22725,2
partner_tour_config#22720,res_partner_id#22720,res_partner_id#22720,2
partner_tour_config#15937,res_partner_id#15937,res_partner_id#15937,3
partner_tour_config#24624,res_partner_id#24624,res_partner_id#24624,2
partner_tour_config#24625,res_partner_id#24625,res_partner_id#24625,2
partner_tour_config#22853,res_partner_id#22853,res_partner_id#22853,2
partner_tour_config#24845,res_partner_id#24845,res_partner_id#24845,2
partner_tour_config#22852,res_partner_id#22852,res_partner_id#22852,2
partner_tour_config#22965,res_partner_id#22965,res_partner_id#22965,2
partner_tour_config#24203,res_partner_id#24203,res_partner_id#24203,2
partner_tour_config#22735,res_partner_id#22735,res_partner_id#22735,2
partner_tour_config#23170,res_partner_id#23170,res_partner_id#23170,2
partner_tour_config#24469,res_partner_id#24469,res_partner_id#24469,2
partner_tour_config#24112,res_partner_id#24112,res_partner_id#24112,2
partner_tour_config#22804,res_partner_id#22804,res_partner_id#22804,2
partner_tour_config#24276,res_partner_id#24276,res_partner_id#24276,2
partner_tour_config#22857,res_partner_id#22857,res_partner_id#22857,2
partner_tour_config#22968,res_partner_id#22968,res_partner_id#22968,2
partner_tour_config#22850,res_partner_id#22850,res_partner_id#22850,2
partner_tour_config#22851,res_partner_id#22851,res_partner_id#22851,2
partner_tour_config#22966,res_partner_id#22966,res_partner_id#22966,2
partner_tour_config#22854,res_partner_id#22854,res_partner_id#22854,2
partner_tour_config#24569,res_partner_id#24569,res_partner_id#24569,2
partner_tour_config#24186,res_partner_id#24186,res_partner_id#24186,2
partner_tour_config#23916,res_partner_id#23916,res_partner_id#23916,2
partner_tour_config#23381,res_partner_id#23381,res_partner_id#23381,2
partner_tour_config#24709,res_partner_id#24709,res_partner_id#24709,2
partner_tour_config#24570,res_partner_id#24570,res_partner_id#24570,2
partner_tour_config#22975,res_partner_id#22975,res_partner_id#22975,2
partner_tour_config#23543,res_partner_id#23543,res_partner_id#23543,2
partner_tour_config#23915,res_partner_id#23915,res_partner_id#23915,2
partner_tour_config#23188,res_partner_id#23188,res_partner_id#23188,2
partner_tour_config#23714,res_partner_id#23714,res_partner_id#23714,2
partner_tour_config#24189,res_partner_id#24189,res_partner_id#24189,2
partner_tour_config#22977,res_partner_id#22977,res_partner_id#22977,2
partner_tour_config#22978,res_partner_id#22978,res_partner_id#22978,2
partner_tour_config#23948,res_partner_id#23948,res_partner_id#23948,2
partner_tour_config#15123,res_partner_id#15123,res_partner_id#15123,3
partner_tour_config#23190,res_partner_id#23190,res_partner_id#23190,2
partner_tour_config#22969,res_partner_id#22969,res_partner_id#22969,2
partner_tour_config#24138,res_partner_id#24138,res_partner_id#24138,2
partner_tour_config#22972,res_partner_id#22972,res_partner_id#22972,2
partner_tour_config#22532,res_partner_id#22532,res_partner_id#22532,2
partner_tour_config#22748,res_partner_id#22748,res_partner_id#22748,2
partner_tour_config#22976,res_partner_id#22976,res_partner_id#22976,2
partner_tour_config#22794,res_partner_id#22794,res_partner_id#22794,2
partner_tour_config#22164,res_partner_id#22164,res_partner_id#22164,2
partner_tour_config#24013,res_partner_id#24013,res_partner_id#24013,2
partner_tour_config#10136,res_partner_id#10136,res_partner_id#10136,3
partner_tour_config#10792,res_partner_id#10792,res_partner_id#10792,3
partner_tour_config#23211,res_partner_id#23211,res_partner_id#23211,2
partner_tour_config#24409,res_partner_id#24409,res_partner_id#24409,2
partner_tour_config#23949,res_partner_id#23949,res_partner_id#23949,2
partner_tour_config#22860,res_partner_id#22860,res_partner_id#22860,2
partner_tour_config#22981,res_partner_id#22981,res_partner_id#22981,2
partner_tour_config#24293,res_partner_id#24293,res_partner_id#24293,2
partner_tour_config#22796,res_partner_id#22796,res_partner_id#22796,2
partner_tour_config#24326,res_partner_id#24326,res_partner_id#24326,2
partner_tour_config#22163,res_partner_id#22163,res_partner_id#22163,2
partner_tour_config#24588,res_partner_id#24588,res_partner_id#24588,2
partner_tour_config#16864,res_partner_id#16864,res_partner_id#16864,3
partner_tour_config#23182,res_partner_id#23182,res_partner_id#23182,2
partner_tour_config#24511,res_partner_id#24511,res_partner_id#24511,2
partner_tour_config#23250,res_partner_id#23250,res_partner_id#23250,2
partner_tour_config#23930,res_partner_id#23930,res_partner_id#23930,2
partner_tour_config#24207,res_partner_id#24207,res_partner_id#24207,2
partner_tour_config#24252,res_partner_id#24252,res_partner_id#24252,2
partner_tour_config#7138,res_partner_id#7138,res_partner_id#7138,3
partner_tour_config#21661,res_partner_id#21661,res_partner_id#21661,2
partner_tour_config#22840,res_partner_id#22840,res_partner_id#22840,2
partner_tour_config#7126,res_partner_id#7126,res_partner_id#7126,3
partner_tour_config#23251,res_partner_id#23251,res_partner_id#23251,2
partner_tour_config#22590,res_partner_id#22590,res_partner_id#22590,2
partner_tour_config#23183,res_partner_id#23183,res_partner_id#23183,2
partner_tour_config#22284,res_partner_id#22284,res_partner_id#22284,2
partner_tour_config#23181,res_partner_id#23181,res_partner_id#23181,2
partner_tour_config#24572,res_partner_id#24572,res_partner_id#24572,2
partner_tour_config#23194,res_partner_id#23194,res_partner_id#23194,2
partner_tour_config#24542,res_partner_id#24542,res_partner_id#24542,2
partner_tour_config#24280,res_partner_id#24280,res_partner_id#24280,2
partner_tour_config#24251,res_partner_id#24251,res_partner_id#24251,2
partner_tour_config#23253,res_partner_id#23253,res_partner_id#23253,2
partner_tour_config#23252,res_partner_id#23252,res_partner_id#23252,2
partner_tour_config#24862,res_partner_id#24862,res_partner_id#24862,2
partner_tour_config#24756,res_partner_id#24756,res_partner_id#24756,2
partner_tour_config#24473,res_partner_id#24473,res_partner_id#24473,2
partner_tour_config#22606,res_partner_id#22606,res_partner_id#22606,2
partner_tour_config#5712,res_partner_id#5712,res_partner_id#5712,3
partner_tour_config#1183,res_partner_id#1183,res_partner_id#1183,2
partner_tour_config#24589,res_partner_id#24589,res_partner_id#24589,2
partner_tour_config#22989,res_partner_id#22989,res_partner_id#22989,2
partner_tour_config#24900,res_partner_id#24900,res_partner_id#24900,2
partner_tour_config#23769,res_partner_id#23769,res_partner_id#23769,2
partner_tour_config#24668,res_partner_id#24668,res_partner_id#24668,2
partner_tour_config#23255,res_partner_id#23255,res_partner_id#23255,2
partner_tour_config#18489,res_partner_id#18489,res_partner_id#18489,2
partner_tour_config#22166,res_partner_id#22166,res_partner_id#22166,2
partner_tour_config#23005,res_partner_id#23005,res_partner_id#23005,2
partner_tour_config#24670,res_partner_id#24670,res_partner_id#24670,2
partner_tour_config#24590,res_partner_id#24590,res_partner_id#24590,2
partner_tour_config#23199,res_partner_id#23199,res_partner_id#23199,2
partner_tour_config#23254,res_partner_id#23254,res_partner_id#23254,2
partner_tour_config#23918,res_partner_id#23918,res_partner_id#23918,2
partner_tour_config#24863,res_partner_id#24863,res_partner_id#24863,2
partner_tour_config#23047,res_partner_id#23047,res_partner_id#23047,2
partner_tour_config#24671,res_partner_id#24671,res_partner_id#24671,2
partner_tour_config#23503,res_partner_id#23503,res_partner_id#23503,2
partner_tour_config#22925,res_partner_id#22925,res_partner_id#22925,2
partner_tour_config#409,res_partner_id#409,res_partner_id#409,3
partner_tour_config#23920,res_partner_id#23920,res_partner_id#23920,2
partner_tour_config#23259,res_partner_id#23259,res_partner_id#23259,2
partner_tour_config#24673,res_partner_id#24673,res_partner_id#24673,2
partner_tour_config#18258,res_partner_id#18258,res_partner_id#18258,3
partner_tour_config#23258,res_partner_id#23258,res_partner_id#23258,2
partner_tour_config#23203,res_partner_id#23203,res_partner_id#23203,2
partner_tour_config#24317,res_partner_id#24317,res_partner_id#24317,2
partner_tour_config#24545,res_partner_id#24545,res_partner_id#24545,2
partner_tour_config#23201,res_partner_id#23201,res_partner_id#23201,2
partner_tour_config#22334,res_partner_id#22334,res_partner_id#22334,2
partner_tour_config#23202,res_partner_id#23202,res_partner_id#23202,2
partner_tour_config#23257,res_partner_id#23257,res_partner_id#23257,2
partner_tour_config#24114,res_partner_id#24114,res_partner_id#24114,2
partner_tour_config#24672,res_partner_id#24672,res_partner_id#24672,2
partner_tour_config#670,res_partner_id#670,res_partner_id#670,3
partner_tour_config#23060,res_partner_id#23060,res_partner_id#23060,2
partner_tour_config#24758,res_partner_id#24758,res_partner_id#24758,2
partner_tour_config#23263,res_partner_id#23263,res_partner_id#23263,2
partner_tour_config#22698,res_partner_id#22698,res_partner_id#22698,2
partner_tour_config#21338,res_partner_id#21338,res_partner_id#21338,2
partner_tour_config#22784,res_partner_id#22784,res_partner_id#22784,2
partner_tour_config#23931,res_partner_id#23931,res_partner_id#23931,2
partner_tour_config#22885,res_partner_id#22885,res_partner_id#22885,2
partner_tour_config#23055,res_partner_id#23055,res_partner_id#23055,2
partner_tour_config#23262,res_partner_id#23262,res_partner_id#23262,2
partner_tour_config#23264,res_partner_id#23264,res_partner_id#23264,2
partner_tour_config#23218,res_partner_id#23218,res_partner_id#23218,2
partner_tour_config#23053,res_partner_id#23053,res_partner_id#23053,2
partner_tour_config#24244,res_partner_id#24244,res_partner_id#24244,2
partner_tour_config#24031,res_partner_id#24031,res_partner_id#24031,2
partner_tour_config#24281,res_partner_id#24281,res_partner_id#24281,2
partner_tour_config#24782,res_partner_id#24782,res_partner_id#24782,2
partner_tour_config#24797,res_partner_id#24797,res_partner_id#24797,2
partner_tour_config#22886,res_partner_id#22886,res_partner_id#22886,2
partner_tour_config#23054,res_partner_id#23054,res_partner_id#23054,2
partner_tour_config#23056,res_partner_id#23056,res_partner_id#23056,2
partner_tour_config#22802,res_partner_id#22802,res_partner_id#22802,2
partner_tour_config#24864,res_partner_id#24864,res_partner_id#24864,2
partner_tour_config#23880,res_partner_id#23880,res_partner_id#23880,2
partner_tour_config#24866,res_partner_id#24866,res_partner_id#24866,2
partner_tour_config#22627,res_partner_id#22627,res_partner_id#22627,2
partner_tour_config#23622,res_partner_id#23622,res_partner_id#23622,2
partner_tour_config#21257,res_partner_id#21257,res_partner_id#21257,2
partner_tour_config#24759,res_partner_id#24759,res_partner_id#24759,2
partner_tour_config#186,res_partner_id#186,res_partner_id#186,4
partner_tour_config#23065,res_partner_id#23065,res_partner_id#23065,2
partner_tour_config#23907,res_partner_id#23907,res_partner_id#23907,2
partner_tour_config#24253,res_partner_id#24253,res_partner_id#24253,2
partner_tour_config#18942,res_partner_id#18942,res_partner_id#18942,2
partner_tour_config#24282,res_partner_id#24282,res_partner_id#24282,2
partner_tour_config#23265,res_partner_id#23265,res_partner_id#23265,2
partner_tour_config#23062,res_partner_id#23062,res_partner_id#23062,2
partner_tour_config#23266,res_partner_id#23266,res_partner_id#23266,2
partner_tour_config#23275,res_partner_id#23275,res_partner_id#23275,2
partner_tour_config#23064,res_partner_id#23064,res_partner_id#23064,2
partner_tour_config#23879,res_partner_id#23879,res_partner_id#23879,2
partner_tour_config#24245,res_partner_id#24245,res_partner_id#24245,2
partner_tour_config#24306,res_partner_id#24306,res_partner_id#24306,2
partner_tour_config#840,res_partner_id#840,res_partner_id#840,3
partner_tour_config#23225,res_partner_id#23225,res_partner_id#23225,2
partner_tour_config#24760,res_partner_id#24760,res_partner_id#24760,2
partner_tour_config#23221,res_partner_id#23221,res_partner_id#23221,2
partner_tour_config#5727,res_partner_id#5727,res_partner_id#5727,2
partner_tour_config#24875,res_partner_id#24875,res_partner_id#24875,2
partner_tour_config#23981,res_partner_id#23981,res_partner_id#23981,2
partner_tour_config#21859,res_partner_id#21859,res_partner_id#21859,2
partner_tour_config#23421,res_partner_id#23421,res_partner_id#23421,2
partner_tour_config#23718,res_partner_id#23718,res_partner_id#23718,2
partner_tour_config#23423,res_partner_id#23423,res_partner_id#23423,2
partner_tour_config#23791,res_partner_id#23791,res_partner_id#23791,2
partner_tour_config#23717,res_partner_id#23717,res_partner_id#23717,2
partner_tour_config#22456,res_partner_id#22456,res_partner_id#22456,2
partner_tour_config#24246,res_partner_id#24246,res_partner_id#24246,2
partner_tour_config#23425,res_partner_id#23425,res_partner_id#23425,2
partner_tour_config#23424,res_partner_id#23424,res_partner_id#23424,2
partner_tour_config#23041,res_partner_id#23041,res_partner_id#23041,2
partner_tour_config#9525,res_partner_id#9525,res_partner_id#9525,2
partner_tour_config#23922,res_partner_id#23922,res_partner_id#23922,2
partner_tour_config#22096,res_partner_id#22096,res_partner_id#22096,2
partner_tour_config#24676,res_partner_id#24676,res_partner_id#24676,2
partner_tour_config#22790,res_partner_id#22790,res_partner_id#22790,2
partner_tour_config#23279,res_partner_id#23279,res_partner_id#23279,2
partner_tour_config#23280,res_partner_id#23280,res_partner_id#23280,2
partner_tour_config#24327,res_partner_id#24327,res_partner_id#24327,2
partner_tour_config#23278,res_partner_id#23278,res_partner_id#23278,2
partner_tour_config#23336,res_partner_id#23336,res_partner_id#23336,2
partner_tour_config#22848,res_partner_id#22848,res_partner_id#22848,2
partner_tour_config#23772,res_partner_id#23772,res_partner_id#23772,2
partner_tour_config#23773,res_partner_id#23773,res_partner_id#23773,2
partner_tour_config#24255,res_partner_id#24255,res_partner_id#24255,2
partner_tour_config#24418,res_partner_id#24418,res_partner_id#24418,2
partner_tour_config#23719,res_partner_id#23719,res_partner_id#23719,2
partner_tour_config#24234,res_partner_id#24234,res_partner_id#24234,2
partner_tour_config#24332,res_partner_id#24332,res_partner_id#24332,2
partner_tour_config#24296,res_partner_id#24296,res_partner_id#24296,2
partner_tour_config#24674,res_partner_id#24674,res_partner_id#24674,2
partner_tour_config#8838,res_partner_id#8838,res_partner_id#8838,3
partner_tour_config#24680,res_partner_id#24680,res_partner_id#24680,2
partner_tour_config#20653,res_partner_id#20653,res_partner_id#20653,2
partner_tour_config#23720,res_partner_id#23720,res_partner_id#23720,2
partner_tour_config#23546,res_partner_id#23546,res_partner_id#23546,2
partner_tour_config#24799,res_partner_id#24799,res_partner_id#24799,2
partner_tour_config#24470,res_partner_id#24470,res_partner_id#24470,2
partner_tour_config#20747,res_partner_id#20747,res_partner_id#20747,3
partner_tour_config#23721,res_partner_id#23721,res_partner_id#23721,2
partner_tour_config#22934,res_partner_id#22934,res_partner_id#22934,2
partner_tour_config#23878,res_partner_id#23878,res_partner_id#23878,2
partner_tour_config#24256,res_partner_id#24256,res_partner_id#24256,2
partner_tour_config#22935,res_partner_id#22935,res_partner_id#22935,2
partner_tour_config#23934,res_partner_id#23934,res_partner_id#23934,2
partner_tour_config#22936,res_partner_id#22936,res_partner_id#22936,2
partner_tour_config#24454,res_partner_id#24454,res_partner_id#24454,2
partner_tour_config#24308,res_partner_id#24308,res_partner_id#24308,2
partner_tour_config#22938,res_partner_id#22938,res_partner_id#22938,2
partner_tour_config#23545,res_partner_id#23545,res_partner_id#23545,2
partner_tour_config#22004,res_partner_id#22004,res_partner_id#22004,2
partner_tour_config#22283,res_partner_id#22283,res_partner_id#22283,2
partner_tour_config#695,res_partner_id#695,res_partner_id#695,2
partner_tour_config#23792,res_partner_id#23792,res_partner_id#23792,2
partner_tour_config#23984,res_partner_id#23984,res_partner_id#23984,2
partner_tour_config#24435,res_partner_id#24435,res_partner_id#24435,2
partner_tour_config#23757,res_partner_id#23757,res_partner_id#23757,2
partner_tour_config#24237,res_partner_id#24237,res_partner_id#24237,2
partner_tour_config#23548,res_partner_id#23548,res_partner_id#23548,2
partner_tour_config#24971,res_partner_id#24971,res_partner_id#24971,2
partner_tour_config#23977,res_partner_id#23977,res_partner_id#23977,2
partner_tour_config#23334,res_partner_id#23334,res_partner_id#23334,2
partner_tour_config#23793,res_partner_id#23793,res_partner_id#23793,2
partner_tour_config#23642,res_partner_id#23642,res_partner_id#23642,2
partner_tour_config#23764,res_partner_id#23764,res_partner_id#23764,2
partner_tour_config#24238,res_partner_id#24238,res_partner_id#24238,2
partner_tour_config#23952,res_partner_id#23952,res_partner_id#23952,2
partner_tour_config#24861,res_partner_id#24861,res_partner_id#24861,2
partner_tour_config#22221,res_partner_id#22221,res_partner_id#22221,2
partner_tour_config#22675,res_partner_id#22675,res_partner_id#22675,2
partner_tour_config#22417,res_partner_id#22417,res_partner_id#22417,2
partner_tour_config#23978,res_partner_id#23978,res_partner_id#23978,2
partner_tour_config#22462,res_partner_id#22462,res_partner_id#22462,2
partner_tour_config#24737,res_partner_id#24737,res_partner_id#24737,2
partner_tour_config#23979,res_partner_id#23979,res_partner_id#23979,2
partner_tour_config#23697,res_partner_id#23697,res_partner_id#23697,2
partner_tour_config#21003,res_partner_id#21003,res_partner_id#21003,2
partner_tour_config#24462,res_partner_id#24462,res_partner_id#24462,2
partner_tour_config#23584,res_partner_id#23584,res_partner_id#23584,2
partner_tour_config#14405,res_partner_id#14405,res_partner_id#14405,5
partner_tour_config#23476,res_partner_id#23476,res_partner_id#23476,2
partner_tour_config#20033,res_partner_id#20033,res_partner_id#20033,2
partner_tour_config#23726,res_partner_id#23726,res_partner_id#23726,2
partner_tour_config#23385,res_partner_id#23385,res_partner_id#23385,2
partner_tour_config#24033,res_partner_id#24033,res_partner_id#24033,2
partner_tour_config#23723,res_partner_id#23723,res_partner_id#23723,2
partner_tour_config#22988,res_partner_id#22988,res_partner_id#22988,2
partner_tour_config#24471,res_partner_id#24471,res_partner_id#24471,2
partner_tour_config#24455,res_partner_id#24455,res_partner_id#24455,2
partner_tour_config#24239,res_partner_id#24239,res_partner_id#24239,2
partner_tour_config#24456,res_partner_id#24456,res_partner_id#24456,2
partner_tour_config#23724,res_partner_id#23724,res_partner_id#23724,2
partner_tour_config#24520,res_partner_id#24520,res_partner_id#24520,2
partner_tour_config#23725,res_partner_id#23725,res_partner_id#23725,2
partner_tour_config#23586,res_partner_id#23586,res_partner_id#23586,2
partner_tour_config#24034,res_partner_id#24034,res_partner_id#24034,2
partner_tour_config#24092,res_partner_id#24092,res_partner_id#24092,2
partner_tour_config#24091,res_partner_id#24091,res_partner_id#24091,2
partner_tour_config#288,res_partner_id#288,res_partner_id#288,3
partner_tour_config#24547,res_partner_id#24547,res_partner_id#24547,2
partner_tour_config#23108,res_partner_id#23108,res_partner_id#23108,2
partner_tour_config#23733,res_partner_id#23733,res_partner_id#23733,2
partner_tour_config#23098,res_partner_id#23098,res_partner_id#23098,2
partner_tour_config#22463,res_partner_id#22463,res_partner_id#22463,2
partner_tour_config#24685,res_partner_id#24685,res_partner_id#24685,2
partner_tour_config#23701,res_partner_id#23701,res_partner_id#23701,2
partner_tour_config#24762,res_partner_id#24762,res_partner_id#24762,2
partner_tour_config#23104,res_partner_id#23104,res_partner_id#23104,2
partner_tour_config#23702,res_partner_id#23702,res_partner_id#23702,2
partner_tour_config#23344,res_partner_id#23344,res_partner_id#23344,2
partner_tour_config#24849,res_partner_id#24849,res_partner_id#24849,2
partner_tour_config#22983,res_partner_id#22983,res_partner_id#22983,2
partner_tour_config#24240,res_partner_id#24240,res_partner_id#24240,2
partner_tour_config#23093,res_partner_id#23093,res_partner_id#23093,2
partner_tour_config#23550,res_partner_id#23550,res_partner_id#23550,2
partner_tour_config#23100,res_partner_id#23100,res_partner_id#23100,2
partner_tour_config#23552,res_partner_id#23552,res_partner_id#23552,2
partner_tour_config#23664,res_partner_id#23664,res_partner_id#23664,2
partner_tour_config#24461,res_partner_id#24461,res_partner_id#24461,2
partner_tour_config#23107,res_partner_id#23107,res_partner_id#23107,2
partner_tour_config#23982,res_partner_id#23982,res_partner_id#23982,2
partner_tour_config#24285,res_partner_id#24285,res_partner_id#24285,2
partner_tour_config#23551,res_partner_id#23551,res_partner_id#23551,2
partner_tour_config#22669,res_partner_id#22669,res_partner_id#22669,2
partner_tour_config#24421,res_partner_id#24421,res_partner_id#24421,2
partner_tour_config#24764,res_partner_id#24764,res_partner_id#24764,2
partner_tour_config#22162,res_partner_id#22162,res_partner_id#22162,2
partner_tour_config#23727,res_partner_id#23727,res_partner_id#23727,2
partner_tour_config#188,res_partner_id#188,res_partner_id#188,3
partner_tour_config#24095,res_partner_id#24095,res_partner_id#24095,2
partner_tour_config#22175,res_partner_id#22175,res_partner_id#22175,2
partner_tour_config#23348,res_partner_id#23348,res_partner_id#23348,2
partner_tour_config#22005,res_partner_id#22005,res_partner_id#22005,2
partner_tour_config#316,res_partner_id#316,res_partner_id#316,3
partner_tour_config#23795,res_partner_id#23795,res_partner_id#23795,2
partner_tour_config#23343,res_partner_id#23343,res_partner_id#23343,2
partner_tour_config#24422,res_partner_id#24422,res_partner_id#24422,2
partner_tour_config#24512,res_partner_id#24512,res_partner_id#24512,2
partner_tour_config#23337,res_partner_id#23337,res_partner_id#23337,2
partner_tour_config#23338,res_partner_id#23338,res_partner_id#23338,2
partner_tour_config#23339,res_partner_id#23339,res_partner_id#23339,2
partner_tour_config#23794,res_partner_id#23794,res_partner_id#23794,2
partner_tour_config#23341,res_partner_id#23341,res_partner_id#23341,2
partner_tour_config#23349,res_partner_id#23349,res_partner_id#23349,2
partner_tour_config#23345,res_partner_id#23345,res_partner_id#23345,2
partner_tour_config#12100,res_partner_id#12100,res_partner_id#12100,3
partner_tour_config#23705,res_partner_id#23705,res_partner_id#23705,2
partner_tour_config#23115,res_partner_id#23115,res_partner_id#23115,2
partner_tour_config#23775,res_partner_id#23775,res_partner_id#23775,2
partner_tour_config#24446,res_partner_id#24446,res_partner_id#24446,2
partner_tour_config#23877,res_partner_id#23877,res_partner_id#23877,3
partner_tour_config#22877,res_partner_id#22877,res_partner_id#22877,3
partner_tour_config#23277,res_partner_id#23277,res_partner_id#23277,2
partner_tour_config#24627,res_partner_id#24627,res_partner_id#24627,2
partner_tour_config#23117,res_partner_id#23117,res_partner_id#23117,2
partner_tour_config#23118,res_partner_id#23118,res_partner_id#23118,2
partner_tour_config#23595,res_partner_id#23595,res_partner_id#23595,2
partner_tour_config#23114,res_partner_id#23114,res_partner_id#23114,2
partner_tour_config#22550,res_partner_id#22550,res_partner_id#22550,2
partner_tour_config#23704,res_partner_id#23704,res_partner_id#23704,2
partner_tour_config#22318,res_partner_id#22318,res_partner_id#22318,2
partner_tour_config#23796,res_partner_id#23796,res_partner_id#23796,2
partner_tour_config#22604,res_partner_id#22604,res_partner_id#22604,2
partner_tour_config#24287,res_partner_id#24287,res_partner_id#24287,2
partner_tour_config#24297,res_partner_id#24297,res_partner_id#24297,2
partner_tour_config#20979,res_partner_id#20979,res_partner_id#20979,2
partner_tour_config#24728,res_partner_id#24728,res_partner_id#24728,2
partner_tour_config#23797,res_partner_id#23797,res_partner_id#23797,2
partner_tour_config#23352,res_partner_id#23352,res_partner_id#23352,2
partner_tour_config#23360,res_partner_id#23360,res_partner_id#23360,2
partner_tour_config#23442,res_partner_id#23442,res_partner_id#23442,2
partner_tour_config#23069,res_partner_id#23069,res_partner_id#23069,2
partner_tour_config#17342,res_partner_id#17342,res_partner_id#17342,3
partner_tour_config#3923,res_partner_id#3923,res_partner_id#3923,3
partner_tour_config#24508,res_partner_id#24508,res_partner_id#24508,2
partner_tour_config#23441,res_partner_id#23441,res_partner_id#23441,2
partner_tour_config#1453,res_partner_id#1453,res_partner_id#1453,2
partner_tour_config#22165,res_partner_id#22165,res_partner_id#22165,2
partner_tour_config#22929,res_partner_id#22929,res_partner_id#22929,2
partner_tour_config#23355,res_partner_id#23355,res_partner_id#23355,2
partner_tour_config#23440,res_partner_id#23440,res_partner_id#23440,2
partner_tour_config#23359,res_partner_id#23359,res_partner_id#23359,2
partner_tour_config#22241,res_partner_id#22241,res_partner_id#22241,2
partner_tour_config#23438,res_partner_id#23438,res_partner_id#23438,2
partner_tour_config#23358,res_partner_id#23358,res_partner_id#23358,2
partner_tour_config#23361,res_partner_id#23361,res_partner_id#23361,2
partner_tour_config#24771,res_partner_id#24771,res_partner_id#24771,2
partner_tour_config#24628,res_partner_id#24628,res_partner_id#24628,2
partner_tour_config#528,res_partner_id#528,res_partner_id#528,3
partner_tour_config#23776,res_partner_id#23776,res_partner_id#23776,2
partner_tour_config#23447,res_partner_id#23447,res_partner_id#23447,2
partner_tour_config#23446,res_partner_id#23446,res_partner_id#23446,2
partner_tour_config#24648,res_partner_id#24648,res_partner_id#24648,2
partner_tour_config#23444,res_partner_id#23444,res_partner_id#23444,2
partner_tour_config#22220,res_partner_id#22220,res_partner_id#22220,2
partner_tour_config#23443,res_partner_id#23443,res_partner_id#23443,2
partner_tour_config#24423,res_partner_id#24423,res_partner_id#24423,2
partner_tour_config#24522,res_partner_id#24522,res_partner_id#24522,2
partner_tour_config#23826,res_partner_id#23826,res_partner_id#23826,2
partner_tour_config#24288,res_partner_id#24288,res_partner_id#24288,2
partner_tour_config#24359,res_partner_id#24359,res_partner_id#24359,2
partner_tour_config#24729,res_partner_id#24729,res_partner_id#24729,2
partner_tour_config#23778,res_partner_id#23778,res_partner_id#23778,2
partner_tour_config#24424,res_partner_id#24424,res_partner_id#24424,2
partner_tour_config#23799,res_partner_id#23799,res_partner_id#23799,2
partner_tour_config#23445,res_partner_id#23445,res_partner_id#23445,2
partner_tour_config#23448,res_partner_id#23448,res_partner_id#23448,2
partner_tour_config#23728,res_partner_id#23728,res_partner_id#23728,2
partner_tour_config#23798,res_partner_id#23798,res_partner_id#23798,2
partner_tour_config#22410,res_partner_id#22410,res_partner_id#22410,2
partner_tour_config#22940,res_partner_id#22940,res_partner_id#22940,2
partner_tour_config#24773,res_partner_id#24773,res_partner_id#24773,2
partner_tour_config#23688,res_partner_id#23688,res_partner_id#23688,2
partner_tour_config#24629,res_partner_id#24629,res_partner_id#24629,2
partner_tour_config#22805,res_partner_id#22805,res_partner_id#22805,2
partner_tour_config#3882,res_partner_id#3882,res_partner_id#3882,2
partner_tour_config#23789,res_partner_id#23789,res_partner_id#23789,2
partner_tour_config#23993,res_partner_id#23993,res_partner_id#23993,2
partner_tour_config#23382,res_partner_id#23382,res_partner_id#23382,2
partner_tour_config#24431,res_partner_id#24431,res_partner_id#24431,2
partner_tour_config#21857,res_partner_id#21857,res_partner_id#21857,2
partner_tour_config#23687,res_partner_id#23687,res_partner_id#23687,2
partner_tour_config#14297,res_partner_id#14297,res_partner_id#14297,5
partner_tour_config#20907,res_partner_id#20907,res_partner_id#20907,3
partner_tour_config#24592,res_partner_id#24592,res_partner_id#24592,2
partner_tour_config#1155,res_partner_id#1155,res_partner_id#1155,2
partner_tour_config#24715,res_partner_id#24715,res_partner_id#24715,2
partner_tour_config#24730,res_partner_id#24730,res_partner_id#24730,2
partner_tour_config#24098,res_partner_id#24098,res_partner_id#24098,2
partner_tour_config#22354,res_partner_id#22354,res_partner_id#22354,2
partner_tour_config#24425,res_partner_id#24425,res_partner_id#24425,2
partner_tour_config#24772,res_partner_id#24772,res_partner_id#24772,2
partner_tour_config#23781,res_partner_id#23781,res_partner_id#23781,2
partner_tour_config#24846,res_partner_id#24846,res_partner_id#24846,2
partner_tour_config#23177,res_partner_id#23177,res_partner_id#23177,2
partner_tour_config#23544,res_partner_id#23544,res_partner_id#23544,2
partner_tour_config#23482,res_partner_id#23482,res_partner_id#23482,2
partner_tour_config#13949,res_partner_id#13949,res_partner_id#13949,2
partner_tour_config#24774,res_partner_id#24774,res_partner_id#24774,2
partner_tour_config#24361,res_partner_id#24361,res_partner_id#24361,2
partner_tour_config#197,res_partner_id#197,res_partner_id#197,2
partner_tour_config#23196,res_partner_id#23196,res_partner_id#23196,2
partner_tour_config#8995,res_partner_id#8995,res_partner_id#8995,5
partner_tour_config#24121,res_partner_id#24121,res_partner_id#24121,2
partner_tour_config#23477,res_partner_id#23477,res_partner_id#23477,2
partner_tour_config#23479,res_partner_id#23479,res_partner_id#23479,2
partner_tour_config#23603,res_partner_id#23603,res_partner_id#23603,2
partner_tour_config#23197,res_partner_id#23197,res_partner_id#23197,2
partner_tour_config#22265,res_partner_id#22265,res_partner_id#22265,2
partner_tour_config#23481,res_partner_id#23481,res_partner_id#23481,2
partner_tour_config#23602,res_partner_id#23602,res_partner_id#23602,2
partner_tour_config#23478,res_partner_id#23478,res_partner_id#23478,2
partner_tour_config#23780,res_partner_id#23780,res_partner_id#23780,2
partner_tour_config#24775,res_partner_id#24775,res_partner_id#24775,2
partner_tour_config#23601,res_partner_id#23601,res_partner_id#23601,2
partner_tour_config#4786,res_partner_id#4786,res_partner_id#4786,5
partner_tour_config#24149,res_partner_id#24149,res_partner_id#24149,2
partner_tour_config#23231,res_partner_id#23231,res_partner_id#23231,3
partner_tour_config#24030,res_partner_id#24030,res_partner_id#24030,2
partner_tour_config#23996,res_partner_id#23996,res_partner_id#23996,2
partner_tour_config#23016,res_partner_id#23016,res_partner_id#23016,2
partner_tour_config#23176,res_partner_id#23176,res_partner_id#23176,2
partner_tour_config#24427,res_partner_id#24427,res_partner_id#24427,2
partner_tour_config#24118,res_partner_id#24118,res_partner_id#24118,2
partner_tour_config#24720,res_partner_id#24720,res_partner_id#24720,2
partner_tour_config#22579,res_partner_id#22579,res_partner_id#22579,2
partner_tour_config#23784,res_partner_id#23784,res_partner_id#23784,2
partner_tour_config#23706,res_partner_id#23706,res_partner_id#23706,2
partner_tour_config#23997,res_partner_id#23997,res_partner_id#23997,2
partner_tour_config#23783,res_partner_id#23783,res_partner_id#23783,2
partner_tour_config#24362,res_partner_id#24362,res_partner_id#24362,2
partner_tour_config#24595,res_partner_id#24595,res_partner_id#24595,2
partner_tour_config#24426,res_partner_id#24426,res_partner_id#24426,2
partner_tour_config#24721,res_partner_id#24721,res_partner_id#24721,2
partner_tour_config#17599,res_partner_id#17599,res_partner_id#17599,2
partner_tour_config#23299,res_partner_id#23299,res_partner_id#23299,2
partner_tour_config#24601,res_partner_id#24601,res_partner_id#24601,2
partner_tour_config#23483,res_partner_id#23483,res_partner_id#23483,2
partner_tour_config#24133,res_partner_id#24133,res_partner_id#24133,2
partner_tour_config#24565,res_partner_id#24565,res_partner_id#24565,2
partner_tour_config#23606,res_partner_id#23606,res_partner_id#23606,2
partner_tour_config#23838,res_partner_id#23838,res_partner_id#23838,2
partner_tour_config#24353,res_partner_id#24353,res_partner_id#24353,2
partner_tour_config#199,res_partner_id#199,res_partner_id#199,3
partner_tour_config#24597,res_partner_id#24597,res_partner_id#24597,2
partner_tour_config#23824,res_partner_id#23824,res_partner_id#23824,2
partner_tour_config#23037,res_partner_id#23037,res_partner_id#23037,2
partner_tour_config#458,res_partner_id#458,res_partner_id#458,3
partner_tour_config#22171,res_partner_id#22171,res_partner_id#22171,2
partner_tour_config#22001,res_partner_id#22001,res_partner_id#22001,2
partner_tour_config#23836,res_partner_id#23836,res_partner_id#23836,2
partner_tour_config#23485,res_partner_id#23485,res_partner_id#23485,2
partner_tour_config#22574,res_partner_id#22574,res_partner_id#22574,2
partner_tour_config#23837,res_partner_id#23837,res_partner_id#23837,2
partner_tour_config#21076,res_partner_id#21076,res_partner_id#21076,2
partner_tour_config#22215,res_partner_id#22215,res_partner_id#22215,2
partner_tour_config#23608,res_partner_id#23608,res_partner_id#23608,2
partner_tour_config#23609,res_partner_id#23609,res_partner_id#23609,2
partner_tour_config#23607,res_partner_id#23607,res_partner_id#23607,2
partner_tour_config#22170,res_partner_id#22170,res_partner_id#22170,2
partner_tour_config#23393,res_partner_id#23393,res_partner_id#23393,2
partner_tour_config#23610,res_partner_id#23610,res_partner_id#23610,2
partner_tour_config#376,res_partner_id#376,res_partner_id#376,5
partner_tour_config#24639,res_partner_id#24639,res_partner_id#24639,2
partner_tour_config#23301,res_partner_id#23301,res_partner_id#23301,2
partner_tour_config#24649,res_partner_id#24649,res_partner_id#24649,2
partner_tour_config#22458,res_partner_id#22458,res_partner_id#22458,2
partner_tour_config#23305,res_partner_id#23305,res_partner_id#23305,2
partner_tour_config#22890,res_partner_id#22890,res_partner_id#22890,2
partner_tour_config#23611,res_partner_id#23611,res_partner_id#23611,2
partner_tour_config#398,res_partner_id#398,res_partner_id#398,2
partner_tour_config#24785,res_partner_id#24785,res_partner_id#24785,2
partner_tour_config#14794,res_partner_id#14794,res_partner_id#14794,3
partner_tour_config#23574,res_partner_id#23574,res_partner_id#23574,2
partner_tour_config#1294,res_partner_id#1294,res_partner_id#1294,3
partner_tour_config#23571,res_partner_id#23571,res_partner_id#23571,2
partner_tour_config#24342,res_partner_id#24342,res_partner_id#24342,2
partner_tour_config#24710,res_partner_id#24710,res_partner_id#24710,2
partner_tour_config#24847,res_partner_id#24847,res_partner_id#24847,2
partner_tour_config#21610,res_partner_id#21610,res_partner_id#21610,2
partner_tour_config#22289,res_partner_id#22289,res_partner_id#22289,2
partner_tour_config#24848,res_partner_id#24848,res_partner_id#24848,2
partner_tour_config#24142,res_partner_id#24142,res_partner_id#24142,2
partner_tour_config#1575,res_partner_id#1575,res_partner_id#1575,2
partner_tour_config#23752,res_partner_id#23752,res_partner_id#23752,2
partner_tour_config#23572,res_partner_id#23572,res_partner_id#23572,2
partner_tour_config#24321,res_partner_id#24321,res_partner_id#24321,2
partner_tour_config#23469,res_partner_id#23469,res_partner_id#23469,2
partner_tour_config#23839,res_partner_id#23839,res_partner_id#23839,2
partner_tour_config#24341,res_partner_id#24341,res_partner_id#24341,2
partner_tour_config#23570,res_partner_id#23570,res_partner_id#23570,2
partner_tour_config#4420,res_partner_id#4420,res_partner_id#4420,2
partner_tour_config#23307,res_partner_id#23307,res_partner_id#23307,2
partner_tour_config#23365,res_partner_id#23365,res_partner_id#23365,2
partner_tour_config#332,res_partner_id#332,res_partner_id#332,3
partner_tour_config#23310,res_partner_id#23310,res_partner_id#23310,2
partner_tour_config#22667,res_partner_id#22667,res_partner_id#22667,2
partner_tour_config#22513,res_partner_id#22513,res_partner_id#22513,2
partner_tour_config#24077,res_partner_id#24077,res_partner_id#24077,2
partner_tour_config#23668,res_partner_id#23668,res_partner_id#23668,2
partner_tour_config#23313,res_partner_id#23313,res_partner_id#23313,2
partner_tour_config#22632,res_partner_id#22632,res_partner_id#22632,2
partner_tour_config#23308,res_partner_id#23308,res_partner_id#23308,2
partner_tour_config#23613,res_partner_id#23613,res_partner_id#23613,2
partner_tour_config#22970,res_partner_id#22970,res_partner_id#22970,2
partner_tour_config#23317,res_partner_id#23317,res_partner_id#23317,2
partner_tour_config#23841,res_partner_id#23841,res_partner_id#23841,2
partner_tour_config#24850,res_partner_id#24850,res_partner_id#24850,2
partner_tour_config#22575,res_partner_id#22575,res_partner_id#22575,2
partner_tour_config#24100,res_partner_id#24100,res_partner_id#24100,2
partner_tour_config#23311,res_partner_id#23311,res_partner_id#23311,2
partner_tour_config#23309,res_partner_id#23309,res_partner_id#23309,2
partner_tour_config#23990,res_partner_id#23990,res_partner_id#23990,2
partner_tour_config#23840,res_partner_id#23840,res_partner_id#23840,2
partner_tour_config#387,res_partner_id#387,res_partner_id#387,3
partner_tour_config#23323,res_partner_id#23323,res_partner_id#23323,2
partner_tour_config#24793,res_partner_id#24793,res_partner_id#24793,2
partner_tour_config#24723,res_partner_id#24723,res_partner_id#24723,2
partner_tour_config#24790,res_partner_id#24790,res_partner_id#24790,2
partner_tour_config#23318,res_partner_id#23318,res_partner_id#23318,2
partner_tour_config#24851,res_partner_id#24851,res_partner_id#24851,2
partner_tour_config#24852,res_partner_id#24852,res_partner_id#24852,2
partner_tour_config#23326,res_partner_id#23326,res_partner_id#23326,2
partner_tour_config#693,res_partner_id#693,res_partner_id#693,3
partner_tour_config#24073,res_partner_id#24073,res_partner_id#24073,2
partner_tour_config#23017,res_partner_id#23017,res_partner_id#23017,2
partner_tour_config#24792,res_partner_id#24792,res_partner_id#24792,2
partner_tour_config#23324,res_partner_id#23324,res_partner_id#23324,2
partner_tour_config#17496,res_partner_id#17496,res_partner_id#17496,2
partner_tour_config#23319,res_partner_id#23319,res_partner_id#23319,2
partner_tour_config#23061,res_partner_id#23061,res_partner_id#23061,2
partner_tour_config#23322,res_partner_id#23322,res_partner_id#23322,2
partner_tour_config#24387,res_partner_id#24387,res_partner_id#24387,2
partner_tour_config#24853,res_partner_id#24853,res_partner_id#24853,2
partner_tour_config#24854,res_partner_id#24854,res_partner_id#24854,2
partner_tour_config#23650,res_partner_id#23650,res_partner_id#23650,2
partner_tour_config#22899,res_partner_id#22899,res_partner_id#22899,2
partner_tour_config#24855,res_partner_id#24855,res_partner_id#24855,2
partner_tour_config#24725,res_partner_id#24725,res_partner_id#24725,2
partner_tour_config#24433,res_partner_id#24433,res_partner_id#24433,2
partner_tour_config#23649,res_partner_id#23649,res_partner_id#23649,2
partner_tour_config#20785,res_partner_id#20785,res_partner_id#20785,2
partner_tour_config#20239,res_partner_id#20239,res_partner_id#20239,2
partner_tour_config#23267,res_partner_id#23267,res_partner_id#23267,2
partner_tour_config#23847,res_partner_id#23847,res_partner_id#23847,2
partner_tour_config#1338,res_partner_id#1338,res_partner_id#1338,2
partner_tour_config#24523,res_partner_id#24523,res_partner_id#24523,2
partner_tour_config#22176,res_partner_id#22176,res_partner_id#22176,2
partner_tour_config#23846,res_partner_id#23846,res_partner_id#23846,2
partner_tour_config#23968,res_partner_id#23968,res_partner_id#23968,2
partner_tour_config#23653,res_partner_id#23653,res_partner_id#23653,2
partner_tour_config#24457,res_partner_id#24457,res_partner_id#24457,2
partner_tour_config#23848,res_partner_id#23848,res_partner_id#23848,2
partner_tour_config#23844,res_partner_id#23844,res_partner_id#23844,2
partner_tour_config#24007,res_partner_id#24007,res_partner_id#24007,2
partner_tour_config#22974,res_partner_id#22974,res_partner_id#22974,2
partner_tour_config#22600,res_partner_id#22600,res_partner_id#22600,2
partner_tour_config#23850,res_partner_id#23850,res_partner_id#23850,2
partner_tour_config#24833,res_partner_id#24833,res_partner_id#24833,2
partner_tour_config#24745,res_partner_id#24745,res_partner_id#24745,2
partner_tour_config#14078,res_partner_id#14078,res_partner_id#14078,2
partner_tour_config#23722,res_partner_id#23722,res_partner_id#23722,2
partner_tour_config#15755,res_partner_id#15755,res_partner_id#15755,2
partner_tour_config#334,res_partner_id#334,res_partner_id#334,3
partner_tour_config#20268,res_partner_id#20268,res_partner_id#20268,3
partner_tour_config#24524,res_partner_id#24524,res_partner_id#24524,2
partner_tour_config#23999,res_partner_id#23999,res_partner_id#23999,2
partner_tour_config#11496,res_partner_id#11496,res_partner_id#11496,2
partner_tour_config#22194,res_partner_id#22194,res_partner_id#22194,2
partner_tour_config#22746,res_partner_id#22746,res_partner_id#22746,2
partner_tour_config#23854,res_partner_id#23854,res_partner_id#23854,2
partner_tour_config#22583,res_partner_id#22583,res_partner_id#22583,2
partner_tour_config#23455,res_partner_id#23455,res_partner_id#23455,2
partner_tour_config#23853,res_partner_id#23853,res_partner_id#23853,2
partner_tour_config#23852,res_partner_id#23852,res_partner_id#23852,2
partner_tour_config#6541,res_partner_id#6541,res_partner_id#6541,2
partner_tour_config#22439,res_partner_id#22439,res_partner_id#22439,2
partner_tour_config#24630,res_partner_id#24630,res_partner_id#24630,2
partner_tour_config#22116,res_partner_id#22116,res_partner_id#22116,2
partner_tour_config#23156,res_partner_id#23156,res_partner_id#23156,2
partner_tour_config#22788,res_partner_id#22788,res_partner_id#22788,2
partner_tour_config#19693,res_partner_id#19693,res_partner_id#19693,2
partner_tour_config#24265,res_partner_id#24265,res_partner_id#24265,2
partner_tour_config#23970,res_partner_id#23970,res_partner_id#23970,2
partner_tour_config#23674,res_partner_id#23674,res_partner_id#23674,2
partner_tour_config#22500,res_partner_id#22500,res_partner_id#22500,2
partner_tour_config#23333,res_partner_id#23333,res_partner_id#23333,2
partner_tour_config#23670,res_partner_id#23670,res_partner_id#23670,2
partner_tour_config#24367,res_partner_id#24367,res_partner_id#24367,2
partner_tour_config#23969,res_partner_id#23969,res_partner_id#23969,2
partner_tour_config#24513,res_partner_id#24513,res_partner_id#24513,2
partner_tour_config#22584,res_partner_id#22584,res_partner_id#22584,2
partner_tour_config#21577,res_partner_id#21577,res_partner_id#21577,2
partner_tour_config#3629,res_partner_id#3629,res_partner_id#3629,2
partner_tour_config#24174,res_partner_id#24174,res_partner_id#24174,2
partner_tour_config#12290,res_partner_id#12290,res_partner_id#12290,3
partner_tour_config#12009,res_partner_id#12009,res_partner_id#12009,2
partner_tour_config#24322,res_partner_id#24322,res_partner_id#24322,2
partner_tour_config#19819,res_partner_id#19819,res_partner_id#19819,2
partner_tour_config#24006,res_partner_id#24006,res_partner_id#24006,2
partner_tour_config#22117,res_partner_id#22117,res_partner_id#22117,2
partner_tour_config#23856,res_partner_id#23856,res_partner_id#23856,2
partner_tour_config#23859,res_partner_id#23859,res_partner_id#23859,2
partner_tour_config#23857,res_partner_id#23857,res_partner_id#23857,2
partner_tour_config#24747,res_partner_id#24747,res_partner_id#24747,2
partner_tour_config#24201,res_partner_id#24201,res_partner_id#24201,2
partner_tour_config#23097,res_partner_id#23097,res_partner_id#23097,2
partner_tour_config#23049,res_partner_id#23049,res_partner_id#23049,2
partner_tour_config#24126,res_partner_id#24126,res_partner_id#24126,2
partner_tour_config#23028,res_partner_id#23028,res_partner_id#23028,2
partner_tour_config#24388,res_partner_id#24388,res_partner_id#24388,2
partner_tour_config#23971,res_partner_id#23971,res_partner_id#23971,2
partner_tour_config#22883,res_partner_id#22883,res_partner_id#22883,2
partner_tour_config#23594,res_partner_id#23594,res_partner_id#23594,2
partner_tour_config#15545,res_partner_id#15545,res_partner_id#15545,3
partner_tour_config#13433,res_partner_id#13433,res_partner_id#13433,2
partner_tour_config#703,res_partner_id#703,res_partner_id#703,3
partner_tour_config#15237,res_partner_id#15237,res_partner_id#15237,2
partner_tour_config#21666,res_partner_id#21666,res_partner_id#21666,2
partner_tour_config#22585,res_partner_id#22585,res_partner_id#22585,2
partner_tour_config#24749,res_partner_id#24749,res_partner_id#24749,2
partner_tour_config#22608,res_partner_id#22608,res_partner_id#22608,2
partner_tour_config#24141,res_partner_id#24141,res_partner_id#24141,2
partner_tour_config#22811,res_partner_id#22811,res_partner_id#22811,2
partner_tour_config#24009,res_partner_id#24009,res_partner_id#24009,2
partner_tour_config#23676,res_partner_id#23676,res_partner_id#23676,2
partner_tour_config#23475,res_partner_id#23475,res_partner_id#23475,2
partner_tour_config#24347,res_partner_id#24347,res_partner_id#24347,2
partner_tour_config#22797,res_partner_id#22797,res_partner_id#22797,2
partner_tour_config#23677,res_partner_id#23677,res_partner_id#23677,2
partner_tour_config#23678,res_partner_id#23678,res_partner_id#23678,2
partner_tour_config#24011,res_partner_id#24011,res_partner_id#24011,2
partner_tour_config#23675,res_partner_id#23675,res_partner_id#23675,2
partner_tour_config#23679,res_partner_id#23679,res_partner_id#23679,2
partner_tour_config#24008,res_partner_id#24008,res_partner_id#24008,2
partner_tour_config#24748,res_partner_id#24748,res_partner_id#24748,2
partner_tour_config#24010,res_partner_id#24010,res_partner_id#24010,2
partner_tour_config#18869,res_partner_id#18869,res_partner_id#18869,2
partner_tour_config#23681,res_partner_id#23681,res_partner_id#23681,2
partner_tour_config#24351,res_partner_id#24351,res_partner_id#24351,2
partner_tour_config#17494,res_partner_id#17494,res_partner_id#17494,3
partner_tour_config#23659,res_partner_id#23659,res_partner_id#23659,2
partner_tour_config#24175,res_partner_id#24175,res_partner_id#24175,2
partner_tour_config#24832,res_partner_id#24832,res_partner_id#24832,2
partner_tour_config#23192,res_partner_id#23192,res_partner_id#23192,2
partner_tour_config#23662,res_partner_id#23662,res_partner_id#23662,2
partner_tour_config#13658,res_partner_id#13658,res_partner_id#13658,2
partner_tour_config#22177,res_partner_id#22177,res_partner_id#22177,2
partner_tour_config#23843,res_partner_id#23843,res_partner_id#23843,2
partner_tour_config#90,res_partner_id#90,res_partner_id#90,2
partner_tour_config#20745,res_partner_id#20745,res_partner_id#20745,3
partner_tour_config#23680,res_partner_id#23680,res_partner_id#23680,2
partner_tour_config#24556,res_partner_id#24556,res_partner_id#24556,2
partner_tour_config#23431,res_partner_id#23431,res_partner_id#23431,2
partner_tour_config#23655,res_partner_id#23655,res_partner_id#23655,2
partner_tour_config#22178,res_partner_id#22178,res_partner_id#22178,2
partner_tour_config#24736,res_partner_id#24736,res_partner_id#24736,2
partner_tour_config#23862,res_partner_id#23862,res_partner_id#23862,2
partner_tour_config#23808,res_partner_id#23808,res_partner_id#23808,2
partner_tour_config#22856,res_partner_id#22856,res_partner_id#22856,2
partner_tour_config#23861,res_partner_id#23861,res_partner_id#23861,2
partner_tour_config#22119,res_partner_id#22119,res_partner_id#22119,2
partner_tour_config#23866,res_partner_id#23866,res_partner_id#23866,2
partner_tour_config#23863,res_partner_id#23863,res_partner_id#23863,2
partner_tour_config#22769,res_partner_id#22769,res_partner_id#22769,2
partner_tour_config#21339,res_partner_id#21339,res_partner_id#21339,2
partner_tour_config#918,res_partner_id#918,res_partner_id#918,2
partner_tour_config#20992,res_partner_id#20992,res_partner_id#20992,2
partner_tour_config#22235,res_partner_id#22235,res_partner_id#22235,2
partner_tour_config#22706,res_partner_id#22706,res_partner_id#22706,2
partner_tour_config#22273,res_partner_id#22273,res_partner_id#22273,2
partner_tour_config#23898,res_partner_id#23898,res_partner_id#23898,2
partner_tour_config#23185,res_partner_id#23185,res_partner_id#23185,2
partner_tour_config#24295,res_partner_id#24295,res_partner_id#24295,2
partner_tour_config#23865,res_partner_id#23865,res_partner_id#23865,2
partner_tour_config#23868,res_partner_id#23868,res_partner_id#23868,2
partner_tour_config#23864,res_partner_id#23864,res_partner_id#23864,2
partner_tour_config#23957,res_partner_id#23957,res_partner_id#23957,2
partner_tour_config#22687,res_partner_id#22687,res_partner_id#22687,2
partner_tour_config#23492,res_partner_id#23492,res_partner_id#23492,2
partner_tour_config#24509,res_partner_id#24509,res_partner_id#24509,2
partner_tour_config#24348,res_partner_id#24348,res_partner_id#24348,2
partner_tour_config#20816,res_partner_id#20816,res_partner_id#20816,2
partner_tour_config#23512,res_partner_id#23512,res_partner_id#23512,2
partner_tour_config#22913,res_partner_id#22913,res_partner_id#22913,2
partner_tour_config#14115,res_partner_id#14115,res_partner_id#14115,3
partner_tour_config#23511,res_partner_id#23511,res_partner_id#23511,2
partner_tour_config#1304,res_partner_id#1304,res_partner_id#1304,3
partner_tour_config#23805,res_partner_id#23805,res_partner_id#23805,2
partner_tour_config#23871,res_partner_id#23871,res_partner_id#23871,2
partner_tour_config#22432,res_partner_id#22432,res_partner_id#22432,2
partner_tour_config#24766,res_partner_id#24766,res_partner_id#24766,2
partner_tour_config#23513,res_partner_id#23513,res_partner_id#23513,2
partner_tour_config#16486,res_partner_id#16486,res_partner_id#16486,5
partner_tour_config#23555,res_partner_id#23555,res_partner_id#23555,2
partner_tour_config#22622,res_partner_id#22622,res_partner_id#22622,2
partner_tour_config#15893,res_partner_id#15893,res_partner_id#15893,3
partner_tour_config#23509,res_partner_id#23509,res_partner_id#23509,2
partner_tour_config#24139,res_partner_id#24139,res_partner_id#24139,2
partner_tour_config#23869,res_partner_id#23869,res_partner_id#23869,2
partner_tour_config#23508,res_partner_id#23508,res_partner_id#23508,2
partner_tour_config#23510,res_partner_id#23510,res_partner_id#23510,2
partner_tour_config#22120,res_partner_id#22120,res_partner_id#22120,2
partner_tour_config#24575,res_partner_id#24575,res_partner_id#24575,2
partner_tour_config#22621,res_partner_id#22621,res_partner_id#22621,2
partner_tour_config#23466,res_partner_id#23466,res_partner_id#23466,2
partner_tour_config#24653,res_partner_id#24653,res_partner_id#24653,2
partner_tour_config#23350,res_partner_id#23350,res_partner_id#23350,2
partner_tour_config#24654,res_partner_id#24654,res_partner_id#24654,2
partner_tour_config#22510,res_partner_id#22510,res_partner_id#22510,2
partner_tour_config#561,res_partner_id#561,res_partner_id#561,2
partner_tour_config#23561,res_partner_id#23561,res_partner_id#23561,2
partner_tour_config#3427,res_partner_id#3427,res_partner_id#3427,2
partner_tour_config#20150,res_partner_id#20150,res_partner_id#20150,2
partner_tour_config#23881,res_partner_id#23881,res_partner_id#23881,2
partner_tour_config#22586,res_partner_id#22586,res_partner_id#22586,2
partner_tour_config#24193,res_partner_id#24193,res_partner_id#24193,2
partner_tour_config#22332,res_partner_id#22332,res_partner_id#22332,2
partner_tour_config#20534,res_partner_id#20534,res_partner_id#20534,2
partner_tour_config#22385,res_partner_id#22385,res_partner_id#22385,2
partner_tour_config#22179,res_partner_id#22179,res_partner_id#22179,2
partner_tour_config#21565,res_partner_id#21565,res_partner_id#21565,2
partner_tour_config#33,res_partner_id#33,res_partner_id#33,3
partner_tour_config#23148,res_partner_id#23148,res_partner_id#23148,2
partner_tour_config#24380,res_partner_id#24380,res_partner_id#24380,2
partner_tour_config#23562,res_partner_id#23562,res_partner_id#23562,2
partner_tour_config#23351,res_partner_id#23351,res_partner_id#23351,2
partner_tour_config#23647,res_partner_id#23647,res_partner_id#23647,3
partner_tour_config#23484,res_partner_id#23484,res_partner_id#23484,2
partner_tour_config#22401,res_partner_id#22401,res_partner_id#22401,2
partner_tour_config#23885,res_partner_id#23885,res_partner_id#23885,2
partner_tour_config#23762,res_partner_id#23762,res_partner_id#23762,2
partner_tour_config#5307,res_partner_id#5307,res_partner_id#5307,3
partner_tour_config#20940,res_partner_id#20940,res_partner_id#20940,2
partner_tour_config#22521,res_partner_id#22521,res_partner_id#22521,2
partner_tour_config#23672,res_partner_id#23672,res_partner_id#23672,2
partner_tour_config#64,res_partner_id#64,res_partner_id#64,2
partner_tour_config#22316,res_partner_id#22316,res_partner_id#22316,2
partner_tour_config#23886,res_partner_id#23886,res_partner_id#23886,2
partner_tour_config#23887,res_partner_id#23887,res_partner_id#23887,2
partner_tour_config#23405,res_partner_id#23405,res_partner_id#23405,2
partner_tour_config#22822,res_partner_id#22822,res_partner_id#22822,2
partner_tour_config#22834,res_partner_id#22834,res_partner_id#22834,2
partner_tour_config#23884,res_partner_id#23884,res_partner_id#23884,2
partner_tour_config#18225,res_partner_id#18225,res_partner_id#18225,3
partner_tour_config#22182,res_partner_id#22182,res_partner_id#22182,2
partner_tour_config#22183,res_partner_id#22183,res_partner_id#22183,2
partner_tour_config#22181,res_partner_id#22181,res_partner_id#22181,2
partner_tour_config#22184,res_partner_id#22184,res_partner_id#22184,2
partner_tour_config#20715,res_partner_id#20715,res_partner_id#20715,2
partner_tour_config#22612,res_partner_id#22612,res_partner_id#22612,2
partner_tour_config#18946,res_partner_id#18946,res_partner_id#18946,3
partner_tour_config#22750,res_partner_id#22750,res_partner_id#22750,2
partner_tour_config#1501,res_partner_id#1501,res_partner_id#1501,3
partner_tour_config#6031,res_partner_id#6031,res_partner_id#6031,2
partner_tour_config#22180,res_partner_id#22180,res_partner_id#22180,2
partner_tour_config#24696,res_partner_id#24696,res_partner_id#24696,2
partner_tour_config#23694,res_partner_id#23694,res_partner_id#23694,2
partner_tour_config#24602,res_partner_id#24602,res_partner_id#24602,2
partner_tour_config#22824,res_partner_id#22824,res_partner_id#22824,2
partner_tour_config#23695,res_partner_id#23695,res_partner_id#23695,2
partner_tour_config#23591,res_partner_id#23591,res_partner_id#23591,2
partner_tour_config#23269,res_partner_id#23269,res_partner_id#23269,2
partner_tour_config#23876,res_partner_id#23876,res_partner_id#23876,2
partner_tour_config#23592,res_partner_id#23592,res_partner_id#23592,2
partner_tour_config#23430,res_partner_id#23430,res_partner_id#23430,2
partner_tour_config#22058,res_partner_id#22058,res_partner_id#22058,2
partner_tour_config#23298,res_partner_id#23298,res_partner_id#23298,2
partner_tour_config#7977,res_partner_id#7977,res_partner_id#7977,2
partner_tour_config#22121,res_partner_id#22121,res_partner_id#22121,2
partner_tour_config#8500,res_partner_id#8500,res_partner_id#8500,2
partner_tour_config#23833,res_partner_id#23833,res_partner_id#23833,2
partner_tour_config#23875,res_partner_id#23875,res_partner_id#23875,2
partner_tour_config#471,res_partner_id#471,res_partner_id#471,2
partner_tour_config#23892,res_partner_id#23892,res_partner_id#23892,2
partner_tour_config#22891,res_partner_id#22891,res_partner_id#22891,2
partner_tour_config#24229,res_partner_id#24229,res_partner_id#24229,2
partner_tour_config#23893,res_partner_id#23893,res_partner_id#23893,2
partner_tour_config#23296,res_partner_id#23296,res_partner_id#23296,2
partner_tour_config#22185,res_partner_id#22185,res_partner_id#22185,2
partner_tour_config#24604,res_partner_id#24604,res_partner_id#24604,2
partner_tour_config#22186,res_partner_id#22186,res_partner_id#22186,2
partner_tour_config#22742,res_partner_id#22742,res_partner_id#22742,2
partner_tour_config#23939,res_partner_id#23939,res_partner_id#23939,2
partner_tour_config#22433,res_partner_id#22433,res_partner_id#22433,2
partner_tour_config#21647,res_partner_id#21647,res_partner_id#21647,2
partner_tour_config#23896,res_partner_id#23896,res_partner_id#23896,2
partner_tour_config#23335,res_partner_id#23335,res_partner_id#23335,2
partner_tour_config#18676,res_partner_id#18676,res_partner_id#18676,3
partner_tour_config#23897,res_partner_id#23897,res_partner_id#23897,2
partner_tour_config#23889,res_partner_id#23889,res_partner_id#23889,2
partner_tour_config#23890,res_partner_id#23890,res_partner_id#23890,2
partner_tour_config#23891,res_partner_id#23891,res_partner_id#23891,2
partner_tour_config#4792,res_partner_id#4792,res_partner_id#4792,3
partner_tour_config#22638,res_partner_id#22638,res_partner_id#22638,2
partner_tour_config#24130,res_partner_id#24130,res_partner_id#24130,2
partner_tour_config#22640,res_partner_id#22640,res_partner_id#22640,2
partner_tour_config#5888,res_partner_id#5888,res_partner_id#5888,3
partner_tour_config#24188,res_partner_id#24188,res_partner_id#24188,2
partner_tour_config#22628,res_partner_id#22628,res_partner_id#22628,2
partner_tour_config#931,res_partner_id#931,res_partner_id#931,3
partner_tour_config#24645,res_partner_id#24645,res_partner_id#24645,2
partner_tour_config#24607,res_partner_id#24607,res_partner_id#24607,2
partner_tour_config#24606,res_partner_id#24606,res_partner_id#24606,2
partner_tour_config#24605,res_partner_id#24605,res_partner_id#24605,2
partner_tour_config#24608,res_partner_id#24608,res_partner_id#24608,2
partner_tour_config#24611,res_partner_id#24611,res_partner_id#24611,2
partner_tour_config#24585,res_partner_id#24585,res_partner_id#24585,2
partner_tour_config#24615,res_partner_id#24615,res_partner_id#24615,2
partner_tour_config#9222,res_partner_id#9222,res_partner_id#9222,2
partner_tour_config#13448,res_partner_id#13448,res_partner_id#13448,5
partner_tour_config#24463,res_partner_id#24463,res_partner_id#24463,2
partner_tour_config#24612,res_partner_id#24612,res_partner_id#24612,2
partner_tour_config#24609,res_partner_id#24609,res_partner_id#24609,2
partner_tour_config#20177,res_partner_id#20177,res_partner_id#20177,2
partner_tour_config#23036,res_partner_id#23036,res_partner_id#23036,2
partner_tour_config#22452,res_partner_id#22452,res_partner_id#22452,2
partner_tour_config#24700,res_partner_id#24700,res_partner_id#24700,2
partner_tour_config#24699,res_partner_id#24699,res_partner_id#24699,2
partner_tour_config#24613,res_partner_id#24613,res_partner_id#24613,2
partner_tour_config#24610,res_partner_id#24610,res_partner_id#24610,2
partner_tour_config#24614,res_partner_id#24614,res_partner_id#24614,2
partner_tour_config#23987,res_partner_id#23987,res_partner_id#23987,2
partner_tour_config#11345,res_partner_id#11345,res_partner_id#11345,2
partner_tour_config#24117,res_partner_id#24117,res_partner_id#24117,2
partner_tour_config#24844,res_partner_id#24844,res_partner_id#24844,2
partner_tour_config#24504,res_partner_id#24504,res_partner_id#24504,2
partner_tour_config#22205,res_partner_id#22205,res_partner_id#22205,2
partner_tour_config#22122,res_partner_id#22122,res_partner_id#22122,2
partner_tour_config#6336,res_partner_id#6336,res_partner_id#6336,2
partner_tour_config#23198,res_partner_id#23198,res_partner_id#23198,2
partner_tour_config#23599,res_partner_id#23599,res_partner_id#23599,2
partner_tour_config#4788,res_partner_id#4788,res_partner_id#4788,3
partner_tour_config#22255,res_partner_id#22255,res_partner_id#22255,2
partner_tour_config#23888,res_partner_id#23888,res_partner_id#23888,2
partner_tour_config#22425,res_partner_id#22425,res_partner_id#22425,2
partner_tour_config#22189,res_partner_id#22189,res_partner_id#22189,2
partner_tour_config#23066,res_partner_id#23066,res_partner_id#23066,2
partner_tour_config#22571,res_partner_id#22571,res_partner_id#22571,2
partner_tour_config#17995,res_partner_id#17995,res_partner_id#17995,4
partner_tour_config#24616,res_partner_id#24616,res_partner_id#24616,2
partner_tour_config#23832,res_partner_id#23832,res_partner_id#23832,2
partner_tour_config#22190,res_partner_id#22190,res_partner_id#22190,2
partner_tour_config#24050,res_partner_id#24050,res_partner_id#24050,2
partner_tour_config#22557,res_partner_id#22557,res_partner_id#22557,2
partner_tour_config#23391,res_partner_id#23391,res_partner_id#23391,2
partner_tour_config#16683,res_partner_id#16683,res_partner_id#16683,3
partner_tour_config#15496,res_partner_id#15496,res_partner_id#15496,2
partner_tour_config#22734,res_partner_id#22734,res_partner_id#22734,2
partner_tour_config#7027,res_partner_id#7027,res_partner_id#7027,2
partner_tour_config#24000,res_partner_id#24000,res_partner_id#24000,2
partner_tour_config#23988,res_partner_id#23988,res_partner_id#23988,2
partner_tour_config#20821,res_partner_id#20821,res_partner_id#20821,2
partner_tour_config#1551,res_partner_id#1551,res_partner_id#1551,3
partner_tour_config#23026,res_partner_id#23026,res_partner_id#23026,2
partner_tour_config#24618,res_partner_id#24618,res_partner_id#24618,2
partner_tour_config#23408,res_partner_id#23408,res_partner_id#23408,2
partner_tour_config#24221,res_partner_id#24221,res_partner_id#24221,2
partner_tour_config#22491,res_partner_id#22491,res_partner_id#22491,2
partner_tour_config#19038,res_partner_id#19038,res_partner_id#19038,2
partner_tour_config#23325,res_partner_id#23325,res_partner_id#23325,2
partner_tour_config#11519,res_partner_id#11519,res_partner_id#11519,3
partner_tour_config#12400,res_partner_id#12400,res_partner_id#12400,2
partner_tour_config#24620,res_partner_id#24620,res_partner_id#24620,2
partner_tour_config#24619,res_partner_id#24619,res_partner_id#24619,2
partner_tour_config#24827,res_partner_id#24827,res_partner_id#24827,2
partner_tour_config#12741,res_partner_id#12741,res_partner_id#12741,2
partner_tour_config#24145,res_partner_id#24145,res_partner_id#24145,2
partner_tour_config#23112,res_partner_id#23112,res_partner_id#23112,2
partner_tour_config#21926,res_partner_id#21926,res_partner_id#21926,2
partner_tour_config#22213,res_partner_id#22213,res_partner_id#22213,2
partner_tour_config#23770,res_partner_id#23770,res_partner_id#23770,2
partner_tour_config#22921,res_partner_id#22921,res_partner_id#22921,2
partner_tour_config#22147,res_partner_id#22147,res_partner_id#22147,2
partner_tour_config#6728,res_partner_id#6728,res_partner_id#6728,2
partner_tour_config#22427,res_partner_id#22427,res_partner_id#22427,2
partner_tour_config#23686,res_partner_id#23686,res_partner_id#23686,2
partner_tour_config#3410,res_partner_id#3410,res_partner_id#3410,2
partner_tour_config#22390,res_partner_id#22390,res_partner_id#22390,2
partner_tour_config#11796,res_partner_id#11796,res_partner_id#11796,2
partner_tour_config#23260,res_partner_id#23260,res_partner_id#23260,2
partner_tour_config#23314,res_partner_id#23314,res_partner_id#23314,2
partner_tour_config#22875,res_partner_id#22875,res_partner_id#22875,2
partner_tour_config#23495,res_partner_id#23495,res_partner_id#23495,2
partner_tour_config#22739,res_partner_id#22739,res_partner_id#22739,2
partner_tour_config#23738,res_partner_id#23738,res_partner_id#23738,2
partner_tour_config#13613,res_partner_id#13613,res_partner_id#13613,2
partner_tour_config#9753,res_partner_id#9753,res_partner_id#9753,2
partner_tour_config#24211,res_partner_id#24211,res_partner_id#24211,2
partner_tour_config#24210,res_partner_id#24210,res_partner_id#24210,2
partner_tour_config#23739,res_partner_id#23739,res_partner_id#23739,2
partner_tour_config#23737,res_partner_id#23737,res_partner_id#23737,2
partner_tour_config#23740,res_partner_id#23740,res_partner_id#23740,2
partner_tour_config#23745,res_partner_id#23745,res_partner_id#23745,2
partner_tour_config#23744,res_partner_id#23744,res_partner_id#23744,2
partner_tour_config#23377,res_partner_id#23377,res_partner_id#23377,2
partner_tour_config#24350,res_partner_id#24350,res_partner_id#24350,2
partner_tour_config#23736,res_partner_id#23736,res_partner_id#23736,2
partner_tour_config#11693,res_partner_id#11693,res_partner_id#11693,3
partner_tour_config#22191,res_partner_id#22191,res_partner_id#22191,2
partner_tour_config#23598,res_partner_id#23598,res_partner_id#23598,2
partner_tour_config#23549,res_partner_id#23549,res_partner_id#23549,2
partner_tour_config#24701,res_partner_id#24701,res_partner_id#24701,2
partner_tour_config#9055,res_partner_id#9055,res_partner_id#9055,2
partner_tour_config#12167,res_partner_id#12167,res_partner_id#12167,2
partner_tour_config#22738,res_partner_id#22738,res_partner_id#22738,3
partner_tour_config#22954,res_partner_id#22954,res_partner_id#22954,2
partner_tour_config#3353,res_partner_id#3353,res_partner_id#3353,2
partner_tour_config#23700,res_partner_id#23700,res_partner_id#23700,2
partner_tour_config#24102,res_partner_id#24102,res_partner_id#24102,2
partner_tour_config#22666,res_partner_id#22666,res_partner_id#22666,2
partner_tour_config#23468,res_partner_id#23468,res_partner_id#23468,2
partner_tour_config#22421,res_partner_id#22421,res_partner_id#22421,2
partner_tour_config#21258,res_partner_id#21258,res_partner_id#21258,2
partner_tour_config#24315,res_partner_id#24315,res_partner_id#24315,2
partner_tour_config#23962,res_partner_id#23962,res_partner_id#23962,2
partner_tour_config#22450,res_partner_id#22450,res_partner_id#22450,2
partner_tour_config#23814,res_partner_id#23814,res_partner_id#23814,2
partner_tour_config#22714,res_partner_id#22714,res_partner_id#22714,2
partner_tour_config#14553,res_partner_id#14553,res_partner_id#14553,2
partner_tour_config#24106,res_partner_id#24106,res_partner_id#24106,2
partner_tour_config#22231,res_partner_id#22231,res_partner_id#22231,2
partner_tour_config#17888,res_partner_id#17888,res_partner_id#17888,3
partner_tour_config#22971,res_partner_id#22971,res_partner_id#22971,2
partner_tour_config#24103,res_partner_id#24103,res_partner_id#24103,2
partner_tour_config#22225,res_partner_id#22225,res_partner_id#22225,2
partner_tour_config#22144,res_partner_id#22144,res_partner_id#22144,2
partner_tour_config#24108,res_partner_id#24108,res_partner_id#24108,2
partner_tour_config#23807,res_partner_id#23807,res_partner_id#23807,2
partner_tour_config#22911,res_partner_id#22911,res_partner_id#22911,2
partner_tour_config#24702,res_partner_id#24702,res_partner_id#24702,2
partner_tour_config#24703,res_partner_id#24703,res_partner_id#24703,2
partner_tour_config#22363,res_partner_id#22363,res_partner_id#22363,2
partner_tour_config#6769,res_partner_id#6769,res_partner_id#6769,3
partner_tour_config#20843,res_partner_id#20843,res_partner_id#20843,2
partner_tour_config#23713,res_partner_id#23713,res_partner_id#23713,2
partner_tour_config#23138,res_partner_id#23138,res_partner_id#23138,2
partner_tour_config#22312,res_partner_id#22312,res_partner_id#22312,4
partner_tour_config#11961,res_partner_id#11961,res_partner_id#11961,2
partner_tour_config#19258,res_partner_id#19258,res_partner_id#19258,3
partner_tour_config#21564,res_partner_id#21564,res_partner_id#21564,2
partner_tour_config#23428,res_partner_id#23428,res_partner_id#23428,2
partner_tour_config#21113,res_partner_id#21113,res_partner_id#21113,3
partner_tour_config#23522,res_partner_id#23522,res_partner_id#23522,2
partner_tour_config#22267,res_partner_id#22267,res_partner_id#22267,2
partner_tour_config#24035,res_partner_id#24035,res_partner_id#24035,2
partner_tour_config#22349,res_partner_id#22349,res_partner_id#22349,2
partner_tour_config#22303,res_partner_id#22303,res_partner_id#22303,2
partner_tour_config#22522,res_partner_id#22522,res_partner_id#22522,2
partner_tour_config#22395,res_partner_id#22395,res_partner_id#22395,2
partner_tour_config#20525,res_partner_id#20525,res_partner_id#20525,2
partner_tour_config#22702,res_partner_id#22702,res_partner_id#22702,2
partner_tour_config#19457,res_partner_id#19457,res_partner_id#19457,3
partner_tour_config#23830,res_partner_id#23830,res_partner_id#23830,2
partner_tour_config#13947,res_partner_id#13947,res_partner_id#13947,2
partner_tour_config#18068,res_partner_id#18068,res_partner_id#18068,2
partner_tour_config#23294,res_partner_id#23294,res_partner_id#23294,5
partner_tour_config#16611,res_partner_id#16611,res_partner_id#16611,2
partner_tour_config#24222,res_partner_id#24222,res_partner_id#24222,2
partner_tour_config#22514,res_partner_id#22514,res_partner_id#22514,2
partner_tour_config#23699,res_partner_id#23699,res_partner_id#23699,2
partner_tour_config#24204,res_partner_id#24204,res_partner_id#24204,2
partner_tour_config#22763,res_partner_id#22763,res_partner_id#22763,2
partner_tour_config#24185,res_partner_id#24185,res_partner_id#24185,2
partner_tour_config#20320,res_partner_id#20320,res_partner_id#20320,2
partner_tour_config#23050,res_partner_id#23050,res_partner_id#23050,2
partner_tour_config#23855,res_partner_id#23855,res_partner_id#23855,2
partner_tour_config#22900,res_partner_id#22900,res_partner_id#22900,2
partner_tour_config#23312,res_partner_id#23312,res_partner_id#23312,2
partner_tour_config#22893,res_partner_id#22893,res_partner_id#22893,2
partner_tour_config#24043,res_partner_id#24043,res_partner_id#24043,2
partner_tour_config#19952,res_partner_id#19952,res_partner_id#19952,2
partner_tour_config#5407,res_partner_id#5407,res_partner_id#5407,2
partner_tour_config#21717,res_partner_id#21717,res_partner_id#21717,2
partner_tour_config#5525,res_partner_id#5525,res_partner_id#5525,2
partner_tour_config#22561,res_partner_id#22561,res_partner_id#22561,2
partner_tour_config#21653,res_partner_id#21653,res_partner_id#21653,2
partner_tour_config#24617,res_partner_id#24617,res_partner_id#24617,2
partner_tour_config#22744,res_partner_id#22744,res_partner_id#22744,2
partner_tour_config#11941,res_partner_id#11941,res_partner_id#11941,2
partner_tour_config#23771,res_partner_id#23771,res_partner_id#23771,2
partner_tour_config#22736,res_partner_id#22736,res_partner_id#22736,2
partner_tour_config#320,res_partner_id#320,res_partner_id#320,2
partner_tour_config#22009,res_partner_id#22009,res_partner_id#22009,2
partner_tour_config#23239,res_partner_id#23239,res_partner_id#23239,2
partner_tour_config#22677,res_partner_id#22677,res_partner_id#22677,2
partner_tour_config#1612,res_partner_id#1612,res_partner_id#1612,3
partner_tour_config#23043,res_partner_id#23043,res_partner_id#23043,2
partner_tour_config#23105,res_partner_id#23105,res_partner_id#23105,2
partner_tour_config#23992,res_partner_id#23992,res_partner_id#23992,2
partner_tour_config#16716,res_partner_id#16716,res_partner_id#16716,2
partner_tour_config#11435,res_partner_id#11435,res_partner_id#11435,2
partner_tour_config#23009,res_partner_id#23009,res_partner_id#23009,2
partner_tour_config#23340,res_partner_id#23340,res_partner_id#23340,2
partner_tour_config#24642,res_partner_id#24642,res_partner_id#24642,2
partner_tour_config#23827,res_partner_id#23827,res_partner_id#23827,2
partner_tour_config#23828,res_partner_id#23828,res_partner_id#23828,2
partner_tour_config#698,res_partner_id#698,res_partner_id#698,2
partner_tour_config#669,res_partner_id#669,res_partner_id#669,3
partner_tour_config#21657,res_partner_id#21657,res_partner_id#21657,2
partner_tour_config#16927,res_partner_id#16927,res_partner_id#16927,3
partner_tour_config#23941,res_partner_id#23941,res_partner_id#23941,2
partner_tour_config#19923,res_partner_id#19923,res_partner_id#19923,3
partner_tour_config#23542,res_partner_id#23542,res_partner_id#23542,2
partner_tour_config#12898,res_partner_id#12898,res_partner_id#12898,2
partner_tour_config#20792,res_partner_id#20792,res_partner_id#20792,2
partner_tour_config#23384,res_partner_id#23384,res_partner_id#23384,2
partner_tour_config#23297,res_partner_id#23297,res_partner_id#23297,2
partner_tour_config#24641,res_partner_id#24641,res_partner_id#24641,2
partner_tour_config#24640,res_partner_id#24640,res_partner_id#24640,2
partner_tour_config#23569,res_partner_id#23569,res_partner_id#23569,2
partner_tour_config#24037,res_partner_id#24037,res_partner_id#24037,2
partner_tour_config#1627,res_partner_id#1627,res_partner_id#1627,3
partner_tour_config#601,res_partner_id#601,res_partner_id#601,3
partner_tour_config#24325,res_partner_id#24325,res_partner_id#24325,2
partner_tour_config#23975,res_partner_id#23975,res_partner_id#23975,2
partner_tour_config#24115,res_partner_id#24115,res_partner_id#24115,2
partner_tour_config#24012,res_partner_id#24012,res_partner_id#24012,2
partner_tour_config#22719,res_partner_id#22719,res_partner_id#22719,2
partner_tour_config#22772,res_partner_id#22772,res_partner_id#22772,2
partner_tour_config#24264,res_partner_id#24264,res_partner_id#24264,2
partner_tour_config#23164,res_partner_id#23164,res_partner_id#23164,2
partner_tour_config#23274,res_partner_id#23274,res_partner_id#23274,2
partner_tour_config#22879,res_partner_id#22879,res_partner_id#22879,2
partner_tour_config#24453,res_partner_id#24453,res_partner_id#24453,2
partner_tour_config#14065,res_partner_id#14065,res_partner_id#14065,2
partner_tour_config#23927,res_partner_id#23927,res_partner_id#23927,2
partner_tour_config#5801,res_partner_id#5801,res_partner_id#5801,2
partner_tour_config#21278,res_partner_id#21278,res_partner_id#21278,2
partner_tour_config#806,res_partner_id#806,res_partner_id#806,3
partner_tour_config#2875,res_partner_id#2875,res_partner_id#2875,2
partner_tour_config#23842,res_partner_id#23842,res_partner_id#23842,2
partner_tour_config#4496,res_partner_id#4496,res_partner_id#4496,3
partner_tour_config#19499,res_partner_id#19499,res_partner_id#19499,3
partner_tour_config#7281,res_partner_id#7281,res_partner_id#7281,2
partner_tour_config#24486,res_partner_id#24486,res_partner_id#24486,2
partner_tour_config#24228,res_partner_id#24228,res_partner_id#24228,2
partner_tour_config#14191,res_partner_id#14191,res_partner_id#14191,5
partner_tour_config#21566,res_partner_id#21566,res_partner_id#21566,2
partner_tour_config#24583,res_partner_id#24583,res_partner_id#24583,2
partner_tour_config#21979,res_partner_id#21979,res_partner_id#21979,2
partner_tour_config#24259,res_partner_id#24259,res_partner_id#24259,2
partner_tour_config#24726,res_partner_id#24726,res_partner_id#24726,2
partner_tour_config#22412,res_partner_id#22412,res_partner_id#22412,2
partner_tour_config#23534,res_partner_id#23534,res_partner_id#23534,2
partner_tour_config#24257,res_partner_id#24257,res_partner_id#24257,2
partner_tour_config#24505,res_partner_id#24505,res_partner_id#24505,2
partner_tour_config#22348,res_partner_id#22348,res_partner_id#22348,2
partner_tour_config#24263,res_partner_id#24263,res_partner_id#24263,2
partner_tour_config#23758,res_partner_id#23758,res_partner_id#23758,2
partner_tour_config#5373,res_partner_id#5373,res_partner_id#5373,3
partner_tour_config#24430,res_partner_id#24430,res_partner_id#24430,2
partner_tour_config#5408,res_partner_id#5408,res_partner_id#5408,2
partner_tour_config#24260,res_partner_id#24260,res_partner_id#24260,2
partner_tour_config#23765,res_partner_id#23765,res_partner_id#23765,2
partner_tour_config#23597,res_partner_id#23597,res_partner_id#23597,2
partner_tour_config#23729,res_partner_id#23729,res_partner_id#23729,2
partner_tour_config#23867,res_partner_id#23867,res_partner_id#23867,2
partner_tour_config#12216,res_partner_id#12216,res_partner_id#12216,3
partner_tour_config#24283,res_partner_id#24283,res_partner_id#24283,2
partner_tour_config#19990,res_partner_id#19990,res_partner_id#19990,2
partner_tour_config#18330,res_partner_id#18330,res_partner_id#18330,3
partner_tour_config#24230,res_partner_id#24230,res_partner_id#24230,2
partner_tour_config#22700,res_partner_id#22700,res_partner_id#22700,2
partner_tour_config#24290,res_partner_id#24290,res_partner_id#24290,2
partner_tour_config#23759,res_partner_id#23759,res_partner_id#23759,2
partner_tour_config#24331,res_partner_id#24331,res_partner_id#24331,2
partner_tour_config#24299,res_partner_id#24299,res_partner_id#24299,2
partner_tour_config#24271,res_partner_id#24271,res_partner_id#24271,2
partner_tour_config#24300,res_partner_id#24300,res_partner_id#24300,2
partner_tour_config#24698,res_partner_id#24698,res_partner_id#24698,2
partner_tour_config#24357,res_partner_id#24357,res_partner_id#24357,2
partner_tour_config#4210,res_partner_id#4210,res_partner_id#4210,2
partner_tour_config#7506,res_partner_id#7506,res_partner_id#7506,2
partner_tour_config#24356,res_partner_id#24356,res_partner_id#24356,2
partner_tour_config#24083,res_partner_id#24083,res_partner_id#24083,2
partner_tour_config#24311,res_partner_id#24311,res_partner_id#24311,2
partner_tour_config#23973,res_partner_id#23973,res_partner_id#23973,2
partner_tour_config#24343,res_partner_id#24343,res_partner_id#24343,2
partner_tour_config#21851,res_partner_id#21851,res_partner_id#21851,2
partner_tour_config#4076,res_partner_id#4076,res_partner_id#4076,2
partner_tour_config#24681,res_partner_id#24681,res_partner_id#24681,2
partner_tour_config#24333,res_partner_id#24333,res_partner_id#24333,2
partner_tour_config#23462,res_partner_id#23462,res_partner_id#23462,2
partner_tour_config#24266,res_partner_id#24266,res_partner_id#24266,2
partner_tour_config#22488,res_partner_id#22488,res_partner_id#22488,2
partner_tour_config#12540,res_partner_id#12540,res_partner_id#12540,2
partner_tour_config#23815,res_partner_id#23815,res_partner_id#23815,2
partner_tour_config#22649,res_partner_id#22649,res_partner_id#22649,2
partner_tour_config#23145,res_partner_id#23145,res_partner_id#23145,2
partner_tour_config#23553,res_partner_id#23553,res_partner_id#23553,2
partner_tour_config#13898,res_partner_id#13898,res_partner_id#13898,2
partner_tour_config#21518,res_partner_id#21518,res_partner_id#21518,2
partner_tour_config#22773,res_partner_id#22773,res_partner_id#22773,2
partner_tour_config#22167,res_partner_id#22167,res_partner_id#22167,2
partner_tour_config#19921,res_partner_id#19921,res_partner_id#19921,2
partner_tour_config#248,res_partner_id#248,res_partner_id#248,5
partner_tour_config#23712,res_partner_id#23712,res_partner_id#23712,2
partner_tour_config#22146,res_partner_id#22146,res_partner_id#22146,2
partner_tour_config#24140,res_partner_id#24140,res_partner_id#24140,2
partner_tour_config#22126,res_partner_id#22126,res_partner_id#22126,2
partner_tour_config#22125,res_partner_id#22125,res_partner_id#22125,2
partner_tour_config#22131,res_partner_id#22131,res_partner_id#22131,2
partner_tour_config#22128,res_partner_id#22128,res_partner_id#22128,2
partner_tour_config#11763,res_partner_id#11763,res_partner_id#11763,2
partner_tour_config#23242,res_partner_id#23242,res_partner_id#23242,2
partner_tour_config#23120,res_partner_id#23120,res_partner_id#23120,2
partner_tour_config#23329,res_partner_id#23329,res_partner_id#23329,2
partner_tour_config#24376,res_partner_id#24376,res_partner_id#24376,2
partner_tour_config#5670,res_partner_id#5670,res_partner_id#5670,2
partner_tour_config#4858,res_partner_id#4858,res_partner_id#4858,2
partner_tour_config#24781,res_partner_id#24781,res_partner_id#24781,2
partner_tour_config#23596,res_partner_id#23596,res_partner_id#23596,2
partner_tour_config#23819,res_partner_id#23819,res_partner_id#23819,2
partner_tour_config#16442,res_partner_id#16442,res_partner_id#16442,3
partner_tour_config#23520,res_partner_id#23520,res_partner_id#23520,2
partner_tour_config#14174,res_partner_id#14174,res_partner_id#14174,3
partner_tour_config#23398,res_partner_id#23398,res_partner_id#23398,2
partner_tour_config#24177,res_partner_id#24177,res_partner_id#24177,2
partner_tour_config#22955,res_partner_id#22955,res_partner_id#22955,2
partner_tour_config#24538,res_partner_id#24538,res_partner_id#24538,2
partner_tour_config#24682,res_partner_id#24682,res_partner_id#24682,2
partner_tour_config#24241,res_partner_id#24241,res_partner_id#24241,2
partner_tour_config#23330,res_partner_id#23330,res_partner_id#23330,2
partner_tour_config#22704,res_partner_id#22704,res_partner_id#22704,2
partner_tour_config#24420,res_partner_id#24420,res_partner_id#24420,2
partner_tour_config#23471,res_partner_id#23471,res_partner_id#23471,2
partner_tour_config#23126,res_partner_id#23126,res_partner_id#23126,2
partner_tour_config#22668,res_partner_id#22668,res_partner_id#22668,2
partner_tour_config#24053,res_partner_id#24053,res_partner_id#24053,2
partner_tour_config#23174,res_partner_id#23174,res_partner_id#23174,2
partner_tour_config#22208,res_partner_id#22208,res_partner_id#22208,2
partner_tour_config#22652,res_partner_id#22652,res_partner_id#22652,2
partner_tour_config#23625,res_partner_id#23625,res_partner_id#23625,2
partner_tour_config#24323,res_partner_id#24323,res_partner_id#24323,2
partner_tour_config#22896,res_partner_id#22896,res_partner_id#22896,2
partner_tour_config#23287,res_partner_id#23287,res_partner_id#23287,2
partner_tour_config#6832,res_partner_id#6832,res_partner_id#6832,2
partner_tour_config#23683,res_partner_id#23683,res_partner_id#23683,2
partner_tour_config#896,res_partner_id#896,res_partner_id#896,3
partner_tour_config#23950,res_partner_id#23950,res_partner_id#23950,2
partner_tour_config#24364,res_partner_id#24364,res_partner_id#24364,2
partner_tour_config#20195,res_partner_id#20195,res_partner_id#20195,3
partner_tour_config#21144,res_partner_id#21144,res_partner_id#21144,2
partner_tour_config#23499,res_partner_id#23499,res_partner_id#23499,2
partner_tour_config#24090,res_partner_id#24090,res_partner_id#24090,2
partner_tour_config#23240,res_partner_id#23240,res_partner_id#23240,2
partner_tour_config#24134,res_partner_id#24134,res_partner_id#24134,2
partner_tour_config#24122,res_partner_id#24122,res_partner_id#24122,2
partner_tour_config#655,res_partner_id#655,res_partner_id#655,3
partner_tour_config#23637,res_partner_id#23637,res_partner_id#23637,2
partner_tour_config#24176,res_partner_id#24176,res_partner_id#24176,2
partner_tour_config#1069,res_partner_id#1069,res_partner_id#1069,2
partner_tour_config#24029,res_partner_id#24029,res_partner_id#24029,2
partner_tour_config#23669,res_partner_id#23669,res_partner_id#23669,2
partner_tour_config#13535,res_partner_id#13535,res_partner_id#13535,3
partner_tour_config#23671,res_partner_id#23671,res_partner_id#23671,2
partner_tour_config#22556,res_partner_id#22556,res_partner_id#22556,2
partner_tour_config#22528,res_partner_id#22528,res_partner_id#22528,2
partner_tour_config#23966,res_partner_id#23966,res_partner_id#23966,2
partner_tour_config#22445,res_partner_id#22445,res_partner_id#22445,2
partner_tour_config#24368,res_partner_id#24368,res_partner_id#24368,2
partner_tour_config#22269,res_partner_id#22269,res_partner_id#22269,2
partner_tour_config#23908,res_partner_id#23908,res_partner_id#23908,2
partner_tour_config#21153,res_partner_id#21153,res_partner_id#21153,2
partner_tour_config#22451,res_partner_id#22451,res_partner_id#22451,2
partner_tour_config#23709,res_partner_id#23709,res_partner_id#23709,2
partner_tour_config#24763,res_partner_id#24763,res_partner_id#24763,2
partner_tour_config#24042,res_partner_id#24042,res_partner_id#24042,2
partner_tour_config#22217,res_partner_id#22217,res_partner_id#22217,2
partner_tour_config#24732,res_partner_id#24732,res_partner_id#24732,2
partner_tour_config#22285,res_partner_id#22285,res_partner_id#22285,2
partner_tour_config#23357,res_partner_id#23357,res_partner_id#23357,2
partner_tour_config#22603,res_partner_id#22603,res_partner_id#22603,2
partner_tour_config#23133,res_partner_id#23133,res_partner_id#23133,2
partner_tour_config#3925,res_partner_id#3925,res_partner_id#3925,2
partner_tour_config#12410,res_partner_id#12410,res_partner_id#12410,3
partner_tour_config#24472,res_partner_id#24472,res_partner_id#24472,2
partner_tour_config#16285,res_partner_id#16285,res_partner_id#16285,2
partner_tour_config#22443,res_partner_id#22443,res_partner_id#22443,2
partner_tour_config#24298,res_partner_id#24298,res_partner_id#24298,2
partner_tour_config#23583,res_partner_id#23583,res_partner_id#23583,2
partner_tour_config#24667,res_partner_id#24667,res_partner_id#24667,2
partner_tour_config#24429,res_partner_id#24429,res_partner_id#24429,2
partner_tour_config#24498,res_partner_id#24498,res_partner_id#24498,2
partner_tour_config#24442,res_partner_id#24442,res_partner_id#24442,2
partner_tour_config#23923,res_partner_id#23923,res_partner_id#23923,2
partner_tour_config#23754,res_partner_id#23754,res_partner_id#23754,2
partner_tour_config#21075,res_partner_id#21075,res_partner_id#21075,2
partner_tour_config#24428,res_partner_id#24428,res_partner_id#24428,2
partner_tour_config#22782,res_partner_id#22782,res_partner_id#22782,2
partner_tour_config#24086,res_partner_id#24086,res_partner_id#24086,2
partner_tour_config#22074,res_partner_id#22074,res_partner_id#22074,2
partner_tour_config#24381,res_partner_id#24381,res_partner_id#24381,2
partner_tour_config#995,res_partner_id#995,res_partner_id#995,5
partner_tour_config#23321,res_partner_id#23321,res_partner_id#23321,2
partner_tour_config#24397,res_partner_id#24397,res_partner_id#24397,2
partner_tour_config#24751,res_partner_id#24751,res_partner_id#24751,2
partner_tour_config#24411,res_partner_id#24411,res_partner_id#24411,2
partner_tour_config#24410,res_partner_id#24410,res_partner_id#24410,2
partner_tour_config#23010,res_partner_id#23010,res_partner_id#23010,2
partner_tour_config#23985,res_partner_id#23985,res_partner_id#23985,2
partner_tour_config#22646,res_partner_id#22646,res_partner_id#22646,2
partner_tour_config#24371,res_partner_id#24371,res_partner_id#24371,2
partner_tour_config#24754,res_partner_id#24754,res_partner_id#24754,2
partner_tour_config#24394,res_partner_id#24394,res_partner_id#24394,2
partner_tour_config#24432,res_partner_id#24432,res_partner_id#24432,2
partner_tour_config#16551,res_partner_id#16551,res_partner_id#16551,3
partner_tour_config#23465,res_partner_id#23465,res_partner_id#23465,2
partner_tour_config#23316,res_partner_id#23316,res_partner_id#23316,2
partner_tour_config#14145,res_partner_id#14145,res_partner_id#14145,2
partner_tour_config#23831,res_partner_id#23831,res_partner_id#23831,2
partner_tour_config#67,res_partner_id#67,res_partner_id#67,3
partner_tour_config#24223,res_partner_id#24223,res_partner_id#24223,2
partner_tour_config#24823,res_partner_id#24823,res_partner_id#24823,2
partner_tour_config#24152,res_partner_id#24152,res_partner_id#24152,2
partner_tour_config#24757,res_partner_id#24757,res_partner_id#24757,2
partner_tour_config#24956,res_partner_id#24956,res_partner_id#24956,2
partner_tour_config#24104,res_partner_id#24104,res_partner_id#24104,2
partner_tour_config#24085,res_partner_id#24085,res_partner_id#24085,2
partner_tour_config#21040,res_partner_id#21040,res_partner_id#21040,2
partner_tour_config#6098,res_partner_id#6098,res_partner_id#6098,2
partner_tour_config#22830,res_partner_id#22830,res_partner_id#22830,2
partner_tour_config#22920,res_partner_id#22920,res_partner_id#22920,2
partner_tour_config#13920,res_partner_id#13920,res_partner_id#13920,2
partner_tour_config#22007,res_partner_id#22007,res_partner_id#22007,2
partner_tour_config#24236,res_partner_id#24236,res_partner_id#24236,2
partner_tour_config#24275,res_partner_id#24275,res_partner_id#24275,2
partner_tour_config#24107,res_partner_id#24107,res_partner_id#24107,2
partner_tour_config#24120,res_partner_id#24120,res_partner_id#24120,2
partner_tour_config#24320,res_partner_id#24320,res_partner_id#24320,2
partner_tour_config#24289,res_partner_id#24289,res_partner_id#24289,2
partner_tour_config#24319,res_partner_id#24319,res_partner_id#24319,2
partner_tour_config#24316,res_partner_id#24316,res_partner_id#24316,2
partner_tour_config#4511,res_partner_id#4511,res_partner_id#4511,2
partner_tour_config#20393,res_partner_id#20393,res_partner_id#20393,2
partner_tour_config#24626,res_partner_id#24626,res_partner_id#24626,2
partner_tour_config#23816,res_partner_id#23816,res_partner_id#23816,2
partner_tour_config#4939,res_partner_id#4939,res_partner_id#4939,2
partner_tour_config#8208,res_partner_id#8208,res_partner_id#8208,2
partner_tour_config#18148,res_partner_id#18148,res_partner_id#18148,3
partner_tour_config#21419,res_partner_id#21419,res_partner_id#21419,2
partner_tour_config#21854,res_partner_id#21854,res_partner_id#21854,2
partner_tour_config#23507,res_partner_id#23507,res_partner_id#23507,2
partner_tour_config#23806,res_partner_id#23806,res_partner_id#23806,2
partner_tour_config#22707,res_partner_id#22707,res_partner_id#22707,2
partner_tour_config#24658,res_partner_id#24658,res_partner_id#24658,2
partner_tour_config#24372,res_partner_id#24372,res_partner_id#24372,2
partner_tour_config#24150,res_partner_id#24150,res_partner_id#24150,2
partner_tour_config#18415,res_partner_id#18415,res_partner_id#18415,2
partner_tour_config#22442,res_partner_id#22442,res_partner_id#22442,2
partner_tour_config#24312,res_partner_id#24312,res_partner_id#24312,2
partner_tour_config#24192,res_partner_id#24192,res_partner_id#24192,2
partner_tour_config#24447,res_partner_id#24447,res_partner_id#24447,2
partner_tour_config#23750,res_partner_id#23750,res_partner_id#23750,2
partner_tour_config#21816,res_partner_id#21816,res_partner_id#21816,2
partner_tour_config#13954,res_partner_id#13954,res_partner_id#13954,2
partner_tour_config#24571,res_partner_id#24571,res_partner_id#24571,2
partner_tour_config#24369,res_partner_id#24369,res_partner_id#24369,2
partner_tour_config#23860,res_partner_id#23860,res_partner_id#23860,2
partner_tour_config#22271,res_partner_id#22271,res_partner_id#22271,2
partner_tour_config#20554,res_partner_id#20554,res_partner_id#20554,2
partner_tour_config#1493,res_partner_id#1493,res_partner_id#1493,3
partner_tour_config#23933,res_partner_id#23933,res_partner_id#23933,2
partner_tour_config#24662,res_partner_id#24662,res_partner_id#24662,2
partner_tour_config#23459,res_partner_id#23459,res_partner_id#23459,2
partner_tour_config#22732,res_partner_id#22732,res_partner_id#22732,2
partner_tour_config#4538,res_partner_id#4538,res_partner_id#4538,2
partner_tour_config#23560,res_partner_id#23560,res_partner_id#23560,2
partner_tour_config#24526,res_partner_id#24526,res_partner_id#24526,2
partner_tour_config#17591,res_partner_id#17591,res_partner_id#17591,2
partner_tour_config#23926,res_partner_id#23926,res_partner_id#23926,2
partner_tour_config#24706,res_partner_id#24706,res_partner_id#24706,2
partner_tour_config#23189,res_partner_id#23189,res_partner_id#23189,2
partner_tour_config#21140,res_partner_id#21140,res_partner_id#21140,2
partner_tour_config#23223,res_partner_id#23223,res_partner_id#23223,2
partner_tour_config#1097,res_partner_id#1097,res_partner_id#1097,2
partner_tour_config#24109,res_partner_id#24109,res_partner_id#24109,2
partner_tour_config#21354,res_partner_id#21354,res_partner_id#21354,2
partner_tour_config#24291,res_partner_id#24291,res_partner_id#24291,2
partner_tour_config#16821,res_partner_id#16821,res_partner_id#16821,3
partner_tour_config#24689,res_partner_id#24689,res_partner_id#24689,2
partner_tour_config#15833,res_partner_id#15833,res_partner_id#15833,3
partner_tour_config#23845,res_partner_id#23845,res_partner_id#23845,2
partner_tour_config#24147,res_partner_id#24147,res_partner_id#24147,2
partner_tour_config#12045,res_partner_id#12045,res_partner_id#12045,3
partner_tour_config#24780,res_partner_id#24780,res_partner_id#24780,2
partner_tour_config#24576,res_partner_id#24576,res_partner_id#24576,2
partner_tour_config#24096,res_partner_id#24096,res_partner_id#24096,2
partner_tour_config#23928,res_partner_id#23928,res_partner_id#23928,2
partner_tour_config#24482,res_partner_id#24482,res_partner_id#24482,2
partner_tour_config#1451,res_partner_id#1451,res_partner_id#1451,3
partner_tour_config#22223,res_partner_id#22223,res_partner_id#22223,2
partner_tour_config#22321,res_partner_id#22321,res_partner_id#22321,2
partner_tour_config#21662,res_partner_id#21662,res_partner_id#21662,2
partner_tour_config#21337,res_partner_id#21337,res_partner_id#21337,2
partner_tour_config#22589,res_partner_id#22589,res_partner_id#22589,2
partner_tour_config#21160,res_partner_id#21160,res_partner_id#21160,2
partner_tour_config#24755,res_partner_id#24755,res_partner_id#24755,2
partner_tour_config#16981,res_partner_id#16981,res_partner_id#16981,3
partner_tour_config#24286,res_partner_id#24286,res_partner_id#24286,2
partner_tour_config#24044,res_partner_id#24044,res_partner_id#24044,2
partner_tour_config#23858,res_partner_id#23858,res_partner_id#23858,2
partner_tour_config#24270,res_partner_id#24270,res_partner_id#24270,2
partner_tour_config#24541,res_partner_id#24541,res_partner_id#24541,2
partner_tour_config#23276,res_partner_id#23276,res_partner_id#23276,2
partner_tour_config#24338,res_partner_id#24338,res_partner_id#24338,2
partner_tour_config#24738,res_partner_id#24738,res_partner_id#24738,2
partner_tour_config#22915,res_partner_id#22915,res_partner_id#22915,2
partner_tour_config#24374,res_partner_id#24374,res_partner_id#24374,2
partner_tour_config#24752,res_partner_id#24752,res_partner_id#24752,2
partner_tour_config#11513,res_partner_id#11513,res_partner_id#11513,2
partner_tour_config#21336,res_partner_id#21336,res_partner_id#21336,2
partner_tour_config#24460,res_partner_id#24460,res_partner_id#24460,2
partner_tour_config#124,res_partner_id#124,res_partner_id#124,5
partner_tour_config#626,res_partner_id#626,res_partner_id#626,3
partner_tour_config#1278,res_partner_id#1278,res_partner_id#1278,3
partner_tour_config#24841,res_partner_id#24841,res_partner_id#24841,2
partner_tour_config#23756,res_partner_id#23756,res_partner_id#23756,2
partner_tour_config#23092,res_partner_id#23092,res_partner_id#23092,2
partner_tour_config#22080,res_partner_id#22080,res_partner_id#22080,2
partner_tour_config#24062,res_partner_id#24062,res_partner_id#24062,2
partner_tour_config#23347,res_partner_id#23347,res_partner_id#23347,2
partner_tour_config#24393,res_partner_id#24393,res_partner_id#24393,2
partner_tour_config#7099,res_partner_id#7099,res_partner_id#7099,2
partner_tour_config#22835,res_partner_id#22835,res_partner_id#22835,2
partner_tour_config#23617,res_partner_id#23617,res_partner_id#23617,2
partner_tour_config#23732,res_partner_id#23732,res_partner_id#23732,2
partner_tour_config#23763,res_partner_id#23763,res_partner_id#23763,2
partner_tour_config#22696,res_partner_id#22696,res_partner_id#22696,2
partner_tour_config#24199,res_partner_id#24199,res_partner_id#24199,2
partner_tour_config#24111,res_partner_id#24111,res_partner_id#24111,2
partner_tour_config#17231,res_partner_id#17231,res_partner_id#17231,3
partner_tour_config#22781,res_partner_id#22781,res_partner_id#22781,2
partner_tour_config#24129,res_partner_id#24129,res_partner_id#24129,2
partner_tour_config#23346,res_partner_id#23346,res_partner_id#23346,2
partner_tour_config#23945,res_partner_id#23945,res_partner_id#23945,2
partner_tour_config#24099,res_partner_id#24099,res_partner_id#24099,2
partner_tour_config#22294,res_partner_id#22294,res_partner_id#22294,2
partner_tour_config#24339,res_partner_id#24339,res_partner_id#24339,2
partner_tour_config#24151,res_partner_id#24151,res_partner_id#24151,2
partner_tour_config#22609,res_partner_id#22609,res_partner_id#22609,2
partner_tour_config#5589,res_partner_id#5589,res_partner_id#5589,2
partner_tour_config#24137,res_partner_id#24137,res_partner_id#24137,2
partner_tour_config#23967,res_partner_id#23967,res_partner_id#23967,2
partner_tour_config#22876,res_partner_id#22876,res_partner_id#22876,2
partner_tour_config#225,res_partner_id#225,res_partner_id#225,5
partner_tour_config#6898,res_partner_id#6898,res_partner_id#6898,2
partner_tour_config#22081,res_partner_id#22081,res_partner_id#22081,2
partner_tour_config#23823,res_partner_id#23823,res_partner_id#23823,2
partner_tour_config#24750,res_partner_id#24750,res_partner_id#24750,2
partner_tour_config#24543,res_partner_id#24543,res_partner_id#24543,2
partner_tour_config#24370,res_partner_id#24370,res_partner_id#24370,2
partner_tour_config#24558,res_partner_id#24558,res_partner_id#24558,2
partner_tour_config#24340,res_partner_id#24340,res_partner_id#24340,2
partner_tour_config#23605,res_partner_id#23605,res_partner_id#23605,2
partner_tour_config#22610,res_partner_id#22610,res_partner_id#22610,2
partner_tour_config#8268,res_partner_id#8268,res_partner_id#8268,2
partner_tour_config#24318,res_partner_id#24318,res_partner_id#24318,2
partner_tour_config#24731,res_partner_id#24731,res_partner_id#24731,2
partner_tour_config#23809,res_partner_id#23809,res_partner_id#23809,2
partner_tour_config#24373,res_partner_id#24373,res_partner_id#24373,2
partner_tour_config#23626,res_partner_id#23626,res_partner_id#23626,2
partner_tour_config#11573,res_partner_id#11573,res_partner_id#11573,3
partner_tour_config#23747,res_partner_id#23747,res_partner_id#23747,2
partner_tour_config#21265,res_partner_id#21265,res_partner_id#21265,2
partner_tour_config#21501,res_partner_id#21501,res_partner_id#21501,2
partner_tour_config#23075,res_partner_id#23075,res_partner_id#23075,2
partner_tour_config#24227,res_partner_id#24227,res_partner_id#24227,2
partner_tour_config#24197,res_partner_id#24197,res_partner_id#24197,2
partner_tour_config#24510,res_partner_id#24510,res_partner_id#24510,2
partner_tour_config#23942,res_partner_id#23942,res_partner_id#23942,2
partner_tour_config#22480,res_partner_id#22480,res_partner_id#22480,2
partner_tour_config#19868,res_partner_id#19868,res_partner_id#19868,2
partner_tour_config#24101,res_partner_id#24101,res_partner_id#24101,2
partner_tour_config#23102,res_partner_id#23102,res_partner_id#23102,2
partner_tour_config#24525,res_partner_id#24525,res_partner_id#24525,2
partner_tour_config#2741,res_partner_id#2741,res_partner_id#2741,3
partner_tour_config#17970,res_partner_id#17970,res_partner_id#17970,2
partner_tour_config#19042,res_partner_id#19042,res_partner_id#19042,2
partner_tour_config#3730,res_partner_id#3730,res_partner_id#3730,2
partner_tour_config#23882,res_partner_id#23882,res_partner_id#23882,2
partner_tour_config#24191,res_partner_id#24191,res_partner_id#24191,2
partner_tour_config#23612,res_partner_id#23612,res_partner_id#23612,2
partner_tour_config#23873,res_partner_id#23873,res_partner_id#23873,2
partner_tour_config#23924,res_partner_id#23924,res_partner_id#23924,2
partner_tour_config#24675,res_partner_id#24675,res_partner_id#24675,2
partner_tour_config#22478,res_partner_id#22478,res_partner_id#22478,2
partner_tour_config#5304,res_partner_id#5304,res_partner_id#5304,3
partner_tour_config#24294,res_partner_id#24294,res_partner_id#24294,2
partner_tour_config#24490,res_partner_id#24490,res_partner_id#24490,2
partner_tour_config#24292,res_partner_id#24292,res_partner_id#24292,2
partner_tour_config#12765,res_partner_id#12765,res_partner_id#12765,2
partner_tour_config#15105,res_partner_id#15105,res_partner_id#15105,2
partner_tour_config#13046,res_partner_id#13046,res_partner_id#13046,2
partner_tour_config#8997,res_partner_id#8997,res_partner_id#8997,2
partner_tour_config#24048,res_partner_id#24048,res_partner_id#24048,2
partner_tour_config#24531,res_partner_id#24531,res_partner_id#24531,2
partner_tour_config#15367,res_partner_id#15367,res_partner_id#15367,2
partner_tour_config#24148,res_partner_id#24148,res_partner_id#24148,2
partner_tour_config#24190,res_partner_id#24190,res_partner_id#24190,2
partner_tour_config#21271,res_partner_id#21271,res_partner_id#21271,2
partner_tour_config#22766,res_partner_id#22766,res_partner_id#22766,2
partner_tour_config#24395,res_partner_id#24395,res_partner_id#24395,2
partner_tour_config#24704,res_partner_id#24704,res_partner_id#24704,2
partner_tour_config#24205,res_partner_id#24205,res_partner_id#24205,2
partner_tour_config#12209,res_partner_id#12209,res_partner_id#12209,3
partner_tour_config#22192,res_partner_id#22192,res_partner_id#22192,2
partner_tour_config#13843,res_partner_id#13843,res_partner_id#13843,2
partner_tour_config#23222,res_partner_id#23222,res_partner_id#23222,2
partner_tour_config#24594,res_partner_id#24594,res_partner_id#24594,2
partner_tour_config#23919,res_partner_id#23919,res_partner_id#23919,2
partner_tour_config#15096,res_partner_id#15096,res_partner_id#15096,2
partner_tour_config#22882,res_partner_id#22882,res_partner_id#22882,2
partner_tour_config#24057,res_partner_id#24057,res_partner_id#24057,2
partner_tour_config#21268,res_partner_id#21268,res_partner_id#21268,2
partner_tour_config#23768,res_partner_id#23768,res_partner_id#23768,2
partner_tour_config#24527,res_partner_id#24527,res_partner_id#24527,2
partner_tour_config#24644,res_partner_id#24644,res_partner_id#24644,2
partner_tour_config#24146,res_partner_id#24146,res_partner_id#24146,2
partner_tour_config#22959,res_partner_id#22959,res_partner_id#22959,2
partner_tour_config#24018,res_partner_id#24018,res_partner_id#24018,2
partner_tour_config#22133,res_partner_id#22133,res_partner_id#22133,2
partner_tour_config#22134,res_partner_id#22134,res_partner_id#22134,2
partner_tour_config#22560,res_partner_id#22560,res_partner_id#22560,2
partner_tour_config#23051,res_partner_id#23051,res_partner_id#23051,2
partner_tour_config#12354,res_partner_id#12354,res_partner_id#12354,2
partner_tour_config#23096,res_partner_id#23096,res_partner_id#23096,2
partner_tour_config#24826,res_partner_id#24826,res_partner_id#24826,2
partner_tour_config#22132,res_partner_id#22132,res_partner_id#22132,2
partner_tour_config#13956,res_partner_id#13956,res_partner_id#13956,2
partner_tour_config#24503,res_partner_id#24503,res_partner_id#24503,2
partner_tour_config#23304,res_partner_id#23304,res_partner_id#23304,2
partner_tour_config#23473,res_partner_id#23473,res_partner_id#23473,2
partner_tour_config#20352,res_partner_id#20352,res_partner_id#20352,2
partner_tour_config#24097,res_partner_id#24097,res_partner_id#24097,2
partner_tour_config#23899,res_partner_id#23899,res_partner_id#23899,2
partner_tour_config#24352,res_partner_id#24352,res_partner_id#24352,2
partner_tour_config#24783,res_partner_id#24783,res_partner_id#24783,2
partner_tour_config#24125,res_partner_id#24125,res_partner_id#24125,2
partner_tour_config#24489,res_partner_id#24489,res_partner_id#24489,2
partner_tour_config#22846,res_partner_id#22846,res_partner_id#22846,2
partner_tour_config#20394,res_partner_id#20394,res_partner_id#20394,2
partner_tour_config#12707,res_partner_id#12707,res_partner_id#12707,3
partner_tour_config#18938,res_partner_id#18938,res_partner_id#18938,2
partner_tour_config#22232,res_partner_id#22232,res_partner_id#22232,2
partner_tour_config#22278,res_partner_id#22278,res_partner_id#22278,2
partner_tour_config#19114,res_partner_id#19114,res_partner_id#19114,2
partner_tour_config#24727,res_partner_id#24727,res_partner_id#24727,2
partner_tour_config#377,res_partner_id#377,res_partner_id#377,2
partner_tour_config#642,res_partner_id#642,res_partner_id#642,3
partner_tour_config#24181,res_partner_id#24181,res_partner_id#24181,2
partner_tour_config#19688,res_partner_id#19688,res_partner_id#19688,2
partner_tour_config#20090,res_partner_id#20090,res_partner_id#20090,2
partner_tour_config#22895,res_partner_id#22895,res_partner_id#22895,2
partner_tour_config#24094,res_partner_id#24094,res_partner_id#24094,2
partner_tour_config#24415,res_partner_id#24415,res_partner_id#24415,2
partner_tour_config#23517,res_partner_id#23517,res_partner_id#23517,2
partner_tour_config#21469,res_partner_id#21469,res_partner_id#21469,2
partner_tour_config#22999,res_partner_id#22999,res_partner_id#22999,2
partner_tour_config#22626,res_partner_id#22626,res_partner_id#22626,2
partner_tour_config#23660,res_partner_id#23660,res_partner_id#23660,2
partner_tour_config#24579,res_partner_id#24579,res_partner_id#24579,2
partner_tour_config#22305,res_partner_id#22305,res_partner_id#22305,2
partner_tour_config#24358,res_partner_id#24358,res_partner_id#24358,2
partner_tour_config#22453,res_partner_id#22453,res_partner_id#22453,2
partner_tour_config#24113,res_partner_id#24113,res_partner_id#24113,2
partner_tour_config#24330,res_partner_id#24330,res_partner_id#24330,2
partner_tour_config#24069,res_partner_id#24069,res_partner_id#24069,2
partner_tour_config#13052,res_partner_id#13052,res_partner_id#13052,2
partner_tour_config#23354,res_partner_id#23354,res_partner_id#23354,2
partner_tour_config#1623,res_partner_id#1623,res_partner_id#1623,2
partner_tour_config#22082,res_partner_id#22082,res_partner_id#22082,2
partner_tour_config#24187,res_partner_id#24187,res_partner_id#24187,2
partner_tour_config#23760,res_partner_id#23760,res_partner_id#23760,2
partner_tour_config#24170,res_partner_id#24170,res_partner_id#24170,2
partner_tour_config#20291,res_partner_id#20291,res_partner_id#20291,3
partner_tour_config#4726,res_partner_id#4726,res_partner_id#4726,3
partner_tour_config#1196,res_partner_id#1196,res_partner_id#1196,3
partner_tour_config#3799,res_partner_id#3799,res_partner_id#3799,2
partner_tour_config#10936,res_partner_id#10936,res_partner_id#10936,2
partner_tour_config#24160,res_partner_id#24160,res_partner_id#24160,2
partner_tour_config#23220,res_partner_id#23220,res_partner_id#23220,2
partner_tour_config#22964,res_partner_id#22964,res_partner_id#22964,2
partner_tour_config#18739,res_partner_id#18739,res_partner_id#18739,2
partner_tour_config#24232,res_partner_id#24232,res_partner_id#24232,2
partner_tour_config#24697,res_partner_id#24697,res_partner_id#24697,2
partner_tour_config#24056,res_partner_id#24056,res_partner_id#24056,2
partner_tour_config#24488,res_partner_id#24488,res_partner_id#24488,2
partner_tour_config#23099,res_partner_id#23099,res_partner_id#23099,2
partner_tour_config#23995,res_partner_id#23995,res_partner_id#23995,2
partner_tour_config#22378,res_partner_id#22378,res_partner_id#22378,2
partner_tour_config#5576,res_partner_id#5576,res_partner_id#5576,2
partner_tour_config#24021,res_partner_id#24021,res_partner_id#24021,2
partner_tour_config#21852,res_partner_id#21852,res_partner_id#21852,2
partner_tour_config#21165,res_partner_id#21165,res_partner_id#21165,2
partner_tour_config#24664,res_partner_id#24664,res_partner_id#24664,2
partner_tour_config#24591,res_partner_id#24591,res_partner_id#24591,2
partner_tour_config#24804,res_partner_id#24804,res_partner_id#24804,2
partner_tour_config#365,res_partner_id#365,res_partner_id#365,3
partner_tour_config#11382,res_partner_id#11382,res_partner_id#11382,2
partner_tour_config#22087,res_partner_id#22087,res_partner_id#22087,2
partner_tour_config#24802,res_partner_id#24802,res_partner_id#24802,2
partner_tour_config#24154,res_partner_id#24154,res_partner_id#24154,2
partner_tour_config#20312,res_partner_id#20312,res_partner_id#20312,2
partner_tour_config#22083,res_partner_id#22083,res_partner_id#22083,2
partner_tour_config#23658,res_partner_id#23658,res_partner_id#23658,2
partner_tour_config#22085,res_partner_id#22085,res_partner_id#22085,2
partner_tour_config#23057,res_partner_id#23057,res_partner_id#23057,2
partner_tour_config#24739,res_partner_id#24739,res_partner_id#24739,2
partner_tour_config#24360,res_partner_id#24360,res_partner_id#24360,2
partner_tour_config#24047,res_partner_id#24047,res_partner_id#24047,2
partner_tour_config#22089,res_partner_id#22089,res_partner_id#22089,2
partner_tour_config#24458,res_partner_id#24458,res_partner_id#24458,2
partner_tour_config#13018,res_partner_id#13018,res_partner_id#13018,2
partner_tour_config#315,res_partner_id#315,res_partner_id#315,2
partner_tour_config#23380,res_partner_id#23380,res_partner_id#23380,2
partner_tour_config#22716,res_partner_id#22716,res_partner_id#22716,2
partner_tour_config#22270,res_partner_id#22270,res_partner_id#22270,2
partner_tour_config#22262,res_partner_id#22262,res_partner_id#22262,2
partner_tour_config#24719,res_partner_id#24719,res_partner_id#24719,2
partner_tour_config#23906,res_partner_id#23906,res_partner_id#23906,2
partner_tour_config#23395,res_partner_id#23395,res_partner_id#23395,2
partner_tour_config#23849,res_partner_id#23849,res_partner_id#23849,2
partner_tour_config#928,res_partner_id#928,res_partner_id#928,2
partner_tour_config#22831,res_partner_id#22831,res_partner_id#22831,2
partner_tour_config#24733,res_partner_id#24733,res_partner_id#24733,2
partner_tour_config#23634,res_partner_id#23634,res_partner_id#23634,2
partner_tour_config#22737,res_partner_id#22737,res_partner_id#22737,2
partner_tour_config#23130,res_partner_id#23130,res_partner_id#23130,2
partner_tour_config#24235,res_partner_id#24235,res_partner_id#24235,2
partner_tour_config#22715,res_partner_id#22715,res_partner_id#22715,2
partner_tour_config#24155,res_partner_id#24155,res_partner_id#24155,2
partner_tour_config#16263,res_partner_id#16263,res_partner_id#16263,2
partner_tour_config#23980,res_partner_id#23980,res_partner_id#23980,2
partner_tour_config#23693,res_partner_id#23693,res_partner_id#23693,2
partner_tour_config#24784,res_partner_id#24784,res_partner_id#24784,2
partner_tour_config#24233,res_partner_id#24233,res_partner_id#24233,2
partner_tour_config#24329,res_partner_id#24329,res_partner_id#24329,2
partner_tour_config#23870,res_partner_id#23870,res_partner_id#23870,2
partner_tour_config#22360,res_partner_id#22360,res_partner_id#22360,2
partner_tour_config#23205,res_partner_id#23205,res_partner_id#23205,2
partner_tour_config#23894,res_partner_id#23894,res_partner_id#23894,2
partner_tour_config#24746,res_partner_id#24746,res_partner_id#24746,2
partner_tour_config#24184,res_partner_id#24184,res_partner_id#24184,2
partner_tour_config#23582,res_partner_id#23582,res_partner_id#23582,2
partner_tour_config#24074,res_partner_id#24074,res_partner_id#24074,2
partner_tour_config#24022,res_partner_id#24022,res_partner_id#24022,2
partner_tour_config#24485,res_partner_id#24485,res_partner_id#24485,2
partner_tour_config#22368,res_partner_id#22368,res_partner_id#22368,2
partner_tour_config#22218,res_partner_id#22218,res_partner_id#22218,2
partner_tour_config#817,res_partner_id#817,res_partner_id#817,2
partner_tour_config#6159,res_partner_id#6159,res_partner_id#6159,2
partner_tour_config#24335,res_partner_id#24335,res_partner_id#24335,2
partner_tour_config#22987,res_partner_id#22987,res_partner_id#22987,2
partner_tour_config#24840,res_partner_id#24840,res_partner_id#24840,2
partner_tour_config#22159,res_partner_id#22159,res_partner_id#22159,2
partner_tour_config#22336,res_partner_id#22336,res_partner_id#22336,2
partner_tour_config#24824,res_partner_id#24824,res_partner_id#24824,2
partner_tour_config#22341,res_partner_id#22341,res_partner_id#22341,2
partner_tour_config#23249,res_partner_id#23249,res_partner_id#23249,2
partner_tour_config#23565,res_partner_id#23565,res_partner_id#23565,2
partner_tour_config#22459,res_partner_id#22459,res_partner_id#22459,2
partner_tour_config#24519,res_partner_id#24519,res_partner_id#24519,2
partner_tour_config#24621,res_partner_id#24621,res_partner_id#24621,2
partner_tour_config#22447,res_partner_id#22447,res_partner_id#22447,2
partner_tour_config#24143,res_partner_id#24143,res_partner_id#24143,2
partner_tour_config#24396,res_partner_id#24396,res_partner_id#24396,2
partner_tour_config#24494,res_partner_id#24494,res_partner_id#24494,2
partner_tour_config#24765,res_partner_id#24765,res_partner_id#24765,2
partner_tour_config#15672,res_partner_id#15672,res_partner_id#15672,2
partner_tour_config#23715,res_partner_id#23715,res_partner_id#23715,2
partner_tour_config#2707,res_partner_id#2707,res_partner_id#2707,2
partner_tour_config#4833,res_partner_id#4833,res_partner_id#4833,3
partner_tour_config#9910,res_partner_id#9910,res_partner_id#9910,2
partner_tour_config#11684,res_partner_id#11684,res_partner_id#11684,2
partner_tour_config#24537,res_partner_id#24537,res_partner_id#24537,2
partner_tour_config#22290,res_partner_id#22290,res_partner_id#22290,2
partner_tour_config#24309,res_partner_id#24309,res_partner_id#24309,2
partner_tour_config#24051,res_partner_id#24051,res_partner_id#24051,2
partner_tour_config#23774,res_partner_id#23774,res_partner_id#23774,2
partner_tour_config#22526,res_partner_id#22526,res_partner_id#22526,2
partner_tour_config#23144,res_partner_id#23144,res_partner_id#23144,2
partner_tour_config#22365,res_partner_id#22365,res_partner_id#22365,2
partner_tour_config#23566,res_partner_id#23566,res_partner_id#23566,2
partner_tour_config#23790,res_partner_id#23790,res_partner_id#23790,2
partner_tour_config#22542,res_partner_id#22542,res_partner_id#22542,2
partner_tour_config#24400,res_partner_id#24400,res_partner_id#24400,2
partner_tour_config#9281,res_partner_id#9281,res_partner_id#9281,2
partner_tour_config#23045,res_partner_id#23045,res_partner_id#23045,2
partner_tour_config#23175,res_partner_id#23175,res_partner_id#23175,2
partner_tour_config#746,res_partner_id#746,res_partner_id#746,3
partner_tour_config#23109,res_partner_id#23109,res_partner_id#23109,2
partner_tour_config#24036,res_partner_id#24036,res_partner_id#24036,2
partner_tour_config#23690,res_partner_id#23690,res_partner_id#23690,2
partner_tour_config#23342,res_partner_id#23342,res_partner_id#23342,2
partner_tour_config#22369,res_partner_id#22369,res_partner_id#22369,2
partner_tour_config#22245,res_partner_id#22245,res_partner_id#22245,2
partner_tour_config#22729,res_partner_id#22729,res_partner_id#22729,2
partner_tour_config#20749,res_partner_id#20749,res_partner_id#20749,2
partner_tour_config#22440,res_partner_id#22440,res_partner_id#22440,2
partner_tour_config#19277,res_partner_id#19277,res_partner_id#19277,2
partner_tour_config#24269,res_partner_id#24269,res_partner_id#24269,2
partner_tour_config#22340,res_partner_id#22340,res_partner_id#22340,2
partner_tour_config#23063,res_partner_id#23063,res_partner_id#23063,2
partner_tour_config#22357,res_partner_id#22357,res_partner_id#22357,2
partner_tour_config#22818,res_partner_id#22818,res_partner_id#22818,2
partner_tour_config#10453,res_partner_id#10453,res_partner_id#10453,2
partner_tour_config#17188,res_partner_id#17188,res_partner_id#17188,2
partner_tour_config#23129,res_partner_id#23129,res_partner_id#23129,2
partner_tour_config#22092,res_partner_id#22092,res_partner_id#22092,2
partner_tour_config#22097,res_partner_id#22097,res_partner_id#22097,2
partner_tour_config#22093,res_partner_id#22093,res_partner_id#22093,2
partner_tour_config#22095,res_partner_id#22095,res_partner_id#22095,2
partner_tour_config#20583,res_partner_id#20583,res_partner_id#20583,2
partner_tour_config#19919,res_partner_id#19919,res_partner_id#19919,2
partner_tour_config#9697,res_partner_id#9697,res_partner_id#9697,2
partner_tour_config#23147,res_partner_id#23147,res_partner_id#23147,2
partner_tour_config#24691,res_partner_id#24691,res_partner_id#24691,2
partner_tour_config#22366,res_partner_id#22366,res_partner_id#22366,2
partner_tour_config#22855,res_partner_id#22855,res_partner_id#22855,2
partner_tour_config#24379,res_partner_id#24379,res_partner_id#24379,2
partner_tour_config#23573,res_partner_id#23573,res_partner_id#23573,2
partner_tour_config#24814,res_partner_id#24814,res_partner_id#24814,2
partner_tour_config#22090,res_partner_id#22090,res_partner_id#22090,2
partner_tour_config#22094,res_partner_id#22094,res_partner_id#22094,2
partner_tour_config#23214,res_partner_id#23214,res_partner_id#23214,2
partner_tour_config#23427,res_partner_id#23427,res_partner_id#23427,2
partner_tour_config#23451,res_partner_id#23451,res_partner_id#23451,5
partner_tour_config#24647,res_partner_id#24647,res_partner_id#24647,2
partner_tour_config#24464,res_partner_id#24464,res_partner_id#24464,2
partner_tour_config#23803,res_partner_id#23803,res_partner_id#23803,2
partner_tour_config#24678,res_partner_id#24678,res_partner_id#24678,2
partner_tour_config#427,res_partner_id#427,res_partner_id#427,3
partner_tour_config#22844,res_partner_id#22844,res_partner_id#22844,2
partner_tour_config#22216,res_partner_id#22216,res_partner_id#22216,2
partner_tour_config#22226,res_partner_id#22226,res_partner_id#22226,2
partner_tour_config#22457,res_partner_id#22457,res_partner_id#22457,2
partner_tour_config#22650,res_partner_id#22650,res_partner_id#22650,2
partner_tour_config#24310,res_partner_id#24310,res_partner_id#24310,2
partner_tour_config#22489,res_partner_id#22489,res_partner_id#22489,2
partner_tour_config#24451,res_partner_id#24451,res_partner_id#24451,2
partner_tour_config#22770,res_partner_id#22770,res_partner_id#22770,2
partner_tour_config#22455,res_partner_id#22455,res_partner_id#22455,2
partner_tour_config#24679,res_partner_id#24679,res_partner_id#24679,2
partner_tour_config#23439,res_partner_id#23439,res_partner_id#23439,2
partner_tour_config#24159,res_partner_id#24159,res_partner_id#24159,2
partner_tour_config#24825,res_partner_id#24825,res_partner_id#24825,2
partner_tour_config#22118,res_partner_id#22118,res_partner_id#22118,2
partner_tour_config#23195,res_partner_id#23195,res_partner_id#23195,2
partner_tour_config#21004,res_partner_id#21004,res_partner_id#21004,2
partner_tour_config#23751,res_partner_id#23751,res_partner_id#23751,2
partner_tour_config#22527,res_partner_id#22527,res_partner_id#22527,2
partner_tour_config#22173,res_partner_id#22173,res_partner_id#22173,2
partner_tour_config#22247,res_partner_id#22247,res_partner_id#22247,2
partner_tour_config#6103,res_partner_id#6103,res_partner_id#6103,2
partner_tour_config#23022,res_partner_id#23022,res_partner_id#23022,2
partner_tour_config#10941,res_partner_id#10941,res_partner_id#10941,3
partner_tour_config#22897,res_partner_id#22897,res_partner_id#22897,2
partner_tour_config#24158,res_partner_id#24158,res_partner_id#24158,2
partner_tour_config#24800,res_partner_id#24800,res_partner_id#24800,2
partner_tour_config#23356,res_partner_id#23356,res_partner_id#23356,2
partner_tour_config#23052,res_partner_id#23052,res_partner_id#23052,2
partner_tour_config#9706,res_partner_id#9706,res_partner_id#9706,2
partner_tour_config#21578,res_partner_id#21578,res_partner_id#21578,2
partner_tour_config#22416,res_partner_id#22416,res_partner_id#22416,2
partner_tour_config#22169,res_partner_id#22169,res_partner_id#22169,2
partner_tour_config#22243,res_partner_id#22243,res_partner_id#22243,2
partner_tour_config#22798,res_partner_id#22798,res_partner_id#22798,2
partner_tour_config#12198,res_partner_id#12198,res_partner_id#12198,3
partner_tour_config#22547,res_partner_id#22547,res_partner_id#22547,2
partner_tour_config#23146,res_partner_id#23146,res_partner_id#23146,2
partner_tour_config#13653,res_partner_id#13653,res_partner_id#13653,5
partner_tour_config#22258,res_partner_id#22258,res_partner_id#22258,2
partner_tour_config#23191,res_partner_id#23191,res_partner_id#23191,2
partner_tour_config#22351,res_partner_id#22351,res_partner_id#22351,2
partner_tour_config#22768,res_partner_id#22768,res_partner_id#22768,2
partner_tour_config#22335,res_partner_id#22335,res_partner_id#22335,2
partner_tour_config#24366,res_partner_id#24366,res_partner_id#24366,2
partner_tour_config#22665,res_partner_id#22665,res_partner_id#22665,2
partner_tour_config#23639,res_partner_id#23639,res_partner_id#23639,2
partner_tour_config#24116,res_partner_id#24116,res_partner_id#24116,2
partner_tour_config#23505,res_partner_id#23505,res_partner_id#23505,2
partner_tour_config#24787,res_partner_id#24787,res_partner_id#24787,2
partner_tour_config#22362,res_partner_id#22362,res_partner_id#22362,2
partner_tour_config#18674,res_partner_id#18674,res_partner_id#18674,2
partner_tour_config#19498,res_partner_id#19498,res_partner_id#19498,2
partner_tour_config#22400,res_partner_id#22400,res_partner_id#22400,2
partner_tour_config#505,res_partner_id#505,res_partner_id#505,2
partner_tour_config#23563,res_partner_id#23563,res_partner_id#23563,2
partner_tour_config#22261,res_partner_id#22261,res_partner_id#22261,2
partner_tour_config#23213,res_partner_id#23213,res_partner_id#23213,2
partner_tour_config#24598,res_partner_id#24598,res_partner_id#24598,2
partner_tour_config#1326,res_partner_id#1326,res_partner_id#1326,2
partner_tour_config#16804,res_partner_id#16804,res_partner_id#16804,2
partner_tour_config#22596,res_partner_id#22596,res_partner_id#22596,2
partner_tour_config#24713,res_partner_id#24713,res_partner_id#24713,2
partner_tour_config#24830,res_partner_id#24830,res_partner_id#24830,2
partner_tour_config#23143,res_partner_id#23143,res_partner_id#23143,2
partner_tour_config#22251,res_partner_id#22251,res_partner_id#22251,2
partner_tour_config#23568,res_partner_id#23568,res_partner_id#23568,2
partner_tour_config#24566,res_partner_id#24566,res_partner_id#24566,2
partner_tour_config#23748,res_partner_id#23748,res_partner_id#23748,2
partner_tour_config#23943,res_partner_id#23943,res_partner_id#23943,2
partner_tour_config#22103,res_partner_id#22103,res_partner_id#22103,2
partner_tour_config#22101,res_partner_id#22101,res_partner_id#22101,2
partner_tour_config#22100,res_partner_id#22100,res_partner_id#22100,2
partner_tour_config#22102,res_partner_id#22102,res_partner_id#22102,2
partner_tour_config#24267,res_partner_id#24267,res_partner_id#24267,2
partner_tour_config#23567,res_partner_id#23567,res_partner_id#23567,2
partner_tour_config#4680,res_partner_id#4680,res_partner_id#4680,2
partner_tour_config#20974,res_partner_id#20974,res_partner_id#20974,2
partner_tour_config#23755,res_partner_id#23755,res_partner_id#23755,2
partner_tour_config#24268,res_partner_id#24268,res_partner_id#24268,2
partner_tour_config#24213,res_partner_id#24213,res_partner_id#24213,2
partner_tour_config#24363,res_partner_id#24363,res_partner_id#24363,2
partner_tour_config#24518,res_partner_id#24518,res_partner_id#24518,2
partner_tour_config#23998,res_partner_id#23998,res_partner_id#23998,2
partner_tour_config#24564,res_partner_id#24564,res_partner_id#24564,2
partner_tour_config#22659,res_partner_id#22659,res_partner_id#22659,2
partner_tour_config#23224,res_partner_id#23224,res_partner_id#23224,2
partner_tour_config#22648,res_partner_id#22648,res_partner_id#22648,2
partner_tour_config#6147,res_partner_id#6147,res_partner_id#6147,2
partner_tour_config#22109,res_partner_id#22109,res_partner_id#22109,2
partner_tour_config#22104,res_partner_id#22104,res_partner_id#22104,2
partner_tour_config#22110,res_partner_id#22110,res_partner_id#22110,2
partner_tour_config#22106,res_partner_id#22106,res_partner_id#22106,2
partner_tour_config#22108,res_partner_id#22108,res_partner_id#22108,2
partner_tour_config#22105,res_partner_id#22105,res_partner_id#22105,2
partner_tour_config#22111,res_partner_id#22111,res_partner_id#22111,2
partner_tour_config#24829,res_partner_id#24829,res_partner_id#24829,2
partner_tour_config#22339,res_partner_id#22339,res_partner_id#22339,2
partner_tour_config#22107,res_partner_id#22107,res_partner_id#22107,2
partner_tour_config#22222,res_partner_id#22222,res_partner_id#22222,2
partner_tour_config#23394,res_partner_id#23394,res_partner_id#23394,2
partner_tour_config#24521,res_partner_id#24521,res_partner_id#24521,2
partner_tour_config#22930,res_partner_id#22930,res_partner_id#22930,2
partner_tour_config#23947,res_partner_id#23947,res_partner_id#23947,2
partner_tour_config#22892,res_partner_id#22892,res_partner_id#22892,2
partner_tour_config#24284,res_partner_id#24284,res_partner_id#24284,2
partner_tour_config#23019,res_partner_id#23019,res_partner_id#23019,2
partner_tour_config#23767,res_partner_id#23767,res_partner_id#23767,2
partner_tour_config#23779,res_partner_id#23779,res_partner_id#23779,2
partner_tour_config#23165,res_partner_id#23165,res_partner_id#23165,2
partner_tour_config#22158,res_partner_id#22158,res_partner_id#22158,2
partner_tour_config#22086,res_partner_id#22086,res_partner_id#22086,2
partner_tour_config#22520,res_partner_id#22520,res_partner_id#22520,2
partner_tour_config#23703,res_partner_id#23703,res_partner_id#23703,2
partner_tour_config#23353,res_partner_id#23353,res_partner_id#23353,2
partner_tour_config#23936,res_partner_id#23936,res_partner_id#23936,2
partner_tour_config#23141,res_partner_id#23141,res_partner_id#23141,2
partner_tour_config#24789,res_partner_id#24789,res_partner_id#24789,2
partner_tour_config#22710,res_partner_id#22710,res_partner_id#22710,2
partner_tour_config#23200,res_partner_id#23200,res_partner_id#23200,2
partner_tour_config#24813,res_partner_id#24813,res_partner_id#24813,2
partner_tour_config#22730,res_partner_id#22730,res_partner_id#22730,2
partner_tour_config#22630,res_partner_id#22630,res_partner_id#22630,2
partner_tour_config#24666,res_partner_id#24666,res_partner_id#24666,2
partner_tour_config#22718,res_partner_id#22718,res_partner_id#22718,2
partner_tour_config#22454,res_partner_id#22454,res_partner_id#22454,2
partner_tour_config#22548,res_partner_id#22548,res_partner_id#22548,2
partner_tour_config#23921,res_partner_id#23921,res_partner_id#23921,2
partner_tour_config#22651,res_partner_id#22651,res_partner_id#22651,2
partner_tour_config#23638,res_partner_id#23638,res_partner_id#23638,2
partner_tour_config#23743,res_partner_id#23743,res_partner_id#23743,2
partner_tour_config#24812,res_partner_id#24812,res_partner_id#24812,2
partner_tour_config#23953,res_partner_id#23953,res_partner_id#23953,2
partner_tour_config#22115,res_partner_id#22115,res_partner_id#22115,2
partner_tour_config#23600,res_partner_id#23600,res_partner_id#23600,2
partner_tour_config#24718,res_partner_id#24718,res_partner_id#24718,2
partner_tour_config#23027,res_partner_id#23027,res_partner_id#23027,2
partner_tour_config#24573,res_partner_id#24573,res_partner_id#24573,2
partner_tour_config#24506,res_partner_id#24506,res_partner_id#24506,2
partner_tour_config#22884,res_partner_id#22884,res_partner_id#22884,2
partner_tour_config#23742,res_partner_id#23742,res_partner_id#23742,2
partner_tour_config#23006,res_partner_id#23006,res_partner_id#23006,2
partner_tour_config#22515,res_partner_id#22515,res_partner_id#22515,2
partner_tour_config#24067,res_partner_id#24067,res_partner_id#24067,2
partner_tour_config#23217,res_partner_id#23217,res_partner_id#23217,2
partner_tour_config#23363,res_partner_id#23363,res_partner_id#23363,2
partner_tour_config#23777,res_partner_id#23777,res_partner_id#23777,2
partner_tour_config#24788,res_partner_id#24788,res_partner_id#24788,2
partner_tour_config#23090,res_partner_id#23090,res_partner_id#23090,2
partner_tour_config#22372,res_partner_id#22372,res_partner_id#22372,2
partner_tour_config#24254,res_partner_id#24254,res_partner_id#24254,2
partner_tour_config#24180,res_partner_id#24180,res_partner_id#24180,2
partner_tour_config#22252,res_partner_id#22252,res_partner_id#22252,2
partner_tour_config#23256,res_partner_id#23256,res_partner_id#23256,2
partner_tour_config#24307,res_partner_id#24307,res_partner_id#24307,2
partner_tour_config#24803,res_partner_id#24803,res_partner_id#24803,2
partner_tour_config#23383,res_partner_id#23383,res_partner_id#23383,2
partner_tour_config#22644,res_partner_id#22644,res_partner_id#22644,2
partner_tour_config#23087,res_partner_id#23087,res_partner_id#23087,2
partner_tour_config#24156,res_partner_id#24156,res_partner_id#24156,2
partner_tour_config#22187,res_partner_id#22187,res_partner_id#22187,2
partner_tour_config#23179,res_partner_id#23179,res_partner_id#23179,2
partner_tour_config#24582,res_partner_id#24582,res_partner_id#24582,2
partner_tour_config#24669,res_partner_id#24669,res_partner_id#24669,2
partner_tour_config#22257,res_partner_id#22257,res_partner_id#22257,2
partner_tour_config#3532,res_partner_id#3532,res_partner_id#3532,2
partner_tour_config#23632,res_partner_id#23632,res_partner_id#23632,2
partner_tour_config#22172,res_partner_id#22172,res_partner_id#22172,2
partner_tour_config#23940,res_partner_id#23940,res_partner_id#23940,2
partner_tour_config#20568,res_partner_id#20568,res_partner_id#20568,3
partner_tour_config#24580,res_partner_id#24580,res_partner_id#24580,2
partner_tour_config#23851,res_partner_id#23851,res_partner_id#23851,2
partner_tour_config#24072,res_partner_id#24072,res_partner_id#24072,2
partner_tour_config#23994,res_partner_id#23994,res_partner_id#23994,2
partner_tour_config#23306,res_partner_id#23306,res_partner_id#23306,2
partner_tour_config#24596,res_partner_id#24596,res_partner_id#24596,2
partner_tour_config#24068,res_partner_id#24068,res_partner_id#24068,2
partner_tour_config#21161,res_partner_id#21161,res_partner_id#21161,2
partner_tour_config#20029,res_partner_id#20029,res_partner_id#20029,3
partner_tour_config#22838,res_partner_id#22838,res_partner_id#22838,2
partner_tour_config#23698,res_partner_id#23698,res_partner_id#23698,3
partner_tour_config#23392,res_partner_id#23392,res_partner_id#23392,2
partner_tour_config#23187,res_partner_id#23187,res_partner_id#23187,2
partner_tour_config#23585,res_partner_id#23585,res_partner_id#23585,2
partner_tour_config#22605,res_partner_id#22605,res_partner_id#22605,2
partner_tour_config#24539,res_partner_id#24539,res_partner_id#24539,2
partner_tour_config#24540,res_partner_id#24540,res_partner_id#24540,2
partner_tour_config#23801,res_partner_id#23801,res_partner_id#23801,2
partner_tour_config#22607,res_partner_id#22607,res_partner_id#22607,2
partner_tour_config#24821,res_partner_id#24821,res_partner_id#24821,2
partner_tour_config#24835,res_partner_id#24835,res_partner_id#24835,2
partner_tour_config#22524,res_partner_id#22524,res_partner_id#22524,2
partner_tour_config#24716,res_partner_id#24716,res_partner_id#24716,2
partner_tour_config#24131,res_partner_id#24131,res_partner_id#24131,2
partner_tour_config#23524,res_partner_id#23524,res_partner_id#23524,2
partner_tour_config#19544,res_partner_id#19544,res_partner_id#19544,3
partner_tour_config#24546,res_partner_id#24546,res_partner_id#24546,2
partner_tour_config#23835,res_partner_id#23835,res_partner_id#23835,2
partner_tour_config#23825,res_partner_id#23825,res_partner_id#23825,2
partner_tour_config#21168,res_partner_id#21168,res_partner_id#21168,2
partner_tour_config#5317,res_partner_id#5317,res_partner_id#5317,3
partner_tour_config#24777,res_partner_id#24777,res_partner_id#24777,2
partner_tour_config#105,res_partner_id#105,res_partner_id#105,2
partner_tour_config#1600,res_partner_id#1600,res_partner_id#1600,2
partner_tour_config#24806,res_partner_id#24806,res_partner_id#24806,2
partner_tour_config#92,res_partner_id#92,res_partner_id#92,2
partner_tour_config#22701,res_partner_id#22701,res_partner_id#22701,2
partner_tour_config#23058,res_partner_id#23058,res_partner_id#23058,2
partner_tour_config#22789,res_partner_id#22789,res_partner_id#22789,2
partner_tour_config#7979,res_partner_id#7979,res_partner_id#7979,2
partner_tour_config#21139,res_partner_id#21139,res_partner_id#21139,2
partner_tour_config#19358,res_partner_id#19358,res_partner_id#19358,3
partner_tour_config#3070,res_partner_id#3070,res_partner_id#3070,2
partner_tour_config#21394,res_partner_id#21394,res_partner_id#21394,3
partner_tour_config#21142,res_partner_id#21142,res_partner_id#21142,2
partner_tour_config#21041,res_partner_id#21041,res_partner_id#21041,2
partner_tour_config#21656,res_partner_id#21656,res_partner_id#21656,2
partner_tour_config#23533,res_partner_id#23533,res_partner_id#23533,2
partner_tour_config#22286,res_partner_id#22286,res_partner_id#22286,5
partner_tour_config#21694,res_partner_id#21694,res_partner_id#21694,2
partner_tour_config#20570,res_partner_id#20570,res_partner_id#20570,5
partner_tour_config#14247,res_partner_id#14247,res_partner_id#14247,2
partner_tour_config#22631,res_partner_id#22631,res_partner_id#22631,2
partner_tour_config#190,res_partner_id#190,res_partner_id#190,3
partner_tour_config#23782,res_partner_id#23782,res_partner_id#23782,2
partner_tour_config#22801,res_partner_id#22801,res_partner_id#22801,3
partner_tour_config#8836,res_partner_id#8836,res_partner_id#8836,2
partner_tour_config#786,res_partner_id#786,res_partner_id#786,2
partner_tour_config#22933,res_partner_id#22933,res_partner_id#22933,3
partner_tour_config#17622,res_partner_id#17622,res_partner_id#17622,2
partner_tour_config#23159,res_partner_id#23159,res_partner_id#23159,3
partner_tour_config#24075,res_partner_id#24075,res_partner_id#24075,2
partner_tour_config#22613,res_partner_id#22613,res_partner_id#22613,2
partner_tour_config#22314,res_partner_id#22314,res_partner_id#22314,2
partner_tour_config#23929,res_partner_id#23929,res_partner_id#23929,2
partner_tour_config#23666,res_partner_id#23666,res_partner_id#23666,2
partner_tour_config#24157,res_partner_id#24157,res_partner_id#24157,2
partner_tour_config#14556,res_partner_id#14556,res_partner_id#14556,2
partner_tour_config#24078,res_partner_id#24078,res_partner_id#24078,2
partner_tour_config#24208,res_partner_id#24208,res_partner_id#24208,2
partner_tour_config#24434,res_partner_id#24434,res_partner_id#24434,2
partner_tour_config#13457,res_partner_id#13457,res_partner_id#13457,2
partner_tour_config#47,res_partner_id#47,res_partner_id#47,3
partner_tour_config#9685,res_partner_id#9685,res_partner_id#9685,2
partner_tour_config#23965,res_partner_id#23965,res_partner_id#23965,2
partner_tour_config#24119,res_partner_id#24119,res_partner_id#24119,2
partner_tour_config#16430,res_partner_id#16430,res_partner_id#16430,2
partner_tour_config#22614,res_partner_id#22614,res_partner_id#22614,2
partner_tour_config#15851,res_partner_id#15851,res_partner_id#15851,2
partner_tour_config#22377,res_partner_id#22377,res_partner_id#22377,2
partner_tour_config#23519,res_partner_id#23519,res_partner_id#23519,2
partner_tour_config#20976,res_partner_id#20976,res_partner_id#20976,2
partner_tour_config#6599,res_partner_id#6599,res_partner_id#6599,2
partner_tour_config#20240,res_partner_id#20240,res_partner_id#20240,2
partner_tour_config#4640,res_partner_id#4640,res_partner_id#4640,2
partner_tour_config#22837,res_partner_id#22837,res_partner_id#22837,2
partner_tour_config#17975,res_partner_id#17975,res_partner_id#17975,2
partner_tour_config#4660,res_partner_id#4660,res_partner_id#4660,2
partner_tour_config#7168,res_partner_id#7168,res_partner_id#7168,3
partner_tour_config#379,res_partner_id#379,res_partner_id#379,3
partner_tour_config#543,res_partner_id#543,res_partner_id#543,2
partner_tour_config#1076,res_partner_id#1076,res_partner_id#1076,2
partner_tour_config#23663,res_partner_id#23663,res_partner_id#23663,2
partner_tour_config#23080,res_partner_id#23080,res_partner_id#23080,2
partner_tour_config#827,res_partner_id#827,res_partner_id#827,2
partner_tour_config#1318,res_partner_id#1318,res_partner_id#1318,2
partner_tour_config#1325,res_partner_id#1325,res_partner_id#1325,3
partner_tour_config#1492,res_partner_id#1492,res_partner_id#1492,2
partner_tour_config#8911,res_partner_id#8911,res_partner_id#8911,2
partner_tour_config#22820,res_partner_id#22820,res_partner_id#22820,2
partner_tour_config#769,res_partner_id#769,res_partner_id#769,4
partner_tour_config#399,res_partner_id#399,res_partner_id#399,2
partner_tour_config#20057,res_partner_id#20057,res_partner_id#20057,2
partner_tour_config#5453,res_partner_id#5453,res_partner_id#5453,3
partner_tour_config#16097,res_partner_id#16097,res_partner_id#16097,3
partner_tour_config#1387,res_partner_id#1387,res_partner_id#1387,3
partner_tour_config#7650,res_partner_id#7650,res_partner_id#7650,2
partner_tour_config#7103,res_partner_id#7103,res_partner_id#7103,3
partner_tour_config#23160,res_partner_id#23160,res_partner_id#23160,2
partner_tour_config#10489,res_partner_id#10489,res_partner_id#10489,2
partner_tour_config#22554,res_partner_id#22554,res_partner_id#22554,2
partner_tour_config#10631,res_partner_id#10631,res_partner_id#10631,3
partner_tour_config#12124,res_partner_id#12124,res_partner_id#12124,2
partner_tour_config#11787,res_partner_id#11787,res_partner_id#11787,2
partner_tour_config#4927,res_partner_id#4927,res_partner_id#4927,2
partner_tour_config#12501,res_partner_id#12501,res_partner_id#12501,3
partner_tour_config#14765,res_partner_id#14765,res_partner_id#14765,2
partner_tour_config#1340,res_partner_id#1340,res_partner_id#1340,2
partner_tour_config#4358,res_partner_id#4358,res_partner_id#4358,2
partner_tour_config#826,res_partner_id#826,res_partner_id#826,2
partner_tour_config#12173,res_partner_id#12173,res_partner_id#12173,3
partner_tour_config#23716,res_partner_id#23716,res_partner_id#23716,2
partner_tour_config#22148,res_partner_id#22148,res_partner_id#22148,2
partner_tour_config#23270,res_partner_id#23270,res_partner_id#23270,2
partner_tour_config#8774,res_partner_id#8774,res_partner_id#8774,2
partner_tour_config#15830,res_partner_id#15830,res_partner_id#15830,2
partner_tour_config#4541,res_partner_id#4541,res_partner_id#4541,3
partner_tour_config#3991,res_partner_id#3991,res_partner_id#3991,3
partner_tour_config#22114,res_partner_id#22114,res_partner_id#22114,2
partner_tour_config#20969,res_partner_id#20969,res_partner_id#20969,2
partner_tour_config#20970,res_partner_id#20970,res_partner_id#20970,2
partner_tour_config#24491,res_partner_id#24491,res_partner_id#24491,2
partner_tour_config#23741,res_partner_id#23741,res_partner_id#23741,2
partner_tour_config#13527,res_partner_id#13527,res_partner_id#13527,2
partner_tour_config#366,res_partner_id#366,res_partner_id#366,3
partner_tour_config#21794,res_partner_id#21794,res_partner_id#21794,2
partner_tour_config#5907,res_partner_id#5907,res_partner_id#5907,2
partner_tour_config#19497,res_partner_id#19497,res_partner_id#19497,3
partner_tour_config#346,res_partner_id#346,res_partner_id#346,2
partner_tour_config#23433,res_partner_id#23433,res_partner_id#23433,2
partner_tour_config#23284,res_partner_id#23284,res_partner_id#23284,2
partner_tour_config#14049,res_partner_id#14049,res_partner_id#14049,2
partner_tour_config#19463,res_partner_id#19463,res_partner_id#19463,2
partner_tour_config#24436,res_partner_id#24436,res_partner_id#24436,2
partner_tour_config#7239,res_partner_id#7239,res_partner_id#7239,2
partner_tour_config#24769,res_partner_id#24769,res_partner_id#24769,2
partner_tour_config#22403,res_partner_id#22403,res_partner_id#22403,2
partner_tour_config#500,res_partner_id#500,res_partner_id#500,5
partner_tour_config#19182,res_partner_id#19182,res_partner_id#19182,2
partner_tour_config#22795,res_partner_id#22795,res_partner_id#22795,2
partner_tour_config#15099,res_partner_id#15099,res_partner_id#15099,2
partner_tour_config#426,res_partner_id#426,res_partner_id#426,2
partner_tour_config#23046,res_partner_id#23046,res_partner_id#23046,2
partner_tour_config#24724,res_partner_id#24724,res_partner_id#24724,2
partner_tour_config#24712,res_partner_id#24712,res_partner_id#24712,2
partner_tour_config#720,res_partner_id#720,res_partner_id#720,3
partner_tour_config#1352,res_partner_id#1352,res_partner_id#1352,3
partner_tour_config#19086,res_partner_id#19086,res_partner_id#19086,3
partner_tour_config#22779,res_partner_id#22779,res_partner_id#22779,2
partner_tour_config#24417,res_partner_id#24417,res_partner_id#24417,2
partner_tour_config#16691,res_partner_id#16691,res_partner_id#16691,2
partner_tour_config#22424,res_partner_id#22424,res_partner_id#22424,2
partner_tour_config#3557,res_partner_id#3557,res_partner_id#3557,2
partner_tour_config#24574,res_partner_id#24574,res_partner_id#24574,2
partner_tour_config#24657,res_partner_id#24657,res_partner_id#24657,2
partner_tour_config#18129,res_partner_id#18129,res_partner_id#18129,2
partner_tour_config#24761,res_partner_id#24761,res_partner_id#24761,2
partner_tour_config#20483,res_partner_id#20483,res_partner_id#20483,3
partner_tour_config#23453,res_partner_id#23453,res_partner_id#23453,2
partner_tour_config#22833,res_partner_id#22833,res_partner_id#22833,2
partner_tour_config#24693,res_partner_id#24693,res_partner_id#24693,2
partner_tour_config#22207,res_partner_id#22207,res_partner_id#22207,2
partner_tour_config#21927,res_partner_id#21927,res_partner_id#21927,3
partner_tour_config#13546,res_partner_id#13546,res_partner_id#13546,2
partner_tour_config#23113,res_partner_id#23113,res_partner_id#23113,2
partner_tour_config#22141,res_partner_id#22141,res_partner_id#22141,2
partner_tour_config#23913,res_partner_id#23913,res_partner_id#23913,2
partner_tour_config#9066,res_partner_id#9066,res_partner_id#9066,2
partner_tour_config#24032,res_partner_id#24032,res_partner_id#24032,2
partner_tour_config#24004,res_partner_id#24004,res_partner_id#24004,2
partner_tour_config#6770,res_partner_id#6770,res_partner_id#6770,3
partner_tour_config#24567,res_partner_id#24567,res_partner_id#24567,2
partner_tour_config#9977,res_partner_id#9977,res_partner_id#9977,2
partner_tour_config#23237,res_partner_id#23237,res_partner_id#23237,2
partner_tour_config#24492,res_partner_id#24492,res_partner_id#24492,2
partner_tour_config#17497,res_partner_id#17497,res_partner_id#17497,3
partner_tour_config#19589,res_partner_id#19589,res_partner_id#19589,3
partner_tour_config#23818,res_partner_id#23818,res_partner_id#23818,2
partner_tour_config#4889,res_partner_id#4889,res_partner_id#4889,2
partner_tour_config#9684,res_partner_id#9684,res_partner_id#9684,2
partner_tour_config#235,res_partner_id#235,res_partner_id#235,3
partner_tour_config#24507,res_partner_id#24507,res_partner_id#24507,2
partner_tour_config#19051,res_partner_id#19051,res_partner_id#19051,3
partner_tour_config#3727,res_partner_id#3727,res_partner_id#3727,2
partner_tour_config#9136,res_partner_id#9136,res_partner_id#9136,2
partner_tour_config#22670,res_partner_id#22670,res_partner_id#22670,2
partner_tour_config#14143,res_partner_id#14143,res_partner_id#14143,3
partner_tour_config#24637,res_partner_id#24637,res_partner_id#24637,2
partner_tour_config#1244,res_partner_id#1244,res_partner_id#1244,2
partner_tour_config#17466,res_partner_id#17466,res_partner_id#17466,2
partner_tour_config#24544,res_partner_id#24544,res_partner_id#24544,2
partner_tour_config#22509,res_partner_id#22509,res_partner_id#22509,2
partner_tour_config#9608,res_partner_id#9608,res_partner_id#9608,2
partner_tour_config#23682,res_partner_id#23682,res_partner_id#23682,2
partner_tour_config#13285,res_partner_id#13285,res_partner_id#13285,3
partner_tour_config#23580,res_partner_id#23580,res_partner_id#23580,2
partner_tour_config#23604,res_partner_id#23604,res_partner_id#23604,2
partner_tour_config#4616,res_partner_id#4616,res_partner_id#4616,2
partner_tour_config#3309,res_partner_id#3309,res_partner_id#3309,2
partner_tour_config#22839,res_partner_id#22839,res_partner_id#22839,2
partner_tour_config#19220,res_partner_id#19220,res_partner_id#19220,3
partner_tour_config#20353,res_partner_id#20353,res_partner_id#20353,2
partner_tour_config#21710,res_partner_id#21710,res_partner_id#21710,2
partner_tour_config#22136,res_partner_id#22136,res_partner_id#22136,4
partner_tour_config#22553,res_partner_id#22553,res_partner_id#22553,2
partner_tour_config#20904,res_partner_id#20904,res_partner_id#20904,3
partner_tour_config#4999,res_partner_id#4999,res_partner_id#4999,5
partner_tour_config#1250,res_partner_id#1250,res_partner_id#1250,3
partner_tour_config#24650,res_partner_id#24650,res_partner_id#24650,2
partner_tour_config#11894,res_partner_id#11894,res_partner_id#11894,2
partner_tour_config#20980,res_partner_id#20980,res_partner_id#20980,2
partner_tour_config#22939,res_partner_id#22939,res_partner_id#22939,2
partner_tour_config#23964,res_partner_id#23964,res_partner_id#23964,2
partner_tour_config#5098,res_partner_id#5098,res_partner_id#5098,5
partner_tour_config#24643,res_partner_id#24643,res_partner_id#24643,2
partner_tour_config#23331,res_partner_id#23331,res_partner_id#23331,2
partner_tour_config#24337,res_partner_id#24337,res_partner_id#24337,2
partner_tour_config#768,res_partner_id#768,res_partner_id#768,2
partner_tour_config#3837,res_partner_id#3837,res_partner_id#3837,3
partner_tour_config#23219,res_partner_id#23219,res_partner_id#23219,2
partner_tour_config#3780,res_partner_id#3780,res_partner_id#3780,3
partner_tour_config#22755,res_partner_id#22755,res_partner_id#22755,2
partner_tour_config#11512,res_partner_id#11512,res_partner_id#11512,2
partner_tour_config#16620,res_partner_id#16620,res_partner_id#16620,3
partner_tour_config#22753,res_partner_id#22753,res_partner_id#22753,2
partner_tour_config#24656,res_partner_id#24656,res_partner_id#24656,2
partner_tour_config#24655,res_partner_id#24655,res_partner_id#24655,2
partner_tour_config#14206,res_partner_id#14206,res_partner_id#14206,3
partner_tour_config#22259,res_partner_id#22259,res_partner_id#22259,2
partner_tour_config#15753,res_partner_id#15753,res_partner_id#15753,2
partner_tour_config#4491,res_partner_id#4491,res_partner_id#4491,2
partner_tour_config#4487,res_partner_id#4487,res_partner_id#4487,3
partner_tour_config#22325,res_partner_id#22325,res_partner_id#22325,2
partner_tour_config#22663,res_partner_id#22663,res_partner_id#22663,2
partner_tour_config#631,res_partner_id#631,res_partner_id#631,3
partner_tour_config#24809,res_partner_id#24809,res_partner_id#24809,2
partner_tour_config#24811,res_partner_id#24811,res_partner_id#24811,2
partner_tour_config#24810,res_partner_id#24810,res_partner_id#24810,2
partner_tour_config#23932,res_partner_id#23932,res_partner_id#23932,2
partner_tour_config#16157,res_partner_id#16157,res_partner_id#16157,2
partner_tour_config#19612,res_partner_id#19612,res_partner_id#19612,5
partner_tour_config#24818,res_partner_id#24818,res_partner_id#24818,2
partner_tour_config#24816,res_partner_id#24816,res_partner_id#24816,2
partner_tour_config#24817,res_partner_id#24817,res_partner_id#24817,2
partner_tour_config#24815,res_partner_id#24815,res_partner_id#24815,2
partner_tour_config#5035,res_partner_id#5035,res_partner_id#5035,3
partner_tour_config#21708,res_partner_id#21708,res_partner_id#21708,2
partner_tour_config#23173,res_partner_id#23173,res_partner_id#23173,2
partner_tour_config#200,res_partner_id#200,res_partner_id#200,3
partner_tour_config#3120,res_partner_id#3120,res_partner_id#3120,2
partner_tour_config#15820,res_partner_id#15820,res_partner_id#15820,2
partner_tour_config#22937,res_partner_id#22937,res_partner_id#22937,2
partner_tour_config#24324,res_partner_id#24324,res_partner_id#24324,2
partner_tour_config#10904,res_partner_id#10904,res_partner_id#10904,3
partner_tour_config#24677,res_partner_id#24677,res_partner_id#24677,2
partner_tour_config#267,res_partner_id#267,res_partner_id#267,2
partner_tour_config#17070,res_partner_id#17070,res_partner_id#17070,2
partner_tour_config#16832,res_partner_id#16832,res_partner_id#16832,2
partner_tour_config#24828,res_partner_id#24828,res_partner_id#24828,2
partner_tour_config#23040,res_partner_id#23040,res_partner_id#23040,2
partner_tour_config#12266,res_partner_id#12266,res_partner_id#12266,2
partner_tour_config#13417,res_partner_id#13417,res_partner_id#13417,2
partner_tour_config#12390,res_partner_id#12390,res_partner_id#12390,2
partner_tour_config#306,res_partner_id#306,res_partner_id#306,3
partner_tour_config#1624,res_partner_id#1624,res_partner_id#1624,3
partner_tour_config#355,res_partner_id#355,res_partner_id#355,3
partner_tour_config#14527,res_partner_id#14527,res_partner_id#14527,3
partner_tour_config#22499,res_partner_id#22499,res_partner_id#22499,2
partner_tour_config#21572,res_partner_id#21572,res_partner_id#21572,3
partner_tour_config#2951,res_partner_id#2951,res_partner_id#2951,2
partner_tour_config#16722,res_partner_id#16722,res_partner_id#16722,2
partner_tour_config#11380,res_partner_id#11380,res_partner_id#11380,2
partner_tour_config#239,res_partner_id#239,res_partner_id#239,3
partner_tour_config#22887,res_partner_id#22887,res_partner_id#22887,2
partner_tour_config#19064,res_partner_id#19064,res_partner_id#19064,3
partner_tour_config#22578,res_partner_id#22578,res_partner_id#22578,2
partner_tour_config#12882,res_partner_id#12882,res_partner_id#12882,2
partner_tour_config#753,res_partner_id#753,res_partner_id#753,3
partner_tour_config#24687,res_partner_id#24687,res_partner_id#24687,2
partner_tour_config#23623,res_partner_id#23623,res_partner_id#23623,2
partner_tour_config#24517,res_partner_id#24517,res_partner_id#24517,2
partner_tour_config#21807,res_partner_id#21807,res_partner_id#21807,2
partner_tour_config#22889,res_partner_id#22889,res_partner_id#22889,2
partner_tour_config#18517,res_partner_id#18517,res_partner_id#18517,2
partner_tour_config#11298,res_partner_id#11298,res_partner_id#11298,3
partner_tour_config#23320,res_partner_id#23320,res_partner_id#23320,2
partner_tour_config#661,res_partner_id#661,res_partner_id#661,2
partner_tour_config#13541,res_partner_id#13541,res_partner_id#13541,2
partner_tour_config#495,res_partner_id#495,res_partner_id#495,5
partner_tour_config#1075,res_partner_id#1075,res_partner_id#1075,3
partner_tour_config#19813,res_partner_id#19813,res_partner_id#19813,3
partner_tour_config#18142,res_partner_id#18142,res_partner_id#18142,2
partner_tour_config#16643,res_partner_id#16643,res_partner_id#16643,2
partner_tour_config#23480,res_partner_id#23480,res_partner_id#23480,2
partner_tour_config#24404,res_partner_id#24404,res_partner_id#24404,2
partner_tour_config#23593,res_partner_id#23593,res_partner_id#23593,2
partner_tour_config#24365,res_partner_id#24365,res_partner_id#24365,2
partner_tour_config#16039,res_partner_id#16039,res_partner_id#16039,3
partner_tour_config#23172,res_partner_id#23172,res_partner_id#23172,2
partner_tour_config#11115,res_partner_id#11115,res_partner_id#11115,3
partner_tour_config#24071,res_partner_id#24071,res_partner_id#24071,2
partner_tour_config#9696,res_partner_id#9696,res_partner_id#9696,3
partner_tour_config#24786,res_partner_id#24786,res_partner_id#24786,2
partner_tour_config#12189,res_partner_id#12189,res_partner_id#12189,2
partner_tour_config#22995,res_partner_id#22995,res_partner_id#22995,2
partner_tour_config#22099,res_partner_id#22099,res_partner_id#22099,2
partner_tour_config#16727,res_partner_id#16727,res_partner_id#16727,2
partner_tour_config#3215,res_partner_id#3215,res_partner_id#3215,5
partner_tour_config#322,res_partner_id#322,res_partner_id#322,3
partner_tour_config#19865,res_partner_id#19865,res_partner_id#19865,2
partner_tour_config#9340,res_partner_id#9340,res_partner_id#9340,2
partner_tour_config#7422,res_partner_id#7422,res_partner_id#7422,2
partner_tour_config#66,res_partner_id#66,res_partner_id#66,3
partner_tour_config#24135,res_partner_id#24135,res_partner_id#24135,2
partner_tour_config#22967,res_partner_id#22967,res_partner_id#22967,2
partner_tour_config#24214,res_partner_id#24214,res_partner_id#24214,2
partner_tour_config#4037,res_partner_id#4037,res_partner_id#4037,2
partner_tour_config#14963,res_partner_id#14963,res_partner_id#14963,2
partner_tour_config#7434,res_partner_id#7434,res_partner_id#7434,2
partner_tour_config#622,res_partner_id#622,res_partner_id#622,3
partner_tour_config#15714,res_partner_id#15714,res_partner_id#15714,3
partner_tour_config#1475,res_partner_id#1475,res_partner_id#1475,3
partner_tour_config#23132,res_partner_id#23132,res_partner_id#23132,2
partner_tour_config#21963,res_partner_id#21963,res_partner_id#21963,2
partner_tour_config#13253,res_partner_id#13253,res_partner_id#13253,2
partner_tour_config#20191,res_partner_id#20191,res_partner_id#20191,3
partner_tour_config#18199,res_partner_id#18199,res_partner_id#18199,2
partner_tour_config#23025,res_partner_id#23025,res_partner_id#23025,2
partner_tour_config#7040,res_partner_id#7040,res_partner_id#7040,5
partner_tour_config#16625,res_partner_id#16625,res_partner_id#16625,2
partner_tour_config#16831,res_partner_id#16831,res_partner_id#16831,4
partner_tour_config#596,res_partner_id#596,res_partner_id#596,3
partner_tour_config#24060,res_partner_id#24060,res_partner_id#24060,5
partner_tour_config#13779,res_partner_id#13779,res_partner_id#13779,3
partner_tour_config#17233,res_partner_id#17233,res_partner_id#17233,3
partner_tour_config#12671,res_partner_id#12671,res_partner_id#12671,3
partner_tour_config#2839,res_partner_id#2839,res_partner_id#2839,3
partner_tour_config#24690,res_partner_id#24690,res_partner_id#24690,2
partner_tour_config#551,res_partner_id#551,res_partner_id#551,3
partner_tour_config#23581,res_partner_id#23581,res_partner_id#23581,2
partner_tour_config#5253,res_partner_id#5253,res_partner_id#5253,3
partner_tour_config#24005,res_partner_id#24005,res_partner_id#24005,2
partner_tour_config#21345,res_partner_id#21345,res_partner_id#21345,2
partner_tour_config#10959,res_partner_id#10959,res_partner_id#10959,2
partner_tour_config#9071,res_partner_id#9071,res_partner_id#9071,2
partner_tour_config#78,res_partner_id#78,res_partner_id#78,3
partner_tour_config#5566,res_partner_id#5566,res_partner_id#5566,2
partner_tour_config#782,res_partner_id#782,res_partner_id#782,3
partner_tour_config#23651,res_partner_id#23651,res_partner_id#23651,2
partner_tour_config#3335,res_partner_id#3335,res_partner_id#3335,2
partner_tour_config#22998,res_partner_id#22998,res_partner_id#22998,2
partner_tour_config#776,res_partner_id#776,res_partner_id#776,2
partner_tour_config#3361,res_partner_id#3361,res_partner_id#3361,3
partner_tour_config#130,res_partner_id#130,res_partner_id#130,5
partner_tour_config#19384,res_partner_id#19384,res_partner_id#19384,3
partner_tour_config#6088,res_partner_id#6088,res_partner_id#6088,2
partner_tour_config#1317,res_partner_id#1317,res_partner_id#1317,2
partner_tour_config#21930,res_partner_id#21930,res_partner_id#21930,3
partner_tour_config#21151,res_partner_id#21151,res_partner_id#21151,2
partner_tour_config#6250,res_partner_id#6250,res_partner_id#6250,2
partner_tour_config#13258,res_partner_id#13258,res_partner_id#13258,3
partner_tour_config#2586,res_partner_id#2586,res_partner_id#2586,2
partner_tour_config#16688,res_partner_id#16688,res_partner_id#16688,2
partner_tour_config#21065,res_partner_id#21065,res_partner_id#21065,2
partner_tour_config#2631,res_partner_id#2631,res_partner_id#2631,2
partner_tour_config#18619,res_partner_id#18619,res_partner_id#18619,2
partner_tour_config#13047,res_partner_id#13047,res_partner_id#13047,2
partner_tour_config#22799,res_partner_id#22799,res_partner_id#22799,2
partner_tour_config#15849,res_partner_id#15849,res_partner_id#15849,2
partner_tour_config#13544,res_partner_id#13544,res_partner_id#13544,5
partner_tour_config#13447,res_partner_id#13447,res_partner_id#13447,2
partner_tour_config#12925,res_partner_id#12925,res_partner_id#12925,2
partner_tour_config#1311,res_partner_id#1311,res_partner_id#1311,3
partner_tour_config#23812,res_partner_id#23812,res_partner_id#23812,2
partner_tour_config#14260,res_partner_id#14260,res_partner_id#14260,2
partner_tour_config#22219,res_partner_id#22219,res_partner_id#22219,2
partner_tour_config#22320,res_partner_id#22320,res_partner_id#22320,2
partner_tour_config#24105,res_partner_id#24105,res_partner_id#24105,2
partner_tour_config#15230,res_partner_id#15230,res_partner_id#15230,2
partner_tour_config#18203,res_partner_id#18203,res_partner_id#18203,5
partner_tour_config#9463,res_partner_id#9463,res_partner_id#9463,2
partner_tour_config#23564,res_partner_id#23564,res_partner_id#23564,2
partner_tour_config#23315,res_partner_id#23315,res_partner_id#23315,2
partner_tour_config#79,res_partner_id#79,res_partner_id#79,2
partner_tour_config#16644,res_partner_id#16644,res_partner_id#16644,2
partner_tour_config#1389,res_partner_id#1389,res_partner_id#1389,2
partner_tour_config#468,res_partner_id#468,res_partner_id#468,3
partner_tour_config#17026,res_partner_id#17026,res_partner_id#17026,2
partner_tour_config#22233,res_partner_id#22233,res_partner_id#22233,3
partner_tour_config#24003,res_partner_id#24003,res_partner_id#24003,2
partner_tour_config#22693,res_partner_id#22693,res_partner_id#22693,2
partner_tour_config#19259,res_partner_id#19259,res_partner_id#19259,2
partner_tour_config#7996,res_partner_id#7996,res_partner_id#7996,2
partner_tour_config#17613,res_partner_id#17613,res_partner_id#17613,2
partner_tour_config#17611,res_partner_id#17611,res_partner_id#17611,2
partner_tour_config#24819,res_partner_id#24819,res_partner_id#24819,2
partner_tour_config#17787,res_partner_id#17787,res_partner_id#17787,2
partner_tour_config#24444,res_partner_id#24444,res_partner_id#24444,2
partner_tour_config#18254,res_partner_id#18254,res_partner_id#18254,2
partner_tour_config#18245,res_partner_id#18245,res_partner_id#18245,2
partner_tour_config#18414,res_partner_id#18414,res_partner_id#18414,2
partner_tour_config#14446,res_partner_id#14446,res_partner_id#14446,5
partner_tour_config#24820,res_partner_id#24820,res_partner_id#24820,2
partner_tour_config#18740,res_partner_id#18740,res_partner_id#18740,2
partner_tour_config#24798,res_partner_id#24798,res_partner_id#24798,2
partner_tour_config#24559,res_partner_id#24559,res_partner_id#24559,2
partner_tour_config#18966,res_partner_id#18966,res_partner_id#18966,2
partner_tour_config#19043,res_partner_id#19043,res_partner_id#19043,2
partner_tour_config#21143,res_partner_id#21143,res_partner_id#21143,2
partner_tour_config#19116,res_partner_id#19116,res_partner_id#19116,2
partner_tour_config#23450,res_partner_id#23450,res_partner_id#23450,2
partner_tour_config#23139,res_partner_id#23139,res_partner_id#23139,2
partner_tour_config#18629,res_partner_id#18629,res_partner_id#18629,2
partner_tour_config#19571,res_partner_id#19571,res_partner_id#19571,2
partner_tour_config#3696,res_partner_id#3696,res_partner_id#3696,2
partner_tour_config#20199,res_partner_id#20199,res_partner_id#20199,3
partner_tour_config#353,res_partner_id#353,res_partner_id#353,3
partner_tour_config#24179,res_partner_id#24179,res_partner_id#24179,2
partner_tour_config#24633,res_partner_id#24633,res_partner_id#24633,2
partner_tour_config#5127,res_partner_id#5127,res_partner_id#5127,2
partner_tour_config#24412,res_partner_id#24412,res_partner_id#24412,2
partner_tour_config#16144,res_partner_id#16144,res_partner_id#16144,2
partner_tour_config#12190,res_partner_id#12190,res_partner_id#12190,2
partner_tour_config#24551,res_partner_id#24551,res_partner_id#24551,2
partner_tour_config#10574,res_partner_id#10574,res_partner_id#10574,2
partner_tour_config#23004,res_partner_id#23004,res_partner_id#23004,2
partner_tour_config#5748,res_partner_id#5748,res_partner_id#5748,2
partner_tour_config#20501,res_partner_id#20501,res_partner_id#20501,2
partner_tour_config#20714,res_partner_id#20714,res_partner_id#20714,2
partner_tour_config#354,res_partner_id#354,res_partner_id#354,2
partner_tour_config#20793,res_partner_id#20793,res_partner_id#20793,2
partner_tour_config#20829,res_partner_id#20829,res_partner_id#20829,2
partner_tour_config#20844,res_partner_id#20844,res_partner_id#20844,2
partner_tour_config#20973,res_partner_id#20973,res_partner_id#20973,2
partner_tour_config#21055,res_partner_id#21055,res_partner_id#21055,2
partner_tour_config#24822,res_partner_id#24822,res_partner_id#24822,2
partner_tour_config#21133,res_partner_id#21133,res_partner_id#21133,2
partner_tour_config#24694,res_partner_id#24694,res_partner_id#24694,2
partner_tour_config#24695,res_partner_id#24695,res_partner_id#24695,2
partner_tour_config#21304,res_partner_id#21304,res_partner_id#21304,2
partner_tour_config#21864,res_partner_id#21864,res_partner_id#21864,2
partner_tour_config#23872,res_partner_id#23872,res_partner_id#23872,2
partner_tour_config#21904,res_partner_id#21904,res_partner_id#21904,2
partner_tour_config#19303,res_partner_id#19303,res_partner_id#19303,3
partner_tour_config#593,res_partner_id#593,res_partner_id#593,3
partner_tour_config#22142,res_partner_id#22142,res_partner_id#22142,2
partner_tour_config#18948,res_partner_id#18948,res_partner_id#18948,3
partner_tour_config#23454,res_partner_id#23454,res_partner_id#23454,2
partner_tour_config#23245,res_partner_id#23245,res_partner_id#23245,2
partner_tour_config#24593,res_partner_id#24593,res_partner_id#24593,2
partner_tour_config#6883,res_partner_id#6883,res_partner_id#6883,3
partner_tour_config#709,res_partner_id#709,res_partner_id#709,2
partner_tour_config#1607,res_partner_id#1607,res_partner_id#1607,2
partner_tour_config#909,res_partner_id#909,res_partner_id#909,3
partner_tour_config#24577,res_partner_id#24577,res_partner_id#24577,2
partner_tour_config#24646,res_partner_id#24646,res_partner_id#24646,2
partner_tour_config#160,res_partner_id#160,res_partner_id#160,3
partner_tour_config#24659,res_partner_id#24659,res_partner_id#24659,2
partner_tour_config#23648,res_partner_id#23648,res_partner_id#23648,2
partner_tour_config#13529,res_partner_id#13529,res_partner_id#13529,4
partner_tour_config#20532,res_partner_id#20532,res_partner_id#20532,3
partner_tour_config#22200,res_partner_id#22200,res_partner_id#22200,2
partner_tour_config#10319,res_partner_id#10319,res_partner_id#10319,3
partner_tour_config#718,res_partner_id#718,res_partner_id#718,2
partner_tour_config#13030,res_partner_id#13030,res_partner_id#13030,2
partner_tour_config#13039,res_partner_id#13039,res_partner_id#13039,2
partner_tour_config#13164,res_partner_id#13164,res_partner_id#13164,3
partner_tour_config#514,res_partner_id#514,res_partner_id#514,2
partner_tour_config#1246,res_partner_id#1246,res_partner_id#1246,2
partner_tour_config#357,res_partner_id#357,res_partner_id#357,2
partner_tour_config#3332,res_partner_id#3332,res_partner_id#3332,2
partner_tour_config#18265,res_partner_id#18265,res_partner_id#18265,2
partner_tour_config#2720,res_partner_id#2720,res_partner_id#2720,2
partner_tour_config#733,res_partner_id#733,res_partner_id#733,2
partner_tour_config#4599,res_partner_id#4599,res_partner_id#4599,2
partner_tour_config#583,res_partner_id#583,res_partner_id#583,2
partner_tour_config#3912,res_partner_id#3912,res_partner_id#3912,2
partner_tour_config#3243,res_partner_id#3243,res_partner_id#3243,2
partner_tour_config#3442,res_partner_id#3442,res_partner_id#3442,2
partner_tour_config#808,res_partner_id#808,res_partner_id#808,2
partner_tour_config#10341,res_partner_id#10341,res_partner_id#10341,2
partner_tour_config#14449,res_partner_id#14449,res_partner_id#14449,2
partner_tour_config#4953,res_partner_id#4953,res_partner_id#4953,2
partner_tour_config#634,res_partner_id#634,res_partner_id#634,2
partner_tour_config#1019,res_partner_id#1019,res_partner_id#1019,2
partner_tour_config#3190,res_partner_id#3190,res_partner_id#3190,2
partner_tour_config#5852,res_partner_id#5852,res_partner_id#5852,2
partner_tour_config#6051,res_partner_id#6051,res_partner_id#6051,2
partner_tour_config#211,res_partner_id#211,res_partner_id#211,2
partner_tour_config#6344,res_partner_id#6344,res_partner_id#6344,2
partner_tour_config#6572,res_partner_id#6572,res_partner_id#6572,3
partner_tour_config#6806,res_partner_id#6806,res_partner_id#6806,2
partner_tour_config#6802,res_partner_id#6802,res_partner_id#6802,2
partner_tour_config#7306,res_partner_id#7306,res_partner_id#7306,2
partner_tour_config#13398,res_partner_id#13398,res_partner_id#13398,2
partner_tour_config#12458,res_partner_id#12458,res_partner_id#12458,2
partner_tour_config#8371,res_partner_id#8371,res_partner_id#8371,2
partner_tour_config#8862,res_partner_id#8862,res_partner_id#8862,2
partner_tour_config#8861,res_partner_id#8861,res_partner_id#8861,2
partner_tour_config#13442,res_partner_id#13442,res_partner_id#13442,2
partner_tour_config#9138,res_partner_id#9138,res_partner_id#9138,3
partner_tour_config#10935,res_partner_id#10935,res_partner_id#10935,2
partner_tour_config#10971,res_partner_id#10971,res_partner_id#10971,2
partner_tour_config#11015,res_partner_id#11015,res_partner_id#11015,2
partner_tour_config#11074,res_partner_id#11074,res_partner_id#11074,2
partner_tour_config#11135,res_partner_id#11135,res_partner_id#11135,2
partner_tour_config#6375,res_partner_id#6375,res_partner_id#6375,2
partner_tour_config#6340,res_partner_id#6340,res_partner_id#6340,2
partner_tour_config#5482,res_partner_id#5482,res_partner_id#5482,2
partner_tour_config#7309,res_partner_id#7309,res_partner_id#7309,2
partner_tour_config#34,res_partner_id#34,res_partner_id#34,2
partner_tour_config#27,res_partner_id#27,res_partner_id#27,2
partner_tour_config#58,res_partner_id#58,res_partner_id#58,3
partner_tour_config#72,res_partner_id#72,res_partner_id#72,2
partner_tour_config#53,res_partner_id#53,res_partner_id#53,2
partner_tour_config#49,res_partner_id#49,res_partner_id#49,2
partner_tour_config#99,res_partner_id#99,res_partner_id#99,2
partner_tour_config#88,res_partner_id#88,res_partner_id#88,2
partner_tour_config#77,res_partner_id#77,res_partner_id#77,2
partner_tour_config#87,res_partner_id#87,res_partner_id#87,2
partner_tour_config#85,res_partner_id#85,res_partner_id#85,3
partner_tour_config#6396,res_partner_id#6396,res_partner_id#6396,2
partner_tour_config#138,res_partner_id#138,res_partner_id#138,2
partner_tour_config#120,res_partner_id#120,res_partner_id#120,2
partner_tour_config#13097,res_partner_id#13097,res_partner_id#13097,2
partner_tour_config#180,res_partner_id#180,res_partner_id#180,3
partner_tour_config#220,res_partner_id#220,res_partner_id#220,2
partner_tour_config#258,res_partner_id#258,res_partner_id#258,2
partner_tour_config#241,res_partner_id#241,res_partner_id#241,2
partner_tour_config#237,res_partner_id#237,res_partner_id#237,2
partner_tour_config#286,res_partner_id#286,res_partner_id#286,2
partner_tour_config#276,res_partner_id#276,res_partner_id#276,2
partner_tour_config#329,res_partner_id#329,res_partner_id#329,2
partner_tour_config#296,res_partner_id#296,res_partner_id#296,2
partner_tour_config#345,res_partner_id#345,res_partner_id#345,2
partner_tour_config#375,res_partner_id#375,res_partner_id#375,3
partner_tour_config#389,res_partner_id#389,res_partner_id#389,2
partner_tour_config#401,res_partner_id#401,res_partner_id#401,2
partner_tour_config#416,res_partner_id#416,res_partner_id#416,2
partner_tour_config#421,res_partner_id#421,res_partner_id#421,2
partner_tour_config#408,res_partner_id#408,res_partner_id#408,2
partner_tour_config#414,res_partner_id#414,res_partner_id#414,2
partner_tour_config#423,res_partner_id#423,res_partner_id#423,2
partner_tour_config#435,res_partner_id#435,res_partner_id#435,2
partner_tour_config#445,res_partner_id#445,res_partner_id#445,2
partner_tour_config#496,res_partner_id#496,res_partner_id#496,2
partner_tour_config#478,res_partner_id#478,res_partner_id#478,2
partner_tour_config#493,res_partner_id#493,res_partner_id#493,2
partner_tour_config#523,res_partner_id#523,res_partner_id#523,2
partner_tour_config#526,res_partner_id#526,res_partner_id#526,2
partner_tour_config#525,res_partner_id#525,res_partner_id#525,2
partner_tour_config#564,res_partner_id#564,res_partner_id#564,2
partner_tour_config#545,res_partner_id#545,res_partner_id#545,2
partner_tour_config#575,res_partner_id#575,res_partner_id#575,2
partner_tour_config#547,res_partner_id#547,res_partner_id#547,2
partner_tour_config#621,res_partner_id#621,res_partner_id#621,2
partner_tour_config#623,res_partner_id#623,res_partner_id#623,3
partner_tour_config#651,res_partner_id#651,res_partner_id#651,2
partner_tour_config#640,res_partner_id#640,res_partner_id#640,2
partner_tour_config#679,res_partner_id#679,res_partner_id#679,2
partner_tour_config#741,res_partner_id#741,res_partner_id#741,2
partner_tour_config#757,res_partner_id#757,res_partner_id#757,2
partner_tour_config#784,res_partner_id#784,res_partner_id#784,2
partner_tour_config#809,res_partner_id#809,res_partner_id#809,2
partner_tour_config#814,res_partner_id#814,res_partner_id#814,2
partner_tour_config#823,res_partner_id#823,res_partner_id#823,2
partner_tour_config#855,res_partner_id#855,res_partner_id#855,3
partner_tour_config#837,res_partner_id#837,res_partner_id#837,3
partner_tour_config#851,res_partner_id#851,res_partner_id#851,2
partner_tour_config#831,res_partner_id#831,res_partner_id#831,2
partner_tour_config#862,res_partner_id#862,res_partner_id#862,3
partner_tour_config#901,res_partner_id#901,res_partner_id#901,2
partner_tour_config#907,res_partner_id#907,res_partner_id#907,2
partner_tour_config#924,res_partner_id#924,res_partner_id#924,2
partner_tour_config#977,res_partner_id#977,res_partner_id#977,2
partner_tour_config#951,res_partner_id#951,res_partner_id#951,2
partner_tour_config#1016,res_partner_id#1016,res_partner_id#1016,2
partner_tour_config#1025,res_partner_id#1025,res_partner_id#1025,2
partner_tour_config#999,res_partner_id#999,res_partner_id#999,2
partner_tour_config#1045,res_partner_id#1045,res_partner_id#1045,2
partner_tour_config#1071,res_partner_id#1071,res_partner_id#1071,2
partner_tour_config#1068,res_partner_id#1068,res_partner_id#1068,2
partner_tour_config#1049,res_partner_id#1049,res_partner_id#1049,2
partner_tour_config#1079,res_partner_id#1079,res_partner_id#1079,2
partner_tour_config#1109,res_partner_id#1109,res_partner_id#1109,2
partner_tour_config#1100,res_partner_id#1100,res_partner_id#1100,3
partner_tour_config#1087,res_partner_id#1087,res_partner_id#1087,2
partner_tour_config#1110,res_partner_id#1110,res_partner_id#1110,2
partner_tour_config#1122,res_partner_id#1122,res_partner_id#1122,2
partner_tour_config#1214,res_partner_id#1214,res_partner_id#1214,3
partner_tour_config#1198,res_partner_id#1198,res_partner_id#1198,2
partner_tour_config#1208,res_partner_id#1208,res_partner_id#1208,2
partner_tour_config#1245,res_partner_id#1245,res_partner_id#1245,2
partner_tour_config#1247,res_partner_id#1247,res_partner_id#1247,2
partner_tour_config#1277,res_partner_id#1277,res_partner_id#1277,2
partner_tour_config#1274,res_partner_id#1274,res_partner_id#1274,2
partner_tour_config#1269,res_partner_id#1269,res_partner_id#1269,2
partner_tour_config#1315,res_partner_id#1315,res_partner_id#1315,2
partner_tour_config#1357,res_partner_id#1357,res_partner_id#1357,2
partner_tour_config#1370,res_partner_id#1370,res_partner_id#1370,2
partner_tour_config#1388,res_partner_id#1388,res_partner_id#1388,2
partner_tour_config#1420,res_partner_id#1420,res_partner_id#1420,2
partner_tour_config#2585,res_partner_id#2585,res_partner_id#2585,2
partner_tour_config#1517,res_partner_id#1517,res_partner_id#1517,2
partner_tour_config#1498,res_partner_id#1498,res_partner_id#1498,2
partner_tour_config#1500,res_partner_id#1500,res_partner_id#1500,2
partner_tour_config#1544,res_partner_id#1544,res_partner_id#1544,2
partner_tour_config#1560,res_partner_id#1560,res_partner_id#1560,2
partner_tour_config#2588,res_partner_id#2588,res_partner_id#2588,2
partner_tour_config#2596,res_partner_id#2596,res_partner_id#2596,2
partner_tour_config#2600,res_partner_id#2600,res_partner_id#2600,2
partner_tour_config#2599,res_partner_id#2599,res_partner_id#2599,2
partner_tour_config#2593,res_partner_id#2593,res_partner_id#2593,2
partner_tour_config#1602,res_partner_id#1602,res_partner_id#1602,2
partner_tour_config#1605,res_partner_id#1605,res_partner_id#1605,2
partner_tour_config#2617,res_partner_id#2617,res_partner_id#2617,2
partner_tour_config#14074,res_partner_id#14074,res_partner_id#14074,2
partner_tour_config#2629,res_partner_id#2629,res_partner_id#2629,2
partner_tour_config#1606,res_partner_id#1606,res_partner_id#1606,2
partner_tour_config#1611,res_partner_id#1611,res_partner_id#1611,2
partner_tour_config#2768,res_partner_id#2768,res_partner_id#2768,2
partner_tour_config#2743,res_partner_id#2743,res_partner_id#2743,2
partner_tour_config#2738,res_partner_id#2738,res_partner_id#2738,2
partner_tour_config#2794,res_partner_id#2794,res_partner_id#2794,2
partner_tour_config#2869,res_partner_id#2869,res_partner_id#2869,2
partner_tour_config#2923,res_partner_id#2923,res_partner_id#2923,2
partner_tour_config#3036,res_partner_id#3036,res_partner_id#3036,2
partner_tour_config#3094,res_partner_id#3094,res_partner_id#3094,2
partner_tour_config#3143,res_partner_id#3143,res_partner_id#3143,2
partner_tour_config#3161,res_partner_id#3161,res_partner_id#3161,2
partner_tour_config#3155,res_partner_id#3155,res_partner_id#3155,2
partner_tour_config#3242,res_partner_id#3242,res_partner_id#3242,2
partner_tour_config#3159,res_partner_id#3159,res_partner_id#3159,2
partner_tour_config#3245,res_partner_id#3245,res_partner_id#3245,2
partner_tour_config#3371,res_partner_id#3371,res_partner_id#3371,2
partner_tour_config#3358,res_partner_id#3358,res_partner_id#3358,2
partner_tour_config#3326,res_partner_id#3326,res_partner_id#3326,2
partner_tour_config#3336,res_partner_id#3336,res_partner_id#3336,2
partner_tour_config#3424,res_partner_id#3424,res_partner_id#3424,2
partner_tour_config#3432,res_partner_id#3432,res_partner_id#3432,2
partner_tour_config#3533,res_partner_id#3533,res_partner_id#3533,2
partner_tour_config#3581,res_partner_id#3581,res_partner_id#3581,2
partner_tour_config#3564,res_partner_id#3564,res_partner_id#3564,2
partner_tour_config#3626,res_partner_id#3626,res_partner_id#3626,2
partner_tour_config#3571,res_partner_id#3571,res_partner_id#3571,2
partner_tour_config#3624,res_partner_id#3624,res_partner_id#3624,2
partner_tour_config#3567,res_partner_id#3567,res_partner_id#3567,2
partner_tour_config#3695,res_partner_id#3695,res_partner_id#3695,2
partner_tour_config#3694,res_partner_id#3694,res_partner_id#3694,2
partner_tour_config#3697,res_partner_id#3697,res_partner_id#3697,2
partner_tour_config#3716,res_partner_id#3716,res_partner_id#3716,2
partner_tour_config#3806,res_partner_id#3806,res_partner_id#3806,3
partner_tour_config#3869,res_partner_id#3869,res_partner_id#3869,3
partner_tour_config#3850,res_partner_id#3850,res_partner_id#3850,2
partner_tour_config#3851,res_partner_id#3851,res_partner_id#3851,2
partner_tour_config#3936,res_partner_id#3936,res_partner_id#3936,2
partner_tour_config#3995,res_partner_id#3995,res_partner_id#3995,2
partner_tour_config#3958,res_partner_id#3958,res_partner_id#3958,2
partner_tour_config#3976,res_partner_id#3976,res_partner_id#3976,2
partner_tour_config#4057,res_partner_id#4057,res_partner_id#4057,2
partner_tour_config#4005,res_partner_id#4005,res_partner_id#4005,2
partner_tour_config#4086,res_partner_id#4086,res_partner_id#4086,2
partner_tour_config#4099,res_partner_id#4099,res_partner_id#4099,2
partner_tour_config#4141,res_partner_id#4141,res_partner_id#4141,2
partner_tour_config#4135,res_partner_id#4135,res_partner_id#4135,2
partner_tour_config#4201,res_partner_id#4201,res_partner_id#4201,3
partner_tour_config#4256,res_partner_id#4256,res_partner_id#4256,2
partner_tour_config#4264,res_partner_id#4264,res_partner_id#4264,2
partner_tour_config#17567,res_partner_id#17567,res_partner_id#17567,2
partner_tour_config#4469,res_partner_id#4469,res_partner_id#4469,2
partner_tour_config#4508,res_partner_id#4508,res_partner_id#4508,2
partner_tour_config#4503,res_partner_id#4503,res_partner_id#4503,2
partner_tour_config#4547,res_partner_id#4547,res_partner_id#4547,2
partner_tour_config#4571,res_partner_id#4571,res_partner_id#4571,2
partner_tour_config#6413,res_partner_id#6413,res_partner_id#6413,2
partner_tour_config#4635,res_partner_id#4635,res_partner_id#4635,2
partner_tour_config#4655,res_partner_id#4655,res_partner_id#4655,2
partner_tour_config#4654,res_partner_id#4654,res_partner_id#4654,2
partner_tour_config#4802,res_partner_id#4802,res_partner_id#4802,3
partner_tour_config#4803,res_partner_id#4803,res_partner_id#4803,2
partner_tour_config#4861,res_partner_id#4861,res_partner_id#4861,2
partner_tour_config#4872,res_partner_id#4872,res_partner_id#4872,2
partner_tour_config#4912,res_partner_id#4912,res_partner_id#4912,2
partner_tour_config#4887,res_partner_id#4887,res_partner_id#4887,2
partner_tour_config#4967,res_partner_id#4967,res_partner_id#4967,2
partner_tour_config#4932,res_partner_id#4932,res_partner_id#4932,2
partner_tour_config#4936,res_partner_id#4936,res_partner_id#4936,2
partner_tour_config#4969,res_partner_id#4969,res_partner_id#4969,2
partner_tour_config#5047,res_partner_id#5047,res_partner_id#5047,2
partner_tour_config#5033,res_partner_id#5033,res_partner_id#5033,2
partner_tour_config#5223,res_partner_id#5223,res_partner_id#5223,2
partner_tour_config#5196,res_partner_id#5196,res_partner_id#5196,2
partner_tour_config#5263,res_partner_id#5263,res_partner_id#5263,2
partner_tour_config#5324,res_partner_id#5324,res_partner_id#5324,2
partner_tour_config#5320,res_partner_id#5320,res_partner_id#5320,3
partner_tour_config#5300,res_partner_id#5300,res_partner_id#5300,2
partner_tour_config#5367,res_partner_id#5367,res_partner_id#5367,2
partner_tour_config#5432,res_partner_id#5432,res_partner_id#5432,2
partner_tour_config#5450,res_partner_id#5450,res_partner_id#5450,2
partner_tour_config#6617,res_partner_id#6617,res_partner_id#6617,2
partner_tour_config#5650,res_partner_id#5650,res_partner_id#5650,2
partner_tour_config#5728,res_partner_id#5728,res_partner_id#5728,2
partner_tour_config#5823,res_partner_id#5823,res_partner_id#5823,2
partner_tour_config#5831,res_partner_id#5831,res_partner_id#5831,2
partner_tour_config#5867,res_partner_id#5867,res_partner_id#5867,2
partner_tour_config#6044,res_partner_id#6044,res_partner_id#6044,2
partner_tour_config#6085,res_partner_id#6085,res_partner_id#6085,2
partner_tour_config#6078,res_partner_id#6078,res_partner_id#6078,2
partner_tour_config#6117,res_partner_id#6117,res_partner_id#6117,2
partner_tour_config#6084,res_partner_id#6084,res_partner_id#6084,2
partner_tour_config#6176,res_partner_id#6176,res_partner_id#6176,2
partner_tour_config#6303,res_partner_id#6303,res_partner_id#6303,2
partner_tour_config#6261,res_partner_id#6261,res_partner_id#6261,2
partner_tour_config#6273,res_partner_id#6273,res_partner_id#6273,2
partner_tour_config#6359,res_partner_id#6359,res_partner_id#6359,2
partner_tour_config#6373,res_partner_id#6373,res_partner_id#6373,2
partner_tour_config#6440,res_partner_id#6440,res_partner_id#6440,2
partner_tour_config#6442,res_partner_id#6442,res_partner_id#6442,2
partner_tour_config#6549,res_partner_id#6549,res_partner_id#6549,2
partner_tour_config#6591,res_partner_id#6591,res_partner_id#6591,2
partner_tour_config#6614,res_partner_id#6614,res_partner_id#6614,2
partner_tour_config#6845,res_partner_id#6845,res_partner_id#6845,2
partner_tour_config#6882,res_partner_id#6882,res_partner_id#6882,2
partner_tour_config#6879,res_partner_id#6879,res_partner_id#6879,2
partner_tour_config#6998,res_partner_id#6998,res_partner_id#6998,3
partner_tour_config#7326,res_partner_id#7326,res_partner_id#7326,2
partner_tour_config#7112,res_partner_id#7112,res_partner_id#7112,2
partner_tour_config#7131,res_partner_id#7131,res_partner_id#7131,2
partner_tour_config#7133,res_partner_id#7133,res_partner_id#7133,2
partner_tour_config#7579,res_partner_id#7579,res_partner_id#7579,2
partner_tour_config#7341,res_partner_id#7341,res_partner_id#7341,2
partner_tour_config#7420,res_partner_id#7420,res_partner_id#7420,2
partner_tour_config#7471,res_partner_id#7471,res_partner_id#7471,2
partner_tour_config#7562,res_partner_id#7562,res_partner_id#7562,2
partner_tour_config#7696,res_partner_id#7696,res_partner_id#7696,2
partner_tour_config#7668,res_partner_id#7668,res_partner_id#7668,2
partner_tour_config#7727,res_partner_id#7727,res_partner_id#7727,2
partner_tour_config#7838,res_partner_id#7838,res_partner_id#7838,2
partner_tour_config#7835,res_partner_id#7835,res_partner_id#7835,2
partner_tour_config#7854,res_partner_id#7854,res_partner_id#7854,2
partner_tour_config#7874,res_partner_id#7874,res_partner_id#7874,2
partner_tour_config#7923,res_partner_id#7923,res_partner_id#7923,2
partner_tour_config#7853,res_partner_id#7853,res_partner_id#7853,2
partner_tour_config#17742,res_partner_id#17742,res_partner_id#17742,2
partner_tour_config#8092,res_partner_id#8092,res_partner_id#8092,2
partner_tour_config#8299,res_partner_id#8299,res_partner_id#8299,2
partner_tour_config#8295,res_partner_id#8295,res_partner_id#8295,2
partner_tour_config#8305,res_partner_id#8305,res_partner_id#8305,2
partner_tour_config#8287,res_partner_id#8287,res_partner_id#8287,2
partner_tour_config#8308,res_partner_id#8308,res_partner_id#8308,2
partner_tour_config#8507,res_partner_id#8507,res_partner_id#8507,2
partner_tour_config#8532,res_partner_id#8532,res_partner_id#8532,2
partner_tour_config#8657,res_partner_id#8657,res_partner_id#8657,3
partner_tour_config#8699,res_partner_id#8699,res_partner_id#8699,2
partner_tour_config#8688,res_partner_id#8688,res_partner_id#8688,2
partner_tour_config#8772,res_partner_id#8772,res_partner_id#8772,2
partner_tour_config#8782,res_partner_id#8782,res_partner_id#8782,2
partner_tour_config#8794,res_partner_id#8794,res_partner_id#8794,2
partner_tour_config#8871,res_partner_id#8871,res_partner_id#8871,2
partner_tour_config#8863,res_partner_id#8863,res_partner_id#8863,2
partner_tour_config#8870,res_partner_id#8870,res_partner_id#8870,2
partner_tour_config#8945,res_partner_id#8945,res_partner_id#8945,3
partner_tour_config#8984,res_partner_id#8984,res_partner_id#8984,2
partner_tour_config#8983,res_partner_id#8983,res_partner_id#8983,2
partner_tour_config#9040,res_partner_id#9040,res_partner_id#9040,2
partner_tour_config#9037,res_partner_id#9037,res_partner_id#9037,2
partner_tour_config#9021,res_partner_id#9021,res_partner_id#9021,2
partner_tour_config#9095,res_partner_id#9095,res_partner_id#9095,2
partner_tour_config#9099,res_partner_id#9099,res_partner_id#9099,2
partner_tour_config#9074,res_partner_id#9074,res_partner_id#9074,2
partner_tour_config#9112,res_partner_id#9112,res_partner_id#9112,3
partner_tour_config#9122,res_partner_id#9122,res_partner_id#9122,2
partner_tour_config#9178,res_partner_id#9178,res_partner_id#9178,3
partner_tour_config#9302,res_partner_id#9302,res_partner_id#9302,2
partner_tour_config#9303,res_partner_id#9303,res_partner_id#9303,2
partner_tour_config#9322,res_partner_id#9322,res_partner_id#9322,2
partner_tour_config#9388,res_partner_id#9388,res_partner_id#9388,2
partner_tour_config#9553,res_partner_id#9553,res_partner_id#9553,2
partner_tour_config#9758,res_partner_id#9758,res_partner_id#9758,2
partner_tour_config#9808,res_partner_id#9808,res_partner_id#9808,2
partner_tour_config#9796,res_partner_id#9796,res_partner_id#9796,2
partner_tour_config#9800,res_partner_id#9800,res_partner_id#9800,2
partner_tour_config#9890,res_partner_id#9890,res_partner_id#9890,2
partner_tour_config#9952,res_partner_id#9952,res_partner_id#9952,2
partner_tour_config#9904,res_partner_id#9904,res_partner_id#9904,2
partner_tour_config#9940,res_partner_id#9940,res_partner_id#9940,2
partner_tour_config#9968,res_partner_id#9968,res_partner_id#9968,2
partner_tour_config#10004,res_partner_id#10004,res_partner_id#10004,2
partner_tour_config#10018,res_partner_id#10018,res_partner_id#10018,2
partner_tour_config#10019,res_partner_id#10019,res_partner_id#10019,2
partner_tour_config#10141,res_partner_id#10141,res_partner_id#10141,2
partner_tour_config#10130,res_partner_id#10130,res_partner_id#10130,2
partner_tour_config#10093,res_partner_id#10093,res_partner_id#10093,3
partner_tour_config#10171,res_partner_id#10171,res_partner_id#10171,2
partner_tour_config#10249,res_partner_id#10249,res_partner_id#10249,2
partner_tour_config#10259,res_partner_id#10259,res_partner_id#10259,2
partner_tour_config#10296,res_partner_id#10296,res_partner_id#10296,2
partner_tour_config#10342,res_partner_id#10342,res_partner_id#10342,2
partner_tour_config#10299,res_partner_id#10299,res_partner_id#10299,2
partner_tour_config#10499,res_partner_id#10499,res_partner_id#10499,2
partner_tour_config#10618,res_partner_id#10618,res_partner_id#10618,2
partner_tour_config#10902,res_partner_id#10902,res_partner_id#10902,2
partner_tour_config#11000,res_partner_id#11000,res_partner_id#11000,2
partner_tour_config#10983,res_partner_id#10983,res_partner_id#10983,2
partner_tour_config#10949,res_partner_id#10949,res_partner_id#10949,2
partner_tour_config#10930,res_partner_id#10930,res_partner_id#10930,2
partner_tour_config#10931,res_partner_id#10931,res_partner_id#10931,2
partner_tour_config#11121,res_partner_id#11121,res_partner_id#11121,2
partner_tour_config#11260,res_partner_id#11260,res_partner_id#11260,2
partner_tour_config#11257,res_partner_id#11257,res_partner_id#11257,2
partner_tour_config#11338,res_partner_id#11338,res_partner_id#11338,2
partner_tour_config#11500,res_partner_id#11500,res_partner_id#11500,2
partner_tour_config#11464,res_partner_id#11464,res_partner_id#11464,2
partner_tour_config#11478,res_partner_id#11478,res_partner_id#11478,2
partner_tour_config#11517,res_partner_id#11517,res_partner_id#11517,2
partner_tour_config#11655,res_partner_id#11655,res_partner_id#11655,2
partner_tour_config#11753,res_partner_id#11753,res_partner_id#11753,2
partner_tour_config#11748,res_partner_id#11748,res_partner_id#11748,2
partner_tour_config#11870,res_partner_id#11870,res_partner_id#11870,2
partner_tour_config#12041,res_partner_id#12041,res_partner_id#12041,2
partner_tour_config#12053,res_partner_id#12053,res_partner_id#12053,2
partner_tour_config#12099,res_partner_id#12099,res_partner_id#12099,2
partner_tour_config#12181,res_partner_id#12181,res_partner_id#12181,2
partner_tour_config#12229,res_partner_id#12229,res_partner_id#12229,2
partner_tour_config#12219,res_partner_id#12219,res_partner_id#12219,2
partner_tour_config#12207,res_partner_id#12207,res_partner_id#12207,2
partner_tour_config#12289,res_partner_id#12289,res_partner_id#12289,2
partner_tour_config#12276,res_partner_id#12276,res_partner_id#12276,2
partner_tour_config#12316,res_partner_id#12316,res_partner_id#12316,2
partner_tour_config#12298,res_partner_id#12298,res_partner_id#12298,2
partner_tour_config#12366,res_partner_id#12366,res_partner_id#12366,2
partner_tour_config#12387,res_partner_id#12387,res_partner_id#12387,2
partner_tour_config#12363,res_partner_id#12363,res_partner_id#12363,2
partner_tour_config#12399,res_partner_id#12399,res_partner_id#12399,2
partner_tour_config#12435,res_partner_id#12435,res_partner_id#12435,2
partner_tour_config#12422,res_partner_id#12422,res_partner_id#12422,2
partner_tour_config#12528,res_partner_id#12528,res_partner_id#12528,2
partner_tour_config#12633,res_partner_id#12633,res_partner_id#12633,2
partner_tour_config#12743,res_partner_id#12743,res_partner_id#12743,3
partner_tour_config#12750,res_partner_id#12750,res_partner_id#12750,2
partner_tour_config#12789,res_partner_id#12789,res_partner_id#12789,2
partner_tour_config#12822,res_partner_id#12822,res_partner_id#12822,2
partner_tour_config#12929,res_partner_id#12929,res_partner_id#12929,2
partner_tour_config#12886,res_partner_id#12886,res_partner_id#12886,2
partner_tour_config#13026,res_partner_id#13026,res_partner_id#13026,2
partner_tour_config#13048,res_partner_id#13048,res_partner_id#13048,2
partner_tour_config#13044,res_partner_id#13044,res_partner_id#13044,2
partner_tour_config#13316,res_partner_id#13316,res_partner_id#13316,2
partner_tour_config#13528,res_partner_id#13528,res_partner_id#13528,2
partner_tour_config#13543,res_partner_id#13543,res_partner_id#13543,2
partner_tour_config#13575,res_partner_id#13575,res_partner_id#13575,2
partner_tour_config#13576,res_partner_id#13576,res_partner_id#13576,2
partner_tour_config#13614,res_partner_id#13614,res_partner_id#13614,2
partner_tour_config#13574,res_partner_id#13574,res_partner_id#13574,2
partner_tour_config#13615,res_partner_id#13615,res_partner_id#13615,2
partner_tour_config#13617,res_partner_id#13617,res_partner_id#13617,2
partner_tour_config#13651,res_partner_id#13651,res_partner_id#13651,2
partner_tour_config#13938,res_partner_id#13938,res_partner_id#13938,2
partner_tour_config#13965,res_partner_id#13965,res_partner_id#13965,2
partner_tour_config#14051,res_partner_id#14051,res_partner_id#14051,2
partner_tour_config#14159,res_partner_id#14159,res_partner_id#14159,3
partner_tour_config#14171,res_partner_id#14171,res_partner_id#14171,2
partner_tour_config#14202,res_partner_id#14202,res_partner_id#14202,2
partner_tour_config#14220,res_partner_id#14220,res_partner_id#14220,2
partner_tour_config#14257,res_partner_id#14257,res_partner_id#14257,2
partner_tour_config#14258,res_partner_id#14258,res_partner_id#14258,2
partner_tour_config#14653,res_partner_id#14653,res_partner_id#14653,2
partner_tour_config#14349,res_partner_id#14349,res_partner_id#14349,2
partner_tour_config#14426,res_partner_id#14426,res_partner_id#14426,2
partner_tour_config#14519,res_partner_id#14519,res_partner_id#14519,2
partner_tour_config#14561,res_partner_id#14561,res_partner_id#14561,2
partner_tour_config#14557,res_partner_id#14557,res_partner_id#14557,2
partner_tour_config#14634,res_partner_id#14634,res_partner_id#14634,2
partner_tour_config#14654,res_partner_id#14654,res_partner_id#14654,2
partner_tour_config#14742,res_partner_id#14742,res_partner_id#14742,2
partner_tour_config#14750,res_partner_id#14750,res_partner_id#14750,2
partner_tour_config#14944,res_partner_id#14944,res_partner_id#14944,2
partner_tour_config#15039,res_partner_id#15039,res_partner_id#15039,2
partner_tour_config#15037,res_partner_id#15037,res_partner_id#15037,2
partner_tour_config#15100,res_partner_id#15100,res_partner_id#15100,2
partner_tour_config#17746,res_partner_id#17746,res_partner_id#17746,2
partner_tour_config#15107,res_partner_id#15107,res_partner_id#15107,2
partner_tour_config#15117,res_partner_id#15117,res_partner_id#15117,2
partner_tour_config#15151,res_partner_id#15151,res_partner_id#15151,2
partner_tour_config#15228,res_partner_id#15228,res_partner_id#15228,2
partner_tour_config#15266,res_partner_id#15266,res_partner_id#15266,2
partner_tour_config#15518,res_partner_id#15518,res_partner_id#15518,2
partner_tour_config#15675,res_partner_id#15675,res_partner_id#15675,2
partner_tour_config#15848,res_partner_id#15848,res_partner_id#15848,2
partner_tour_config#15889,res_partner_id#15889,res_partner_id#15889,2
partner_tour_config#15972,res_partner_id#15972,res_partner_id#15972,2
partner_tour_config#16268,res_partner_id#16268,res_partner_id#16268,2
partner_tour_config#16287,res_partner_id#16287,res_partner_id#16287,2
partner_tour_config#17972,res_partner_id#17972,res_partner_id#17972,2
partner_tour_config#16545,res_partner_id#16545,res_partner_id#16545,2
partner_tour_config#16715,res_partner_id#16715,res_partner_id#16715,3
partner_tour_config#16645,res_partner_id#16645,res_partner_id#16645,2
partner_tour_config#16663,res_partner_id#16663,res_partner_id#16663,2
partner_tour_config#16623,res_partner_id#16623,res_partner_id#16623,2
partner_tour_config#16641,res_partner_id#16641,res_partner_id#16641,2
partner_tour_config#16653,res_partner_id#16653,res_partner_id#16653,2
partner_tour_config#16706,res_partner_id#16706,res_partner_id#16706,2
partner_tour_config#16836,res_partner_id#16836,res_partner_id#16836,2
partner_tour_config#16948,res_partner_id#16948,res_partner_id#16948,2
partner_tour_config#17109,res_partner_id#17109,res_partner_id#17109,2
partner_tour_config#17120,res_partner_id#17120,res_partner_id#17120,2
partner_tour_config#17071,res_partner_id#17071,res_partner_id#17071,2
partner_tour_config#17344,res_partner_id#17344,res_partner_id#17344,2
partner_tour_config#17465,res_partner_id#17465,res_partner_id#17465,2
partner_tour_config#17513,res_partner_id#17513,res_partner_id#17513,2
partner_tour_config#17541,res_partner_id#17541,res_partner_id#17541,2
partner_tour_config#17495,res_partner_id#17495,res_partner_id#17495,2
partner_tour_config#17574,res_partner_id#17574,res_partner_id#17574,2
partner_tour_config#17621,res_partner_id#17621,res_partner_id#17621,2
partner_tour_config#17681,res_partner_id#17681,res_partner_id#17681,2
partner_tour_config#17706,res_partner_id#17706,res_partner_id#17706,2
partner_tour_config#17802,res_partner_id#17802,res_partner_id#17802,2
partner_tour_config#17791,res_partner_id#17791,res_partner_id#17791,2
partner_tour_config#17871,res_partner_id#17871,res_partner_id#17871,5
partner_tour_config#17872,res_partner_id#17872,res_partner_id#17872,2
partner_tour_config#17837,res_partner_id#17837,res_partner_id#17837,2
partner_tour_config#17938,res_partner_id#17938,res_partner_id#17938,2
partner_tour_config#18013,res_partner_id#18013,res_partner_id#18013,2
partner_tour_config#18104,res_partner_id#18104,res_partner_id#18104,2
partner_tour_config#18056,res_partner_id#18056,res_partner_id#18056,2
partner_tour_config#18370,res_partner_id#18370,res_partner_id#18370,2
partner_tour_config#18326,res_partner_id#18326,res_partner_id#18326,2
partner_tour_config#18395,res_partner_id#18395,res_partner_id#18395,2
partner_tour_config#18487,res_partner_id#18487,res_partner_id#18487,2
partner_tour_config#18514,res_partner_id#18514,res_partner_id#18514,2
partner_tour_config#18579,res_partner_id#18579,res_partner_id#18579,2
partner_tour_config#18572,res_partner_id#18572,res_partner_id#18572,2
partner_tour_config#18581,res_partner_id#18581,res_partner_id#18581,2
partner_tour_config#18637,res_partner_id#18637,res_partner_id#18637,2
partner_tour_config#18653,res_partner_id#18653,res_partner_id#18653,2
partner_tour_config#18675,res_partner_id#18675,res_partner_id#18675,2
partner_tour_config#18752,res_partner_id#18752,res_partner_id#18752,2
partner_tour_config#18822,res_partner_id#18822,res_partner_id#18822,2
partner_tour_config#18902,res_partner_id#18902,res_partner_id#18902,3
partner_tour_config#18961,res_partner_id#18961,res_partner_id#18961,3
partner_tour_config#18944,res_partner_id#18944,res_partner_id#18944,2
partner_tour_config#18936,res_partner_id#18936,res_partner_id#18936,2
partner_tour_config#18974,res_partner_id#18974,res_partner_id#18974,2
partner_tour_config#18933,res_partner_id#18933,res_partner_id#18933,2
partner_tour_config#18989,res_partner_id#18989,res_partner_id#18989,2
partner_tour_config#18985,res_partner_id#18985,res_partner_id#18985,2
partner_tour_config#19012,res_partner_id#19012,res_partner_id#19012,2
partner_tour_config#19068,res_partner_id#19068,res_partner_id#19068,2
partner_tour_config#19035,res_partner_id#19035,res_partner_id#19035,2
partner_tour_config#19091,res_partner_id#19091,res_partner_id#19091,2
partner_tour_config#19268,res_partner_id#19268,res_partner_id#19268,2
partner_tour_config#19294,res_partner_id#19294,res_partner_id#19294,2
partner_tour_config#19353,res_partner_id#19353,res_partner_id#19353,2
partner_tour_config#19364,res_partner_id#19364,res_partner_id#19364,3
partner_tour_config#19435,res_partner_id#19435,res_partner_id#19435,2
partner_tour_config#19383,res_partner_id#19383,res_partner_id#19383,2
partner_tour_config#19375,res_partner_id#19375,res_partner_id#19375,2
partner_tour_config#19382,res_partner_id#19382,res_partner_id#19382,2
partner_tour_config#19492,res_partner_id#19492,res_partner_id#19492,2
partner_tour_config#19493,res_partner_id#19493,res_partner_id#19493,3
partner_tour_config#19575,res_partner_id#19575,res_partner_id#19575,2
partner_tour_config#19647,res_partner_id#19647,res_partner_id#19647,2
