id,groupkey,name,parent_id/id
O#product_category#0,O_0,Warengruppe 0,
product_category#7188,7188,WERKZEUGE,O#product_category#0
product_category#5965,5965,AGR-VENTILE,O#product_category#0
product_category#7193,7193,WERKZEUGE BT,O#product_category#0
product_category#3034,3034,STOSSD[MPFER,O#product_category#0
product_category#3074,3074,STOSSD[MPFER,O#product_category#0
product_category#5619,5619,MOTORENTEILE,O#product_category#0
product_category#7562,7562,ARBEITSSCHUTZ,O#product_category#0
product_category#5669,5669,MOTORENTEILE,O#product_category#0
product_category#3519,3519,LENKGETRIEBE,O#product_category#0
product_category#4037,4037,ZUBEHOER,O#product_category#0
product_category#5914,5914,LUFTMASSENMESSER,O#product_category#0
product_category#5966,5966,AGR-VENTILE,O#product_category#0
product_category#4755,4755,WISCHERMOTOREN,O#product_category#0
product_category#1625,1625,BELEUCHTUNG,O#product_category#0
product_category#5598,5598,KEILRIPPENRIEMEN,O#product_category#0
product_category#5658,5658,MOTORENTEILE,O#product_category#0
product_category#5572,5572,KEILRIEMEN,O#product_category#0
product_category#2140,2140,BREMSSCHEIBEN,O#product_category#0
product_category#5468,5468,WASSERPUMPE+ZAHNRIMEN,O#product_category#0
product_category#5494,5494,KEILRIPPENRIEMEN,O#product_category#0
product_category#599,599,MAXGEAR,O#product_category#0
product_category#5216,5216,KLIMATECHNIK,O#product_category#0
product_category#560,560,DENSO O. ZUORDNUNG,O#product_category#0
product_category#558,558,LUFTFEDERUNG O. ZUORDNUNG,O#product_category#0
product_category#3500,3500,ELSTOCK TEILE,O#product_category#0
product_category#2131,2131,BREMSEN-ZIMMERMANN,O#product_category#0
product_category#5944,5944,ALANKO O. ZUORDNUNG,O#product_category#0
product_category#7069,7069,LADEGER[TE,O#product_category#0
product_category#7074,7074,MESSGER[TE,O#product_category#0
product_category#566,566,SKF O. ZUORDNUNG,O#product_category#0
product_category#547,547,CORTEGO OHNE ZUORDNUNG,O#product_category#0
product_category#591,591,FELGEN,O#product_category#0
product_category#529,529,ERA ONE ZUORDNUNG,O#product_category#0
product_category#3212,3212,STOSSD[MPFER,O#product_category#0
product_category#5457,5457,ZAHNRIEMENSATZ,O#product_category#0
product_category#5855,5855,TACHOWELLEN,O#product_category#0
product_category#5959,5959,AGR-VENTILE,O#product_category#0
product_category#3941,3941,RADSCHRAUBEN,O#product_category#0
product_category#5697,5697,STEUERKETTENSATZ,O#product_category#0
product_category#3073,3073,STOSSD[MPFER,O#product_category#0
product_category#5257,5257,KUPPLUNG LEITROLLEN,O#product_category#0
product_category#3219,3219,FEDERN,O#product_category#0
product_category#5958,5958,PARTSTEC-SORTIMENT,O#product_category#0
product_category#5338,5338,KLIMAKOMPR. U. PARTIKELFILTER,O#product_category#0
product_category#4383,4383,ELEKTRO. AUSSTATTUNG,O#product_category#0
product_category#5009,5009,KUPPLUNGEN,O#product_category#0
product_category#8882,8882,SCHALLD[MPFER HJS,O#product_category#0
product_category#521,521,FAG ARTIKEL O.Z.,O#product_category#0
product_category#580,580,CONTINETAL O.Z.,O#product_category#0
product_category#575,575,STG N.M.I.P.L.,O#product_category#0
product_category#576,576,TRW-OHNE ZUORDNUNG,O#product_category#0
product_category#5082,5082,KUPPLUNG,O#product_category#0
product_category#7076,7076,WERKSTATT AUSR]ST. SONST,O#product_category#0
product_category#6114,6114,DIEDERICHS ALLE,O#product_category#0
product_category#1073,1073,BATTERIEN,O#product_category#0
product_category#930,930,OELE,O#product_category#0
product_category#101,101,SCHALLDAEMPFER,O#product_category#0
product_category#102,102,BREMSENTEILE,O#product_category#0
product_category#103,103,STOSSDAEMPFER,O#product_category#0
product_category#104,104,KUPPLUNGSTEILE,O#product_category#0
product_category#105,105,FILTER,O#product_category#0
product_category#106,106,BENZINPUMPEN,O#product_category#0
product_category#107,107,THERMOSTATE,O#product_category#0
product_category#108,108,GELENKWELLEN,O#product_category#0
product_category#109,109,LENKUNGSTEILE,O#product_category#0
product_category#110,110,RADLAGER,O#product_category#0
product_category#111,111,KUGELLAGER,O#product_category#0
product_category#112,112,WELLENDICHTRINGE,O#product_category#0
product_category#113,113,KEILRIEMEN,O#product_category#0
product_category#114,114,ZUEND- GLUEHKERZEN,O#product_category#0
product_category#115,115,ZUENDUNGSTEILE,O#product_category#0
product_category#116,116,ANLASSER U. LIMA,O#product_category#0
product_category#117,117,INST. MATERIAL,O#product_category#0
product_category#118,118,BELEUCHTUNG,O#product_category#0
product_category#119,119,MESSTECHNIK,O#product_category#0
product_category#120,120,HELLA,O#product_category#0
product_category#121,121,SCHLEIFMITTEL,O#product_category#0
product_category#122,122,WISCHERBLAETTER,O#product_category#0
product_category#123,123,KAROSSERIETEILE,O#product_category#0
product_category#124,124,CHEM. PRODUKTE,O#product_category#0
product_category#125,125,SCHMIERSTOFFE,O#product_category#0
product_category#126,126,WASSERPUMPEN,O#product_category#0
product_category#127,127,SCHLAEUCHE,O#product_category#0
product_category#128,128,KUEHLER,O#product_category#0
product_category#129,129,ANHAENGEVORRICHTUNGEN,O#product_category#0
product_category#130,130,STARTERBATTERIEN,O#product_category#0
product_category#131,131,SCHWEISSBEDARF,O#product_category#0
product_category#132,132,FEDERN,O#product_category#0
product_category#133,133,DICHTUNGEN,O#product_category#0
product_category#134,134,LACK UND ZUBEHOER,O#product_category#0
product_category#135,135,CHEM. PRODUKTE,O#product_category#0
product_category#136,136,WERKZEUGE,O#product_category#0
product_category#137,137,MASCHINEN,O#product_category#0
product_category#138,138,DRUCKLUFT-TECHNIK,O#product_category#0
product_category#139,139,CAR  HI/FI,O#product_category#0
product_category#140,140,ZUBEHOER-ALLGEMEIN,O#product_category#0
product_category#141,141,INNENAUSSTATTUNG,O#product_category#0
product_category#142,142,DESIGN-ARTIKEL,O#product_category#0
product_category#143,143,SCHNEEKETTEN,O#product_category#0
product_category#144,144,KFZ-SICHERHEIT,O#product_category#0
product_category#145,145,WINDSCHUTZSCHEIBEN,O#product_category#0
product_category#146,146,SITZBEZUEGE,O#product_category#0
product_category#147,147,ORIGINALERSATZTEILE,O#product_category#0
product_category#148,148,REIFEN / FELGEN,O#product_category#0
product_category#149,149,MOTORRADTEILE,O#product_category#0
product_category#150,150,BOSAL-SCHALLDAEMPFER,O#product_category#0
product_category#151,151,DACH-TRAEGERSYSTEME,O#product_category#0
product_category#152,152,WERKSTATTAUSRUESTUNG,O#product_category#0
product_category#153,153,INDUSTRIEBEDARF,O#product_category#0
product_category#154,154,ELEKTRIK,O#product_category#0
product_category#155,155,SPORTLENKRAEDER,O#product_category#0
product_category#156,156,ZUBEHOER-ALLGEMEIN 2,O#product_category#0
product_category#157,157,FEBI-TEILE,O#product_category#0
product_category#158,158,KATALYSATOREN,O#product_category#0
product_category#161,161,STAHLGRUBER ALTES SORTIM.,O#product_category#0
product_category#511,511,DAYCO OHNE ZUORDNUNG,O#product_category#0
product_category#501,501,HJS TEILE O.Z.,O#product_category#0
product_category#255,255,ERLSKONTO,O#product_category#0
product_category#159,159,MOTORENTEILE,O#product_category#0
product_category#160,160,SPEZIAL-ARTIKEL,O#product_category#0
product_category#163,163,HERTH&BUSS,O#product_category#0
product_category#164,164,WUETSCHNER,O#product_category#0
product_category#200,200,ENTSORGUNG,O#product_category#0
product_category#222,222,NEUANLAGEN,O#product_category#0
product_category#250,250,FREI ZUM LOESCHEN,O#product_category#0
product_category#252,252,ERLOESKONTO DINKEL.,O#product_category#0
product_category#253,253,ERLOESKONTO NOERD.,O#product_category#0
product_category#256,256,FRACHTKOSTEN,O#product_category#0
product_category#270,270,VERSANDKOSTEN,O#product_category#0
product_category#299,299,AUTOGLAS,O#product_category#0
product_category#300,300,ERSETZTE ARTIKEL,O#product_category#0
product_category#333,333,AUSLAUFARTIKEL O.Z.,O#product_category#0
product_category#366,366,LOESCHEN,O#product_category#0
product_category#372,372,VIEROL O. ZUORDNUNG,O#product_category#0
product_category#377,377,MIPA OHNE ZUORDNUNG,O#product_category#0
product_category#378,378,H&B OHNE ZUORDNUNG,O#product_category#0
product_category#379,379,US-FAHRZEUGTEILE,O#product_category#0
product_category#380,380,QH ARTIKEL O. ZUORD.,O#product_category#0
product_category#381,381,BOSCH ARTIKEL O. ZU.,O#product_category#0
product_category#382,382,HESS HELLA ART.O. ZU,O#product_category#0
product_category#383,383,STAHLGRUBER O. ZUO.,O#product_category#0
product_category#384,384,HESS ARTIKEL O. ZUO.,O#product_category#0
product_category#385,385,LEMFOERDER ART. O. ZU,O#product_category#0
product_category#386,386,GOEHRUM ARTI. O. ZUO.,O#product_category#0
product_category#387,387,HENGSTENBERG O. ZUO.,O#product_category#0
product_category#388,388,DELCO ARTIKEL O. ZU.,O#product_category#0
product_category#389,389,OPTIMAL ART. O. ZUO.,O#product_category#0
product_category#390,390,US-FAHRZEUGTEILE,O#product_category#0
product_category#391,391,US-FAHRZEUGTEILE,O#product_category#0
product_category#392,392,US-FAHRZEUGTEILE,O#product_category#0
product_category#393,393,US-FAHRZEUGTEILE,O#product_category#0
product_category#394,394,OPEL-TEILE,O#product_category#0
product_category#395,395,RENAULT-TEILE,O#product_category#0
product_category#396,396,FIAT TEILE,O#product_category#0
product_category#397,397,VW-TEILE,O#product_category#0
product_category#398,398,FEBI ARTIKEL O. ZUO.,O#product_category#0
product_category#399,399,PEX O. ZUORDNUNG,O#product_category#0
product_category#400,400,FAHRRAD U. ZUBEHOER,O#product_category#0
product_category#401,401,DIEDERICHS DIVERSE,O#product_category#0
product_category#405,405,VERGLASUNG,O#product_category#0
product_category#449,449,FAHRRAD U. ZUBEHOER,O#product_category#0
product_category#450,450,FREIE WARENGRUPPE,O#product_category#0
product_category#499,499,RADSENSOREN,O#product_category#0
product_category#500,500,KALK. DUP. WARENGRUPPE,O#product_category#0
product_category#502,502,KALK. DUP. SCHEMA 02,O#product_category#0
product_category#503,503,KALK. DUP. SCHEMA 03,O#product_category#0
product_category#504,504,KALK. DUP. SCHEMA 04,O#product_category#0
product_category#505,505,KALK. DUP. SCHEMA05,O#product_category#0
product_category#506,506,KALK. DUP. SCHEMA 6,O#product_category#0
product_category#507,507,WALKER O. ZUORDNUNG,O#product_category#0
product_category#508,508,KALK. DUP. SCHEMA 8,O#product_category#0
product_category#509,509,KALK. DUP. SCHEMA 9,O#product_category#0
product_category#510,510,KALK. DUP. SCHEMA10,O#product_category#0
product_category#512,512,TRISCAN OHNE ZUORDUNG,O#product_category#0
product_category#513,513,METZGER OHNE ZUORDNUNG,O#product_category#0
product_category#514,514,KALK. DUP. SCHEMA 14,O#product_category#0
product_category#515,515,BOSAL-OHNE ZUORDNUNG,O#product_category#0
product_category#516,516,VEMO VAICO OHNE ZUORDNUNG,O#product_category#0
product_category#517,517,KALK. DUP. SCHEMA 17,O#product_category#0
product_category#518,518,SCHAEFERBARTHOLD O. ZUORDNUNG,O#product_category#0
product_category#519,519,MIPA OHNE ZUORDNUNG,O#product_category#0
product_category#520,520,HERTH&BUSS O. ZUORD.,O#product_category#0
product_category#522,522,FTE OHNE ZUORDUNG,O#product_category#0
product_category#523,523,BOSCH O. ZUORDNUNG,O#product_category#0
product_category#525,525,STG-AKTUELL,O#product_category#0
product_category#527,527,LEMFOERDER ART. O. ZU,O#product_category#0
product_category#528,528,GATES OHNE ZUORDUNG,O#product_category#0
product_category#531,531,OPTIMAL ART. O. ZUO.,O#product_category#0
product_category#532,532,JOHNS O. ZUORDUNG,O#product_category#0
product_category#533,533,VALEO O. ZUORDNUNG,O#product_category#0
product_category#534,534,JAPANPARTS,O#product_category#0
product_category#535,535,BLUEPRINT O. ZUORDN.,O#product_category#0
product_category#540,540,FEBI O. ZUORDNUNG,O#product_category#0
product_category#543,543,AIC O. ZUORDNUNG,O#product_category#0
product_category#548,548,MEYLE O. ZUORDNUNG,O#product_category#0
product_category#551,551,FRIG O. ZUORDUNG,O#product_category#0
product_category#554,554,VAICO O. ZUORDNUNG,O#product_category#0
product_category#556,556,DELPHI O. ZUORDNUNG,O#product_category#0
product_category#600,600,CHEM. PRODUKTE,O#product_category#0
product_category#601,601,CHEM. PRODUKTE,O#product_category#0
product_category#602,602,CHEM. PRODUKTE,O#product_category#0
product_category#603,603,CHEM. PRODUKTE,O#product_category#0
product_category#604,604,CRC CHEM. PRODUKTE,O#product_category#0
product_category#605,605,CHEM. PRODUKTE,O#product_category#0
product_category#606,606,CHEM. PRODUKTE,O#product_category#0
product_category#607,607,CHEM. PRODUKTE,O#product_category#0
product_category#608,608,CHEM. PRODUKTE,O#product_category#0
product_category#609,609,CH.PRO.AUSSER STARTPI,O#product_category#0
product_category#610,610,CHEM. PRODUKTE,O#product_category#0
product_category#611,611,CHEM. PRODUKTE,O#product_category#0
product_category#612,612,CHEM. PRODUKTE,O#product_category#0
product_category#613,613,CHEM. PRODUKTE,O#product_category#0
product_category#614,614,CHEM. PRODUKTE,O#product_category#0
product_category#615,615,CHEM. PRODUKTE,O#product_category#0
product_category#616,616,CHEM. PRODUKTE,O#product_category#0
product_category#617,617,CHEM. PRODUKTE,O#product_category#0
product_category#618,618,CHEM. PRODUKTE,O#product_category#0
product_category#619,619,CHEM. PRODUKTE,O#product_category#0
product_category#620,620,CHEM. PRODUKTE,O#product_category#0
product_category#621,621,CHEM. PRODUKTE,O#product_category#0
product_category#622,622,WERKSTATTGEBINDE,O#product_category#0
product_category#623,623,CHEM. PRODUKTE,O#product_category#0
product_category#624,624,CHEM. PRODUKTE,O#product_category#0
product_category#625,625,CHEM. PRODUKTE,O#product_category#0
product_category#626,626,CHEM. PRODUKTE,O#product_category#0
product_category#627,627,CHEM. PRODUKTE,O#product_category#0
product_category#628,628,CHEM. PRODUKTE,O#product_category#0
product_category#629,629,CHEM. PRODUKTE,O#product_category#0
product_category#630,630,CHEM. PRODUKTE,O#product_category#0
product_category#631,631,CHEM. PRODUKTE,O#product_category#0
product_category#632,632,CHEM. PRODUKTE,O#product_category#0
product_category#633,633,CHEM. PRODUKTE,O#product_category#0
product_category#634,634,CHEM. PRODUKTE,O#product_category#0
product_category#635,635,CHEM. PRODUKTE,O#product_category#0
product_category#636,636,CHEM. PRODUKTE,O#product_category#0
product_category#637,637,CHEM. PRODUKTE,O#product_category#0
product_category#638,638,CHEM. PRODUKTE,O#product_category#0
product_category#639,639,CHEM. PRODUKTE,O#product_category#0
product_category#640,640,CHEM. PRODUKTE,O#product_category#0
product_category#641,641,CHEM. PRODUKTE,O#product_category#0
product_category#642,642,CHEM. PRODUKTE,O#product_category#0
product_category#643,643,CHEM. PRODUKTE,O#product_category#0
product_category#644,644,CHEM. PRODUKTE,O#product_category#0
product_category#645,645,CHEM. PRODUKTE,O#product_category#0
product_category#646,646,CHEM. PRODUKTE,O#product_category#0
product_category#647,647,CHEM. PRODUKTE,O#product_category#0
product_category#648,648,CHEM. PRODUKTE,O#product_category#0
product_category#649,649,CHEM. PRODUKTE,O#product_category#0
product_category#650,650,CHEM. PRODUKTE,O#product_category#0
product_category#651,651,CHEM. PRODUKTE,O#product_category#0
product_category#652,652,CHEM. PRODUKTE,O#product_category#0
product_category#653,653,CHEM. PRODUKTE,O#product_category#0
product_category#654,654,CHEM. PRODUKTE,O#product_category#0
product_category#655,655,STARTP.A.CHEMI ALLG.,O#product_category#0
product_category#656,656,CHEM. PRODUKTE,O#product_category#0
product_category#657,657,CHEM. PRODUKTE,O#product_category#0
product_category#658,658,CHEM. PRODUKTE,O#product_category#0
product_category#659,659,CHEM. PRODUKTE,O#product_category#0
product_category#662,662,CHEM. PRODUKTE,O#product_category#0
product_category#663,663,CHEM. PRODUKTE,O#product_category#0
product_category#665,665,CHEM. PRODUKTE,O#product_category#0
product_category#666,666,CHEM. PRODUKTE,O#product_category#0
product_category#667,667,CHEM. PRODUKTE,O#product_category#0
product_category#668,668,CHEM. PRODUKTE,O#product_category#0
product_category#669,669,CHEM. PRODUKTE,O#product_category#0
product_category#670,670,CHEM. PRODUKTE,O#product_category#0
product_category#671,671,CHEM. PRODUKTE,O#product_category#0
product_category#672,672,CHEM. PRODUKTE,O#product_category#0
product_category#674,674,CHEM. PRODUKTE,O#product_category#0
product_category#676,676,CHEM. PRODUKTE,O#product_category#0
product_category#677,677,CHEM. PRODUKTE,O#product_category#0
product_category#679,679,CHEM. PRODUKTE,O#product_category#0
product_category#680,680,CHEM. PRODUKTE,O#product_category#0
product_category#681,681,CHEM. PRODUKTE,O#product_category#0
product_category#690,690,CHEM. PRODUKTE,O#product_category#0
product_category#699,699,CHEM. PRODUKTE,O#product_category#0
product_category#700,700,PFLEGEMITTEL SOMMER,O#product_category#0
product_category#701,701,PFLEGEMITTEL SOMMER,O#product_category#0
product_category#702,702,PFLEGEMITTEL SOMMER,O#product_category#0
product_category#703,703,CRC PFLEGEMITTEL,O#product_category#0
product_category#704,704,PFLEGEMITTEL SOMMER,O#product_category#0
product_category#705,705,PFLEGEMITTEL SOMMER,O#product_category#0
product_category#706,706,PFLEGEMITTEL SOMMER,O#product_category#0
product_category#707,707,PFLEGEMITTEL SOMMER,O#product_category#0
product_category#708,708,PFLEGEMITTEL SOMMER,O#product_category#0
product_category#709,709,PFLEGEMITTEL,O#product_category#0
product_category#710,710,PFLEGEMITTEL SOMMER,O#product_category#0
product_category#711,711,PFLEGEMITTEL SOMMER,O#product_category#0
product_category#712,712,PFLEGEMITTEL SOMMER,O#product_category#0
product_category#713,713,PFLEGEMITTEL SOMMER,O#product_category#0
product_category#714,714,PFLEGEMITTEL SOMMER,O#product_category#0
product_category#715,715,PFLEGEMITTEL SOMMER,O#product_category#0
product_category#716,716,PFLEGEMITTEL SOMMER,O#product_category#0
product_category#717,717,PFLEGEMITTEL SOMMER,O#product_category#0
product_category#723,723,PFLEGEMITTEL SOMMER,O#product_category#0
product_category#2803,2803,ABS-SENSOREN,O#product_category#0
product_category#4507,4507,AZV,O#product_category#0
product_category#749,749,PFLEGEMITTEL SOMMER,O#product_category#0
product_category#750,750,PFLEGEMITTEL WINTER,O#product_category#0
product_category#751,751,PFLEGEMITTEL WINTER,O#product_category#0
product_category#752,752,PFLEGEMITTEL WINTER,O#product_category#0
product_category#753,753,PFLEGEMITTEL WINTER,O#product_category#0
product_category#754,754,PFLEGEMITTEL WINTER,O#product_category#0
product_category#755,755,PFLEGEMITTEL WINTER,O#product_category#0
product_category#756,756,PFLEGEMITTEL WINTER,O#product_category#0
product_category#757,757,PFLEGEMITTEL WINTER,O#product_category#0
product_category#758,758,PFLEGEMITTEL WINTER,O#product_category#0
product_category#759,759,PFLEGEMITTEL WINTER,O#product_category#0
product_category#760,760,PFLEGEMITTEL WINTER,O#product_category#0
product_category#761,761,PFLEGEMITTEL WINTER,O#product_category#0
product_category#762,762,PFLEGEMITTEL WINTER,O#product_category#0
product_category#763,763,PFLEGEMITTEL WINTER,O#product_category#0
product_category#764,764,PFLEGEMITTEL WINTER,O#product_category#0
product_category#766,766,PFLEGEMITTEL WINTER,O#product_category#0
product_category#768,768,CHEM. PRODUKTE,O#product_category#0
product_category#769,769,PFLEGEMITTEL WINTER,O#product_category#0
product_category#799,799,PFLEGEMITTEL WINTER,O#product_category#0
product_category#800,800,LACKZUSAETZE,O#product_category#0
product_category#801,801,LACKZUSAETZE,O#product_category#0
product_category#802,802,LACKZUSAETZE,O#product_category#0
product_category#803,803,LACKZUSAETZE,O#product_category#0
product_category#804,804,LACKZUSAETZE,O#product_category#0
product_category#805,805,LACKZUSAETZE,O#product_category#0
product_category#806,806,LACKZUSAETZE,O#product_category#0
product_category#807,807,LACKZUSAETZE,O#product_category#0
product_category#809,809,LACKZUSAETZE,O#product_category#0
product_category#810,810,LACKZUSAETZE,O#product_category#0
product_category#811,811,LACKZUSAETZE,O#product_category#0
product_category#815,815,LACKZUSAETZE,O#product_category#0
product_category#829,829,LACKZUSAETZE SONST.,O#product_category#0
product_category#830,830,MISCHLACKE,O#product_category#0
product_category#831,831,MISCHLACKE,O#product_category#0
product_category#832,832,MISCHLACKE,O#product_category#0
product_category#833,833,MISCHLACKE,O#product_category#0
product_category#834,834,MISCHLACKE,O#product_category#0
product_category#835,835,MISCHLACKE,O#product_category#0
product_category#849,849,MISCHLACKE,O#product_category#0
product_category#850,850,SPRAYDOSEN,O#product_category#0
product_category#851,851,SPRAYDOSEN,O#product_category#0
product_category#852,852,SPRAYDOSEN,O#product_category#0
product_category#853,853,SPRAYDOSEN,O#product_category#0
product_category#854,854,SPRAYDOSEN,O#product_category#0
product_category#855,855,SPRAYDOSEN,O#product_category#0
product_category#879,879,SPRAYDOSEN,O#product_category#0
product_category#882,882,LACKIERZUBEHOER,O#product_category#0
product_category#883,883,LACKIERZUBEHOER,O#product_category#0
product_category#885,885,LACKIERZUBEHOER,O#product_category#0
product_category#888,888,LACKIERZUBEHOER,O#product_category#0
product_category#889,889,LACKIERZUBEHOER,O#product_category#0
product_category#899,899,LACKIERZUBEHOER SONST.,O#product_category#0
product_category#900,900,OELE,O#product_category#0
product_category#901,901,OELE,O#product_category#0
product_category#902,902,OELE,O#product_category#0
product_category#903,903,OELE,O#product_category#0
product_category#904,904,OELE,O#product_category#0
product_category#905,905,OELE,O#product_category#0
product_category#906,906,OELE,O#product_category#0
product_category#907,907,OELE,O#product_category#0
product_category#908,908,OELE,O#product_category#0
product_category#909,909,OELE,O#product_category#0
product_category#910,910,OELE,O#product_category#0
product_category#911,911,OELE,O#product_category#0
product_category#912,912,OELE,O#product_category#0
product_category#913,913,OELE,O#product_category#0
product_category#915,915,OELE,O#product_category#0
product_category#916,916,OELE,O#product_category#0
product_category#917,917,OELE,O#product_category#0
product_category#918,918,OELE,O#product_category#0
product_category#919,919,OELE,O#product_category#0
product_category#920,920,OELE,O#product_category#0
product_category#921,921,OELE,O#product_category#0
product_category#922,922,OELE,O#product_category#0
product_category#923,923,OELE,O#product_category#0
product_category#924,924,OELE,O#product_category#0
product_category#925,925,OELE,O#product_category#0
product_category#926,926,OELE,O#product_category#0
product_category#928,928,OELE,O#product_category#0
product_category#929,929,OELE,O#product_category#0
product_category#932,932,OELE,O#product_category#0
product_category#999,999,OELE SONSTIGE,O#product_category#0
product_category#1000,1000,BATTERIEN,O#product_category#0
product_category#1001,1001,BATTERIEN,O#product_category#0
product_category#1002,1002,BATTERIEN,O#product_category#0
product_category#1003,1003,BATTERIEN,O#product_category#0
product_category#1004,1004,BATTERIEN,O#product_category#0
product_category#1005,1005,BATTERIEN,O#product_category#0
product_category#1006,1006,BATTERIEN,O#product_category#0
product_category#1007,1007,BATTERIEN,O#product_category#0
product_category#1008,1008,BATTERIEN,O#product_category#0
product_category#1009,1009,BATTERIEN,O#product_category#0
product_category#1010,1010,BATTERIEN,O#product_category#0
product_category#1011,1011,BATTERIEN,O#product_category#0
product_category#1012,1012,BATTERIEN,O#product_category#0
product_category#1013,1013,BATTERIEN,O#product_category#0
product_category#1014,1014,BATTERIEN,O#product_category#0
product_category#1015,1015,BATTERIEN,O#product_category#0
product_category#1016,1016,BATTERIEN,O#product_category#0
product_category#1017,1017,BATTERIEN,O#product_category#0
product_category#1018,1018,BATTERIEN,O#product_category#0
product_category#1019,1019,BATTERIEN,O#product_category#0
product_category#1020,1020,BATTERIEN,O#product_category#0
product_category#1021,1021,BATTERIEN,O#product_category#0
product_category#1022,1022,BATTERIEN,O#product_category#0
product_category#1023,1023,BATTERIEN,O#product_category#0
product_category#1027,1027,BATTERIEN,O#product_category#0
product_category#1031,1031,MOTORRAD-BATTERIEN,O#product_category#0
product_category#1032,1032,MOTORRAD-BATTERIEN,O#product_category#0
product_category#1033,1033,MOTORRAD-BATTERIEN,O#product_category#0
product_category#1035,1035,MOTORRAD-BATTERIEN,O#product_category#0
product_category#1036,1036,MOTORRAD-BATTERIEN,O#product_category#0
product_category#1037,1037,MOTORRAD-BATTERIEN,O#product_category#0
product_category#1042,1042,MOTORRAD-BATTERIEN,O#product_category#0
product_category#1043,1043,MOTORRAD-BATTERIEN,O#product_category#0
product_category#1046,1046,MOTORRAD-BATTERIEN,O#product_category#0
product_category#1047,1047,MOTORRAD-BATTERIEN,O#product_category#0
product_category#1048,1048,MOTORRAD-BATTERIEN,O#product_category#0
product_category#1049,1049,BATTERIEN,O#product_category#0
product_category#1060,1060,TROCKEN-BATTERIEN,O#product_category#0
product_category#1061,1061,TROCKEN-BATTERIEN,O#product_category#0
product_category#1062,1062,MOTORRAD-BATTERIEN,O#product_category#0
product_category#1063,1063,MOTORRAD-BATTERIEN,O#product_category#0
product_category#1064,1064,MOTORRAD-BATTERIEN,O#product_category#0
product_category#1079,1079,MOTORRAD-BATTERIEN,O#product_category#0
product_category#1080,1080,LEUCHTEN/TASCHENLAM,O#product_category#0
product_category#1081,1081,LEUCHTEN/TASCHENLAM,O#product_category#0
product_category#1082,1082,LEUCHTEN/TASCHENLAM,O#product_category#0
product_category#1083,1083,LEUCHTEN/TASCHENLAM,O#product_category#0
product_category#1084,1084,LEUCHTEN/TASCHENLAM,O#product_category#0
product_category#1099,1099,LEUCHTEN/TASCHENLAM,O#product_category#0
product_category#1100,1100,ANLASSER,O#product_category#0
product_category#1101,1101,ANLASSER,O#product_category#0
product_category#1102,1102,ANLASSER,O#product_category#0
product_category#1103,1103,ANLASSER,O#product_category#0
product_category#1104,1104,ANLASSER,O#product_category#0
product_category#1105,1105,ANLASSER,O#product_category#0
product_category#1107,1107,ANLASSER,O#product_category#0
product_category#1108,1108,ANLASSER,O#product_category#0
product_category#1109,1109,ANLASSER,O#product_category#0
product_category#1110,1110,ANLASSER,O#product_category#0
product_category#1111,1111,ANLASSER,O#product_category#0
product_category#1112,1112,ANLASSER,O#product_category#0
product_category#1114,1114,ANLASSER,O#product_category#0
product_category#1115,1115,ANLASSER,O#product_category#0
product_category#1116,1116,ANLASSER,O#product_category#0
product_category#1117,1117,ANLASSER,O#product_category#0
product_category#1118,1118,ANLASSER,O#product_category#0
product_category#1120,1120,ANLASSER,O#product_category#0
product_category#1122,1122,ANLASSER,O#product_category#0
product_category#1123,1123,ANLASSER,O#product_category#0
product_category#1124,1124,STARTER,O#product_category#0
product_category#1131,1131,ANLASSER,O#product_category#0
product_category#1149,1149,ANLASSER,O#product_category#0
product_category#1150,1150,LICHTMASCHINEN,O#product_category#0
product_category#1151,1151,LICHTMASCHINEN,O#product_category#0
product_category#1152,1152,LICHTMASCHINEN,O#product_category#0
product_category#1153,1153,LICHTMASCHINEN,O#product_category#0
product_category#1154,1154,LICHTMASCHINEN,O#product_category#0
product_category#1155,1155,LICHTMASCHINEN,O#product_category#0
product_category#1156,1156,LICHTMASCHINEN,O#product_category#0
product_category#1157,1157,LICHTMASCHINEN,O#product_category#0
product_category#1158,1158,LICHTMASCHINEN,O#product_category#0
product_category#1159,1159,LICHTMASCHINEN,O#product_category#0
product_category#1160,1160,LICHTMASCHINEN,O#product_category#0
product_category#1161,1161,LICHTMASCHINEN,O#product_category#0
product_category#1162,1162,LICHTMASCHINEN,O#product_category#0
product_category#1163,1163,LICHTMASCHINEN,O#product_category#0
product_category#1164,1164,FREILAUF,O#product_category#0
product_category#1165,1165,LICHTMASCHINEN,O#product_category#0
product_category#1166,1166,LICHTMASCHINEN,O#product_category#0
product_category#1167,1167,LICHTMASCHINEN,O#product_category#0
product_category#1168,1168,LICHTMASCHINEN,O#product_category#0
product_category#1170,1170,LICHTMASCHINEN,O#product_category#0
product_category#1172,1172,LICHTMASCHINEN,O#product_category#0
product_category#1173,1173,LICHTMASCHINEN,O#product_category#0
product_category#1174,1174,GENERATOR,O#product_category#0
product_category#1180,1180,FREILAUF F. LIMA,O#product_category#0
product_category#1181,1181,FREILAUF F. LIMA,O#product_category#0
product_category#1182,1182,FREILAUF F. LIMA,O#product_category#0
product_category#1183,1183,FREILAUF F. LIMA,O#product_category#0
product_category#1184,1184,FREILAUF F. LIMA,O#product_category#0
product_category#1185,1185,FREILAUF F. LIMA,O#product_category#0
product_category#1186,1186,FREILAUF F. LIMA,O#product_category#0
product_category#1189,1189,FREILAUF,O#product_category#0
product_category#1193,1193,RIEMENSCHEIBEN,O#product_category#0
product_category#1194,1194,FREILAUF F. LIMA,O#product_category#0
product_category#1196,1196,FREILAUF F. LIMA,O#product_category#0
product_category#1197,1197,FREILAUF F. LIMA,O#product_category#0
product_category#1199,1199,LICHTMASCHINEN,O#product_category#0
product_category#1200,1200,ZUENDKABEL,O#product_category#0
product_category#1201,1201,ZUENDKABEL,O#product_category#0
product_category#1202,1202,ZUENDKABEL,O#product_category#0
product_category#1203,1203,ZUENDKABEL,O#product_category#0
product_category#1204,1204,ZUENDKABEL,O#product_category#0
product_category#1205,1205,ZUENDKABEL,O#product_category#0
product_category#1206,1206,ZUENDKABEL,O#product_category#0
product_category#1207,1207,ZUENDKABEL SAETZE,O#product_category#0
product_category#1208,1208,ZUENDKABEL SAETZE,O#product_category#0
product_category#1209,1209,ZUENDKABEL,O#product_category#0
product_category#1210,1210,ZUENDKABEL,O#product_category#0
product_category#1215,1215,ZUENDKABEL,O#product_category#0
product_category#1222,1222,ZUENDKABEL,O#product_category#0
product_category#1233,1233,ZUENDKABEL,O#product_category#0
product_category#1239,1239,ZUENDKABEL SAETZE,O#product_category#0
product_category#1249,1249,ZUENDKABEL,O#product_category#0
product_category#1250,1250,ZUENDUNGSTEILE,O#product_category#0
product_category#1251,1251,ZUENDUNGSTEILE,O#product_category#0
product_category#1252,1252,ZUENDUNGSTEILE,O#product_category#0
product_category#1253,1253,ZUENDUNGSTEILE,O#product_category#0
product_category#1254,1254,ZUENDUNGSTEILE,O#product_category#0
product_category#1255,1255,ZUENDUNGSTEILE,O#product_category#0
product_category#1257,1257,ZUENDKABEL,O#product_category#0
product_category#1259,1259,ZUENDUNGSTEILE,O#product_category#0
product_category#1260,1260,ZUENDUNGSTEILE,O#product_category#0
product_category#1261,1261,ZUENDUNGSTEILE,O#product_category#0
product_category#1262,1262,ZUENDUNGSTEILE,O#product_category#0
product_category#1263,1263,ZUENDUNGSTEILE,O#product_category#0
product_category#1264,1264,ZUENDUNGSTEILE,O#product_category#0
product_category#1265,1265,ZUENDUNGSTEILE,O#product_category#0
product_category#1266,1266,ZUENDUNGSTEILE,O#product_category#0
product_category#1267,1267,ZUENDUNGSTEILE,O#product_category#0
product_category#1272,1272,ZUENDUNGSTEILE,O#product_category#0
product_category#1273,1273,ZUENDUNGSTEILE,O#product_category#0
product_category#1274,1274,ZUENDSPULEN,O#product_category#0
product_category#1280,1280,ZUENDSPULEN,O#product_category#0
product_category#1281,1281,ZUENDSPULEN,O#product_category#0
product_category#1282,1282,ZUENDSPULEN,O#product_category#0
product_category#1283,1283,ZUENDSPULEN,O#product_category#0
product_category#1285,1285,ZUENDSPULEN,O#product_category#0
product_category#1286,1286,ZUENDSPULEN,O#product_category#0
product_category#1299,1299,ZUENDUNGSTEILE,O#product_category#0
product_category#1300,1300,ZUENDKERZEN,O#product_category#0
product_category#1301,1301,ZUENDKERZEN,O#product_category#0
product_category#1302,1302,ZUENDKERZEN,O#product_category#0
product_category#1303,1303,ZUENDKERZEN,O#product_category#0
product_category#1307,1307,ZUENDKERZEN,O#product_category#0
product_category#1308,1308,ZUENDKERZEN,O#product_category#0
product_category#1309,1309,ZUENDKERZEN,O#product_category#0
product_category#1312,1312,ZUENDKERZEN,O#product_category#0
product_category#1314,1314,ZUENDKERZEN,O#product_category#0
product_category#1320,1320,INDUSTRIEKERZEN,O#product_category#0
product_category#1322,1322,ZUENDKERZEN,O#product_category#0
product_category#1329,1329,ZUENDKERZEN,O#product_category#0
product_category#1330,1330,GLUEHKERZEN,O#product_category#0
product_category#1331,1331,GLUEHKERZEN,O#product_category#0
product_category#1332,1332,GLUEHKERZEN,O#product_category#0
product_category#1333,1333,GLUEHKERZEN,O#product_category#0
product_category#1334,1334,GLUEHKERZEN,O#product_category#0
product_category#1335,1335,GLUEHKERZEN,O#product_category#0
product_category#1336,1336,GLUEHKERZEN,O#product_category#0
product_category#1337,1337,GLUEHKERZEN,O#product_category#0
product_category#1338,1338,GLUEHKERZEN,O#product_category#0
product_category#1339,1339,GLUEHKERZEN,O#product_category#0
product_category#1340,1340,GLUEHKERZEN,O#product_category#0
product_category#1342,1342,GLUEHKERZEN,O#product_category#0
product_category#1347,1347,GLUEHKERZEN,O#product_category#0
product_category#1348,1348,GLUEHKERZEN,O#product_category#0
product_category#1352,1352,GLUEHKERZEN,O#product_category#0
product_category#1359,1359,GLUEHKERZEN,O#product_category#0
product_category#1360,1360,EINSPRITZDUESEN,O#product_category#0
product_category#1361,1361,EINSPRITZDUESEN,O#product_category#0
product_category#1362,1362,EINSPRITZDUESEN,O#product_category#0
product_category#1363,1363,EINSPRITZDUESEN,O#product_category#0
product_category#1364,1364,EINSPRITZDUESEN,O#product_category#0
product_category#1366,1366,EINSPRITZDUESEN,O#product_category#0
product_category#1367,1367,GLUEHKERZENSTEUERGEAET,O#product_category#0
product_category#1379,1379,EINSPRITZDUESEN,O#product_category#0
product_category#1380,1380,DUESENHALTER AT,O#product_category#0
product_category#1381,1381,DUESENSTOCK,O#product_category#0
product_category#1389,1389,DUESENHALTER,O#product_category#0
product_category#1399,1399,DUESENHALTER AT,O#product_category#0
product_category#1411,1411,ZUENDVERTEILER AUST.,O#product_category#0
product_category#1412,1412,ZUENDVERTEILER AUST.,O#product_category#0
product_category#1413,1413,ZUENDVERTEILER AUST.,O#product_category#0
product_category#1414,1414,ZUENDVERTEILER AUST.,O#product_category#0
product_category#1419,1419,ZUENDVERTEILER AUST.,O#product_category#0
product_category#1428,1428,STEUERGERAETE O.AUSTAU.,O#product_category#0
product_category#1429,1429,STEUERGERAETE M.AUSTAU.,O#product_category#0
product_category#1432,1432,STEUERGERAETE,O#product_category#0
product_category#1435,1435,STEUERGERAETE,O#product_category#0
product_category#1441,1441,STEUERGERAETE,O#product_category#0
product_category#1442,1442,STEUERGERAETE,O#product_category#0
product_category#1443,1443,STEUERGERAETE,O#product_category#0
product_category#1444,1444,STEUERGERAETE,O#product_category#0
product_category#1445,1445,STEUERGERAETE,O#product_category#0
product_category#1449,1449,STEUERGERAETE,O#product_category#0
product_category#1479,1479,ZUENDMODULE,O#product_category#0
product_category#1500,1500,BELEUCHTUNG,O#product_category#0
product_category#1501,1501,BELEUCHTUNG,O#product_category#0
product_category#1502,1502,BELEUCHTUNG,O#product_category#0
product_category#1503,1503,SCHEINWER.U.LEUCHTEN,O#product_category#0
product_category#1504,1504,BELEUCHTUNG,O#product_category#0
product_category#1505,1505,BELEUCHTUNG,O#product_category#0
product_category#1506,1506,BELEUCHTUNG,O#product_category#0
product_category#1507,1507,BELEUCHTUNG,O#product_category#0
product_category#1508,1508,BELEUCHTUNG,O#product_category#0
product_category#1509,1509,BELEUCHTUNG,O#product_category#0
product_category#1510,1510,BELEUCHTUNG,O#product_category#0
product_category#1512,1512,BELEUCHTUNG,O#product_category#0
product_category#1513,1513,BELEUCHTUNG,O#product_category#0
product_category#1514,1514,BELEUCHTUNG,O#product_category#0
product_category#1515,1515,BELEUCHTUNG,O#product_category#0
product_category#1516,1516,BELEUCHTUNG,O#product_category#0
product_category#1517,1517,BELEUCHTUNG,O#product_category#0
product_category#1518,1518,BELEUCHTUNG,O#product_category#0
product_category#1519,1519,BELEUCHTUNG,O#product_category#0
product_category#1523,1523,BELEUCHT.FZG.SPEZIF.,O#product_category#0
product_category#4519,4519,AZV,O#product_category#0
product_category#1525,1525,BELEUCHTUNG,O#product_category#0
product_category#1533,1533,BELEU.ZUSATZ DESIGN,O#product_category#0
product_category#1534,1534,BELEUCHTUNG,O#product_category#0
product_category#1599,1599,BELEUCHTUNG,O#product_category#0
product_category#1600,1600,AUTOLAMPEN,O#product_category#0
product_category#1601,1601,AUTOLAMPEN,O#product_category#0
product_category#1602,1602,AUTOLAMPEN,O#product_category#0
product_category#1603,1603,AUTOLAMPEN,O#product_category#0
product_category#1604,1604,AUTOLAMPEN,O#product_category#0
product_category#1605,1605,AUTOLAMPEN,O#product_category#0
product_category#1606,1606,AUTOLAMPEN,O#product_category#0
product_category#1607,1607,AUTOLAMPEN,O#product_category#0
product_category#1608,1608,AUTOLAMPEN,O#product_category#0
product_category#1609,1609,AUTOLAMPEN,O#product_category#0
product_category#1610,1610,AUTOLAMPEN,O#product_category#0
product_category#1611,1611,AUTOLAMPEN,O#product_category#0
product_category#1612,1612,AUTOLAMPEN,O#product_category#0
product_category#1613,1613,AUTOLAMPEN,O#product_category#0
product_category#1614,1614,AUTOLAMPEN,O#product_category#0
product_category#1615,1615,AUTOLAMPEN,O#product_category#0
product_category#1616,1616,AUTOLAMPEN,O#product_category#0
product_category#1618,1618,AUTOLAMPEN,O#product_category#0
product_category#1622,1622,AUTOLAMPEN,O#product_category#0
product_category#1624,1624,AUTOLAMPEN,O#product_category#0
product_category#1626,1626,AUTOLAMPEN,O#product_category#0
product_category#1699,1699,AUTOLAMPEN,O#product_category#0
product_category#1700,1700,AUTOELEK.KAB/INST,O#product_category#0
product_category#1701,1701,AUTOELEK.KAB/INST,O#product_category#0
product_category#1702,1702,AUTOELEK.KAB/INST,O#product_category#0
product_category#1703,1703,AUTOELEK.KAB/INST,O#product_category#0
product_category#1704,1704,AUTOELEK.KAB/INST,O#product_category#0
product_category#1705,1705,AUTOELEK.KAB/INST,O#product_category#0
product_category#1706,1706,AUTOELEK.KAB/INST,O#product_category#0
product_category#1707,1707,AUTOELEK.KAB/INST,O#product_category#0
product_category#1708,1708,AUTOELEK.KAB/INST,O#product_category#0
product_category#1709,1709,AUTOELEK.KAB/INST,O#product_category#0
product_category#1710,1710,AUTOELEK.KAB/INST,O#product_category#0
product_category#1711,1711,AUTOELEK.KAB/INST,O#product_category#0
product_category#1712,1712,AUTOELEK.KAB/INST,O#product_category#0
product_category#1713,1713,AUTOELEK.KAB/INST,O#product_category#0
product_category#1714,1714,AUTOELEK.KAB/INST,O#product_category#0
product_category#1715,1715,AUTOELEK.KAB/INST,O#product_category#0
product_category#1716,1716,AUTOELEK.KAB/INST,O#product_category#0
product_category#1717,1717,AUTOELEK.KAB/INST,O#product_category#0
product_category#1718,1718,AUTOELEK.KAB/INST,O#product_category#0
product_category#1719,1719,AUTOELEK.KAB/INST,O#product_category#0
product_category#1720,1720,AUTOELEK.KAB/INST,O#product_category#0
product_category#1722,1722,AUTOELEK.KAB/INST,O#product_category#0
product_category#1724,1724,AUTOELEK.KAB/INST,O#product_category#0
product_category#1725,1725,AUTOELEKTRIK,O#product_category#0
product_category#1730,1730,AUTOELEK.KAB/INST,O#product_category#0
product_category#1731,1731,AUTOELEK.KAB/INST,O#product_category#0
product_category#1732,1732,AUTOELEK.KAB/INST,O#product_category#0
product_category#1733,1733,AUTOELEKTRIK,O#product_category#0
product_category#1770,1770,AUTOELEK.HELLA AUST.,O#product_category#0
product_category#1779,1779,WISCHERMOTOR AUSTAU.,O#product_category#0
product_category#1799,1799,AUTOELEK.KAB/INST,O#product_category#0
product_category#1800,1800,HELLA SONSTIGE/NATO,O#product_category#0
product_category#1810,1810,HELLA A,O#product_category#0
product_category#1811,1811,HELLA B,O#product_category#0
product_category#1812,1812,HELLA C,O#product_category#0
product_category#1813,1813,HELLA E,O#product_category#0
product_category#1814,1814,HELLA F,O#product_category#0
product_category#1815,1815,HELLA K,O#product_category#0
product_category#1816,1816,HELLA L,O#product_category#0
product_category#1817,1817,HELLA M,O#product_category#0
product_category#1818,1818,HELLA N,O#product_category#0
product_category#1819,1819,HELLA P,O#product_category#0
product_category#1820,1820,HELLA Q,O#product_category#0
product_category#1821,1821,HELLA S,O#product_category#0
product_category#1822,1822,HELLA T,O#product_category#0
product_category#1823,1823,HELLA D,O#product_category#0
product_category#1824,1824,HELLA W,O#product_category#0
product_category#1825,1825,HELLA X,O#product_category#0
product_category#1826,1826,HELLA G,O#product_category#0
product_category#1827,1827,HELLA H,O#product_category#0
product_category#1828,1828,HELLA R,O#product_category#0
product_category#1829,1829,HELLA U,O#product_category#0
product_category#1840,1840,HELLA A -1,O#product_category#0
product_category#1841,1841,HELLA A -5DA,O#product_category#0
product_category#1842,1842,HELLA 1842 -6NW,O#product_category#0
product_category#1900,1900,NEUE WARENGRUPPE,O#product_category#0
product_category#1901,1901,AGR-VENTILE,O#product_category#0
product_category#1903,1903,LEERLAUFREGELVENTILE,O#product_category#0
product_category#1980,1980,EINSPRITZSY.M.AUSTA.,O#product_category#0
product_category#1981,1981,EINSPRITZSY.O.AUSTA.,O#product_category#0
product_category#1982,1982,EINSPRITZSY.M.AUSTA.,O#product_category#0
product_category#1983,1983,EINSPRITZSY.O.AUSTA.,O#product_category#0
product_category#1984,1984,EINSPRITZSY.O.AUSTA.,O#product_category#0
product_category#1985,1985,EINSPRITZSYSTEM,O#product_category#0
product_category#1998,1998,EINSPRITZSY.M.AUSTA.,O#product_category#0
product_category#1999,1999,EINSPRITZSY.O.AUSTA.,O#product_category#0
product_category#3910,3910,ALUFELGEN,O#product_category#0
product_category#2000,2000,SCHEIBENBREMSBELAEGE,O#product_category#0
product_category#2001,2001,SCHEIBENBREMSBELAEGE,O#product_category#0
product_category#2002,2002,SCHEIBENBREMSBELAEGE,O#product_category#0
product_category#2003,2003,SCHEIBENBREMSBELAEGE,O#product_category#0
product_category#2004,2004,SCHEIBENBREMSBELAEGE,O#product_category#0
product_category#2005,2005,SCHEIBENBREMSBELAEGE,O#product_category#0
product_category#2006,2006,SCHEIBENBREMSBELAEGE,O#product_category#0
product_category#2007,2007,SCHEIBENBREMSBELAEGE,O#product_category#0
product_category#2008,2008,SCHEIBENBREMSBELAEGE,O#product_category#0
product_category#2009,2009,SCHEIBENBREMSBELAEGE,O#product_category#0
product_category#2010,2010,SCHEIBENBREMSBELAEGE,O#product_category#0
product_category#2011,2011,SCHEIBENBREMSBELAEGE,O#product_category#0
product_category#2012,2012,SCHEIBENBREMSBELAEGE,O#product_category#0
product_category#2013,2013,SCHEIBENBREMSBELAEGE,O#product_category#0
product_category#2014,2014,SCHEIBENBREMSBELAEGE,O#product_category#0
product_category#2015,2015,SCHEIBENBREMSBELAEGE,O#product_category#0
product_category#2016,2016,SCHEIBENBREMSBELAEGE,O#product_category#0
product_category#2017,2017,SCHEIBENBREMSBELAEGE,O#product_category#0
product_category#2020,2020,SCHEIBENBREMSBELAEGE,O#product_category#0
product_category#2022,2022,SCHEIBENBREMSBELAEGE,O#product_category#0
product_category#2023,2023,SCHEIBENBREMSBELAEGE,O#product_category#0
product_category#2025,2025,SCHEIBENBREMSBELAEGE,O#product_category#0
product_category#2026,2026,SCHEIBENBREMSBELAEGE,O#product_category#0
product_category#2028,2028,SCHEIBENBREMSBELAEGE,O#product_category#0
product_category#2029,2029,SCHEIBENBREMSBELAEGE,O#product_category#0
product_category#2030,2030,SCHEIBENBREMSBELAEGE,O#product_category#0
product_category#2033,2033,BREMSBELAG SSB,O#product_category#0
product_category#2034,2034,SCHEIBENBREMSBELAEGE,O#product_category#0
product_category#2035,2035,SCHEIBENBREMSBELAEGE,O#product_category#0
product_category#2038,2038,SCHEIBENBREMSBELAEGE,O#product_category#0
product_category#2039,2039,SCHEIBENBREMSBELAEGE,O#product_category#0
product_category#2049,2049,SCHEIBENBREMSBELAEGE,O#product_category#0
product_category#2050,2050,FREI WG,O#product_category#0
product_category#2051,2051,SCHEIBENBELAE.MOTORR,O#product_category#0
product_category#2052,2052,SCHEIBENBELAE.MOTORR,O#product_category#0
product_category#2053,2053,SCHEIBENBELAE.MOTORR,O#product_category#0
product_category#2069,2069,SCHEIBENBELAE.MOTORR,O#product_category#0
product_category#2100,2100,BREMSSCHEIBEN,O#product_category#0
product_category#2101,2101,BREMSSCHEIBEN,O#product_category#0
product_category#2102,2102,BREMSSCHEIBEN,O#product_category#0
product_category#2103,2103,BREMSSCHEIBEN,O#product_category#0
product_category#2104,2104,BREMSSCHEIBEN,O#product_category#0
product_category#2105,2105,BREMSSCHEIBEN,O#product_category#0
product_category#2106,2106,BREMSSCHEIBEN,O#product_category#0
product_category#2107,2107,BREMSSCHEIBEN,O#product_category#0
product_category#2108,2108,BREMSSCHEIBEN,O#product_category#0
product_category#2109,2109,BREMSSCHEIBEN,O#product_category#0
product_category#2110,2110,BREMSSCHEIBEN,O#product_category#0
product_category#2111,2111,BREMSSCHEIBEN,O#product_category#0
product_category#2112,2112,BREMSSCHEIBEN,O#product_category#0
product_category#2113,2113,BREMSSCHEIBEN,O#product_category#0
product_category#2114,2114,BREMSSCHEIBEN,O#product_category#0
product_category#2115,2115,BREMSSCHEIBEN,O#product_category#0
product_category#2116,2116,BREMSSCHEIBEN,O#product_category#0
product_category#2117,2117,BREMSSCHEIBEN,O#product_category#0
product_category#2120,2120,BREMSSCHEIBEN,O#product_category#0
product_category#2121,2121,BREMSSCHEIBEN,O#product_category#0
product_category#2122,2122,BREMSSCHEIBEN,O#product_category#0
product_category#2123,2123,BREMSSCHEIBEN,O#product_category#0
product_category#2124,2124,BREMSENTEILE,O#product_category#0
product_category#2125,2125,BREMSSCHEIBEN,O#product_category#0
product_category#2126,2126,BREMSSCHEIBEN,O#product_category#0
product_category#2128,2128,BREMSSCHEIBEN,O#product_category#0
product_category#2129,2129,BREMSSCHEIBEN,O#product_category#0
product_category#2130,2130,BREMSSCHEIBEN,O#product_category#0
product_category#2132,2132,BREMSSCHEIBEN,O#product_category#0
product_category#2133,2133,BREMSSCHEIBEN,O#product_category#0
product_category#2134,2134,BREMSSCHEIBEN,O#product_category#0
product_category#2135,2135,BREMSSCHEIBEN,O#product_category#0
product_category#2136,2136,BREMSSCHEIBEN MIT RALA,O#product_category#0
product_category#2138,2138,BREMSSCHEIBEN,O#product_category#0
product_category#2139,2139,BREMSSCHEIBEN,O#product_category#0
product_category#2141,2141,BREMSSCHEIBEN MIT RALA,O#product_category#0
product_category#2146,2146,BREMSSCHEIBEN,O#product_category#0
product_category#2149,2149,BREMSSCHEIBEN,O#product_category#0
product_category#2153,2153,BREMSSCHEI.MOTORRAD,O#product_category#0
product_category#2155,2155,BEZUEGE + FELL,O#product_category#0
product_category#2169,2169,BREMSSCHEI.MOTORRAD,O#product_category#0
product_category#2170,2170,BREMSENTEI.MOTORSPO.,O#product_category#0
product_category#2171,2171,BREMSENTEI.MOTORSPO.,O#product_category#0
product_category#2200,2200,BREMS-KUPPLU.-HYDRA,O#product_category#0
product_category#2201,2201,BREMS-KUPPLU.-HYDRA,O#product_category#0
product_category#2202,2202,BREMS-KUPPLU.-HYDRA,O#product_category#0
product_category#2203,2203,BREMS-KUPPLU.-HYDRA,O#product_category#0
product_category#2204,2204,BREMS-KUPPLU.-HYDRA,O#product_category#0
product_category#2205,2205,BREMS-KUPPLU.-HYDRA,O#product_category#0
product_category#2206,2206,BREMS-KUPPLU.-HYDRA,O#product_category#0
product_category#2207,2207,BREMS-KUPPLU.-HYDRA,O#product_category#0
product_category#2208,2208,BREMS-KUPPLU.-HYDRA,O#product_category#0
product_category#2209,2209,BREMS-KUPPLU.-HYDRA,O#product_category#0
product_category#2210,2210,BREMS-KUPPLU.-HYDRA,O#product_category#0
product_category#2211,2211,BREMS-KUPPLU.-HYDRA,O#product_category#0
product_category#2212,2212,BREMS-KUPPLU.-HYDRA,O#product_category#0
product_category#2213,2213,BREMS-KUPPLU.-HYDRA,O#product_category#0
product_category#2214,2214,BREMSHYDRAULIK,O#product_category#0
product_category#2215,2215,BREMS-KUPPLU.-HYDRA,O#product_category#0
product_category#2216,2216,BREMS-KUPPLU.-HYDRA,O#product_category#0
product_category#2217,2217,BREMS-KUPPLU.-HYDRA,O#product_category#0
product_category#2218,2218,BREMS-KUPPLU.-HYDRA,O#product_category#0
product_category#2220,2220,BREMS-KUPPLU.-HYDRA,O#product_category#0
product_category#2221,2221,BREMSHYDRAULIK,O#product_category#0
product_category#2222,2222,BREMS-KUPPLU.-HYDRA,O#product_category#0
product_category#2226,2226,BREMS-KUPPLU.-HYDRA,O#product_category#0
product_category#2228,2228,BREMS-KUPPLU.-HYDRA,O#product_category#0
product_category#2230,2230,BREMS-KUPPLU.-HYDRA,O#product_category#0
product_category#2231,2231,BREMS-KUPPLU.-HYDRA,O#product_category#0
product_category#2232,2232,BREMS-KUPPLU.-HYDRA,O#product_category#0
product_category#2233,2233,BREMS-KUPPLU.-HYDRA,O#product_category#0
product_category#2249,2249,BREMS-KUPPLU.-HYDRA,O#product_category#0
product_category#2250,2250,BREMSSAETTEL AT,O#product_category#0
product_category#2251,2251,BREMSSAETTEL AT,O#product_category#0
product_category#2253,2253,BREMSSAETTEL AT,O#product_category#0
product_category#2254,2254,BREMSSAETTEL AT,O#product_category#0
product_category#2255,2255,BREMSSAETTEL AT,O#product_category#0
product_category#2256,2256,BREMSSAETTEL AT,O#product_category#0
product_category#2257,2257,BREMSSAETTEL AT,O#product_category#0
product_category#2258,2258,BREMSSAETTEL AT,O#product_category#0
product_category#2259,2259,BREMSSAETTEL AT,O#product_category#0
product_category#2261,2261,BREMSSAETTEL AT,O#product_category#0
product_category#2263,2263,BREMSSAETTEL AT,O#product_category#0
product_category#2264,2264,BREMS-KUPPLU.-HYDRA,O#product_category#0
product_category#2265,2265,BREMSSAETTEL AT,O#product_category#0
product_category#2267,2267,BREMSSAETTEL AT,O#product_category#0
product_category#2268,2268,BREMSSAETTEL AT,O#product_category#0
product_category#2269,2269,BREMSSAETTEL AT,O#product_category#0
product_category#2271,2271,BREMSAETTEL AUSTAUSCH,O#product_category#0
product_category#2272,2272,BREMSSAETTEL AT,O#product_category#0
product_category#2277,2277,BREMSSAETTEL AT,O#product_category#0
product_category#2278,2278,BREMSSAETTEL AT,O#product_category#0
product_category#2279,2279,BREMSSAETTEL AT,O#product_category#0
product_category#2280,2280,BREMSFLUESSIGKEIT,O#product_category#0
product_category#2282,2282,BREMSFLUESSIGKEIT,O#product_category#0
product_category#2283,2283,BREMSFLUESSIGKEIT,O#product_category#0
product_category#2284,2284,BREMSFLUESSIGKEIT,O#product_category#0
product_category#2285,2285,BREMSFLUESSIGKEIT,O#product_category#0
product_category#2286,2286,BREMSFLUESSIGKEIT,O#product_category#0
product_category#2287,2287,BREMSFLUESSIGKEIT,O#product_category#0
product_category#2288,2288,BREMSFLUESSIGKEIT,O#product_category#0
product_category#2289,2289,BREMSFLUESSIGKEIT,O#product_category#0
product_category#2290,2290,BREMSFLUESSIGKEIT,O#product_category#0
product_category#2291,2291,BREMSFLUESSIGKEIT,O#product_category#0
product_category#2292,2292,BREMSFLUESSIGKEIT,O#product_category#0
product_category#2293,2293,BREMSFLUESSIGKEIT,O#product_category#0
product_category#2294,2294,BREMSFLUESSIGKEIT,O#product_category#0
product_category#2295,2295,BREMSFLUESSIGKEIT,O#product_category#0
product_category#2296,2296,BREMSFLUESSIGKEIT,O#product_category#0
product_category#2298,2298,BREMSFLUESSIGKEIT,O#product_category#0
product_category#2299,2299,BREMSFLUESSIGKEIT,O#product_category#0
product_category#2300,2300,TROMMELBELAEGE-BACKEN,O#product_category#0
product_category#2301,2301,TROMMELBELAEGE-BACKEN,O#product_category#0
product_category#2302,2302,TROMMELBREMSBELAEGE/BACKEN,O#product_category#0
product_category#2303,2303,TROMMELBELAEGE-BACKEN,O#product_category#0
product_category#2304,2304,TROMMELBELAEGE-BACKEN,O#product_category#0
product_category#2305,2305,TROMMELBELAEGE-BACKEN,O#product_category#0
product_category#2306,2306,TROMMELBELAEGE-BACKEN,O#product_category#0
product_category#2307,2307,TROMMELBELAEGE-BACKEN,O#product_category#0
product_category#2308,2308,TROMMELBELAEGE-BACKEN,O#product_category#0
product_category#2309,2309,TROMMELBELAEGE-BACKEN,O#product_category#0
product_category#2310,2310,TROMMELBELAEGE-BACKEN,O#product_category#0
product_category#2311,2311,TROMMELBELAEGE-BACKEN,O#product_category#0
product_category#2312,2312,TROMMELBELAEGE-BACKEN,O#product_category#0
product_category#2313,2313,TROMMELBELAEGE-BACKEN,O#product_category#0
product_category#2314,2314,TROMMELBELAEGE-BACKEN,O#product_category#0
product_category#2315,2315,TROMMELBELAEGE-BACKEN,O#product_category#0
product_category#2316,2316,TROMMELBELAEGE-BACKEN,O#product_category#0
product_category#2320,2320,TROMMELBELAEGE-BACKEN,O#product_category#0
product_category#2322,2322,TROMMELBELAEGE-BACKEN,O#product_category#0
product_category#2326,2326,TROMMELBELAEGE-BACKEN,O#product_category#0
product_category#2328,2328,TROMMELBELAEGE-BACKEN,O#product_category#0
product_category#2329,2329,TROMMELBELAEGE-BACKEN,O#product_category#0
product_category#2330,2330,TROMMELBREMSBELAEGE/BACKEN,O#product_category#0
product_category#2333,2333,TROMMELBELAEGE-BACKEN,O#product_category#0
product_category#2335,2335,BREMSBACKENSATZ,O#product_category#0
product_category#2339,2339,TROMMELBELAEGE-BACKEN,O#product_category#0
product_category#2349,2349,TROMMELBELAEGE-BACKEN,O#product_category#0
product_category#2353,2353,MOTORRAD-BREMSBACKEN,O#product_category#0
product_category#2370,2370,BREMSENKIT,O#product_category#0
product_category#2371,2371,BREMSENKIT,O#product_category#0
product_category#2373,2373,BREMSENKIT,O#product_category#0
product_category#2375,2375,BREMSENKIT,O#product_category#0
product_category#2376,2376,BREMSENKIT,O#product_category#0
product_category#2378,2378,BREMSENKIT,O#product_category#0
product_category#2381,2381,BREMSENKIT,O#product_category#0
product_category#2388,2388,BREMSENKIT,O#product_category#0
product_category#2389,2389,BREMSENKIT,O#product_category#0
product_category#2396,2396,BREMSENKIT,O#product_category#0
product_category#2399,2399,BREMSENKIT,O#product_category#0
product_category#2400,2400,BREMSTROMMELN,O#product_category#0
product_category#2401,2401,BREMSTROMMELN,O#product_category#0
product_category#2402,2402,BREMSTROMMELN,O#product_category#0
product_category#2403,2403,BREMSTROMMELN,O#product_category#0
product_category#2404,2404,BREMSTROMMELN,O#product_category#0
product_category#2405,2405,BREMSTROMMELN,O#product_category#0
product_category#2515,2515,BREMS+KUPPLUNGSSEILE,O#product_category#0
product_category#2406,2406,BREMSTROMMELN,O#product_category#0
product_category#2407,2407,BREMSTROMMELN,O#product_category#0
product_category#2408,2408,BREMSTROMMELN,O#product_category#0
product_category#2411,2411,BREMSTROMMELN,O#product_category#0
product_category#2412,2412,BREMSTROMMELN,O#product_category#0
product_category#2413,2413,BREMSTROMMELN,O#product_category#0
product_category#2414,2414,BREMSTROMMELN,O#product_category#0
product_category#2415,2415,BREMSTROMMELN,O#product_category#0
product_category#2416,2416,BREMSTROMMELN,O#product_category#0
product_category#2421,2421,BREMSTROMMELN,O#product_category#0
product_category#2426,2426,BREMSTROMMELN,O#product_category#0
product_category#2430,2430,BREMSTROMMELN,O#product_category#0
product_category#2431,2431,BREMSTROMMELN,O#product_category#0
product_category#2433,2433,BREMSTROMMELN,O#product_category#0
product_category#2435,2435,BREMSTROMMELN,O#product_category#0
product_category#2439,2439,BREMSTROMMELN,O#product_category#0
product_category#2499,2499,BREMSTROMMELN,O#product_category#0
product_category#2500,2500,BREMS+KUPPLUNGSTEILE,O#product_category#0
product_category#2501,2501,BREMS+KUPPLUNGSTEILE,O#product_category#0
product_category#2503,2503,BREMS+KUPPLUNGSTEILE,O#product_category#0
product_category#2504,2504,BREMS+KUPPLUNGSTEILE,O#product_category#0
product_category#2505,2505,BREMS+KUPPLUNGSTEILE,O#product_category#0
product_category#2506,2506,BREMS+KUPPLUNGSTEILE,O#product_category#0
product_category#2507,2507,BREMS+KUPPLUNGSTEILE,O#product_category#0
product_category#2508,2508,BREMS+KUPPLUNGSTEILE,O#product_category#0
product_category#2510,2510,BREMS+KUPPLUNGSTEILE,O#product_category#0
product_category#2511,2511,BREMS+KUPPLUNGSTEILE,O#product_category#0
product_category#2512,2512,BREMS+KUPPLUNGSTEILE,O#product_category#0
product_category#2513,2513,BREMS+KUPPLUNGSTEILE,O#product_category#0
product_category#2514,2514,BREMS- KUPPLUNGSSEILE,O#product_category#0
product_category#2518,2518,BREMS+KUPPLUNGSTEILE,O#product_category#0
product_category#2522,2522,BREMS+KUPPLUNGSTEILE,O#product_category#0
product_category#2526,2526,BREMS+KUPPLUNGSTEILE,O#product_category#0
product_category#2527,2527,BREMS+KUPPLUNGSTEILE,O#product_category#0
product_category#2529,2529,BREMS+KUPPLUNGSTEILE,O#product_category#0
product_category#2530,2530,BREMS-KUPPLUNGS-GASSEILE,O#product_category#0
product_category#2533,2533,BREMS KUPPL. GASSEI,O#product_category#0
product_category#2555,2555,KOPIER FUER NK,O#product_category#0
product_category#2599,2599,BREMSSEILE SONSTIGE,O#product_category#0
product_category#2600,2600,BREMS+KUPPL.SCHLAEU.,O#product_category#0
product_category#2601,2601,BREMS+KUPPL.SCHLAEU.,O#product_category#0
product_category#2602,2602,BREMSSCHLAEUCHE,O#product_category#0
product_category#2603,2603,BREMS+KUPPL.SCHLAEU.,O#product_category#0
product_category#2604,2604,BREMS+KUPPL.SCHLAEU.,O#product_category#0
product_category#2605,2605,BREMS+KUPPL.SCHLAEU.,O#product_category#0
product_category#2606,2606,BREMS+KUPPL.SCHLAEU.,O#product_category#0
product_category#2608,2608,BREMS+KUPPL.SCHLAEU.,O#product_category#0
product_category#2609,2609,BREMS+KUPPL.SCHLAEU.,O#product_category#0
product_category#2610,2610,BREMS+KUPPL.SCHLAEU.,O#product_category#0
product_category#2611,2611,BREMS+KUPPL.SCHLAEU.,O#product_category#0
product_category#2612,2612,BREMS+KUPPL.SCHLAEU.,O#product_category#0
product_category#2613,2613,BREMS+KUPPL.SCHLAEU.,O#product_category#0
product_category#2614,2614,BREMSSCHLAEUCHE,O#product_category#0
product_category#2615,2615,BREMS+KUPPL.SCHLAEU.,O#product_category#0
product_category#2616,2616,BREMS+KUPPL.SCHLAEU.,O#product_category#0
product_category#2618,2618,BREMSSCHLAEUCHE,O#product_category#0
product_category#2621,2621,BREMS+KUPPL.SCHLAEU.,O#product_category#0
product_category#2622,2622,BREMS+KUPPL.SCHLAEU.,O#product_category#0
product_category#2626,2626,BREMS+KUPPL.SCHLAEU.,O#product_category#0
product_category#2627,2627,KUPPL. SCHLAEUCHE,O#product_category#0
product_category#2628,2628,BREMS+KUPPL.SCHLAEU.,O#product_category#0
product_category#2629,2629,BREMS+KUPPL.SCHLAEU.,O#product_category#0
product_category#2630,2630,BREMS+KUPPL.SCHLAEU.,O#product_category#0
product_category#2633,2633,SCHLAEUCHE,O#product_category#0
product_category#2699,2699,BREMS+KUPPL.SCHLAEU.,O#product_category#0
product_category#2700,2700,VERSCHLEISSANZEIGER,O#product_category#0
product_category#2701,2701,VERSCHLEISSANZEIGER,O#product_category#0
product_category#2702,2702,VERSCHLEISSANZEIGER,O#product_category#0
product_category#2703,2703,VERSCHLEISSANZEIGER,O#product_category#0
product_category#2704,2704,VERSCHLEISSANZEIGER,O#product_category#0
product_category#2705,2705,VERSCHLEISSANZEIGER,O#product_category#0
product_category#2706,2706,VERSCHLEISSANZEIGER,O#product_category#0
product_category#2707,2707,VERSCHLEISSANZEIGER,O#product_category#0
product_category#2708,2708,VERSCHLEISSANZEIGER,O#product_category#0
product_category#2709,2709,VERSCHLEISSANZEIGER,O#product_category#0
product_category#2710,2710,VERSCHLEISSANZEIGER,O#product_category#0
product_category#2711,2711,VERSCHLEISSANZEIGER,O#product_category#0
product_category#2712,2712,VERSCHLEISSANZEIGER,O#product_category#0
product_category#2713,2713,VERSCHLEISSANZEIGER,O#product_category#0
product_category#2714,2714,VERSCHLEISSANZEIGER,O#product_category#0
product_category#2715,2715,VERSCHLEISSANZEIGER,O#product_category#0
product_category#2716,2716,VERSCHLEISSANZEIGER,O#product_category#0
product_category#2717,2717,VERSCHLEISSANZEIGER,O#product_category#0
product_category#2719,2719,VERSCHLEISSANZEIGER,O#product_category#0
product_category#2720,2720,VERSCHLEISSANZEIGER,O#product_category#0
product_category#2721,2721,VERSCHLEISSANZEIGER,O#product_category#0
product_category#2722,2722,VERSCHLEISSANZEIGER,O#product_category#0
product_category#2723,2723,VERSCHLEISSANZEIGER,O#product_category#0
product_category#2724,2724,VERSCHLEISSANZEIGER,O#product_category#0
product_category#2725,2725,VERSCHLEISSANZEIGER,O#product_category#0
product_category#2726,2726,VERSCHLEISSANZEIGER,O#product_category#0
product_category#2728,2728,VERSCHLEISSANZEIGER,O#product_category#0
product_category#2729,2729,VERSCHLEISSANZEIGER,O#product_category#0
product_category#2730,2730,BREMSZUBEH.F.SBB+TBB,O#product_category#0
product_category#2731,2731,BREMSZUBEHOER,O#product_category#0
product_category#2732,2732,BREMSENZUBEHOER,O#product_category#0
product_category#2733,2733,BREMSZUBEHOER,O#product_category#0
product_category#2734,2734,BREMSEN-ZUBEH. JAKOP,O#product_category#0
product_category#2735,2735,BREMSZUBEHOER,O#product_category#0
product_category#2736,2736,BREMSZUBEHOER,O#product_category#0
product_category#2737,2737,BREMSZUBEHOER,O#product_category#0
product_category#2738,2738,BREMSZUBEHOER,O#product_category#0
product_category#2739,2739,BREMSZUBEHOER,O#product_category#0
product_category#2741,2741,BREMSZUBEHOER,O#product_category#0
product_category#2742,2742,BREMSENZUBEHOER,O#product_category#0
product_category#2743,2743,BREMSZUBEHOER,O#product_category#0
product_category#2744,2744,BREMSENZUBEHOER,O#product_category#0
product_category#2745,2745,BREMSZUBEHOER,O#product_category#0
product_category#2756,2756,BREMSZUBEHOER,O#product_category#0
product_category#2757,2757,BREMSENZUBEHOER,O#product_category#0
product_category#2758,2758,BREMSZUBEHOER,O#product_category#0
product_category#2759,2759,BREMSZUBEHOER,O#product_category#0
product_category#2760,2760,BREMSLEITUNGEN,O#product_category#0
product_category#2761,2761,BREMSLEITUNGEN,O#product_category#0
product_category#2762,2762,BREMSLEITUNGEN,O#product_category#0
product_category#2763,2763,MOTORRAD-STAHLFLEXL.,O#product_category#0
product_category#2765,2765,BREMSLEITUNGEN,O#product_category#0
product_category#2768,2768,BREMSLEITUNGEN,O#product_category#0
product_category#2771,2771,BREMSLEITUNGEN,O#product_category#0
product_category#2776,2776,BREMSLEITUNGEN,O#product_category#0
product_category#2777,2777,BREMSLEITUNGEN,O#product_category#0
product_category#2778,2778,BREMSLEITUNGEN,O#product_category#0
product_category#2779,2779,BREMSLEITUNGEN,O#product_category#0
product_category#2799,2799,BREMSLEITUNGEN,O#product_category#0
product_category#2800,2800,SENSOREN,O#product_category#0
product_category#2801,2801,ABS-SENSOREN,O#product_category#0
product_category#2804,2804,ABS-SENSOREN,O#product_category#0
product_category#2806,2806,ABS-SENSOREN,O#product_category#0
product_category#2811,2811,ABS-SENSOREN,O#product_category#0
product_category#2812,2812,ABS-SENSOREN,O#product_category#0
product_category#2813,2813,ABS-SENSOREN,O#product_category#0
product_category#2814,2814,ABS-SENSOREN,O#product_category#0
product_category#2815,2815,ABS-SENSOREN,O#product_category#0
product_category#2816,2816,ABS-SENSOREN,O#product_category#0
product_category#2817,2817,ABS-SENSOREN,O#product_category#0
product_category#2818,2818,RADDREHZAHLSENSOREN,O#product_category#0
product_category#2828,2828,SENSOREN,O#product_category#0
product_category#2829,2829,SENSOREN,O#product_category#0
product_category#2830,2830,ABS-SENSOREN,O#product_category#0
product_category#2833,2833,SENSOREN,O#product_category#0
product_category#2839,2839,ABS-SENSOREN,O#product_category#0
product_category#2840,2840,REPARATURSAETZE,O#product_category#0
product_category#2843,2843,REPARATURSAETZE F.HYDRAU.,O#product_category#0
product_category#2845,2845,REPARATURSAETZE,O#product_category#0
product_category#2847,2847,REPARATURSAETZE,O#product_category#0
product_category#2848,2848,REPARATURSAETZE,O#product_category#0
product_category#2849,2849,REPARATURSAETZE,O#product_category#0
product_category#2859,2859,REPARATURSAETZE,O#product_category#0
product_category#2860,2860,FREIE WARENGRUPPE,O#product_category#0
product_category#2880,2880,MOTORRAD DIV.BREMST.,O#product_category#0
product_category#2899,2899,MOTORRAD DIV.BREMST.,O#product_category#0
product_category#2900,2900,FREIE WARENGRUPPE,O#product_category#0
product_category#3000,3000,STOSSDAEMPFER,O#product_category#0
product_category#3001,3001,STOSSDAEMPFER,O#product_category#0
product_category#3002,3002,STOSSDAEMPFER,O#product_category#0
product_category#3003,3003,STOSSDAEMPFER,O#product_category#0
product_category#3004,3004,STOSSDAEMPFER,O#product_category#0
product_category#3005,3005,STOSSDAEMPFER,O#product_category#0
product_category#3006,3006,STOSSDAEMPFER,O#product_category#0
product_category#3007,3007,STOSSDAEMPFER,O#product_category#0
product_category#3008,3008,STOSSDAEMPFER,O#product_category#0
product_category#3009,3009,STOSSDAEMPFER,O#product_category#0
product_category#3010,3010,STOSSDAEMPFER,O#product_category#0
product_category#3011,3011,STOSSDAEMPFER,O#product_category#0
product_category#3012,3012,STOSSDAEMPFER,O#product_category#0
product_category#3013,3013,STOSSDAEMPFER,O#product_category#0
product_category#3014,3014,STOSSDAEMPFER,O#product_category#0
product_category#3015,3015,STOSSDAEMPFER,O#product_category#0
product_category#3016,3016,STOSSDAEMPFER,O#product_category#0
product_category#3018,3018,STOSSDAEMPFER,O#product_category#0
product_category#3019,3019,STOSSDAEMPFER,O#product_category#0
product_category#3020,3020,STOSSD/STAUBM/MONTAGE,O#product_category#0
product_category#3021,3021,STOSSD/STAUBM/MONTAGE,O#product_category#0
product_category#3022,3022,STOSSD/STAUBM/MONTAGE,O#product_category#0
product_category#3023,3023,STOSSD/STAUBM/MONTAGE,O#product_category#0
product_category#3024,3024,STOSSD/STAUBM/MONTAGE,O#product_category#0
product_category#3025,3025,STOSSD/STAUBM/MONTAGE,O#product_category#0
product_category#3026,3026,STOSSD/STAUBM/MONTAGE,O#product_category#0
product_category#3027,3027,STOSSD/STAUBM/MONTAGE,O#product_category#0
product_category#3028,3028,STOSSD/STAUBM/MONTAGE,O#product_category#0
product_category#3029,3029,STOSSD/STAUBM/MONTAGE,O#product_category#0
product_category#3030,3030,STOSSD/STAUBM/MONTAGE,O#product_category#0
product_category#3031,3031,STOSSD/STAUBM/MONTAGE,O#product_category#0
product_category#3032,3032,STOSSD/STAUBM/MONTAGE,O#product_category#0
product_category#3033,3033,STOSSDAEMPFER MONTAGE,O#product_category#0
product_category#3035,3035,STOSSD/STAUBM/MONTAGE,O#product_category#0
product_category#3036,3036,STOSSD/STAUBM/MONTAGE,O#product_category#0
product_category#3039,3039,STOSSD/STAUBM/MONTAGE,O#product_category#0
product_category#3040,3040,FEDERBEINLAGER,O#product_category#0
product_category#3041,3041,FEDERBEINLAGER,O#product_category#0
product_category#3042,3042,FEDERBEINLAGER,O#product_category#0
product_category#3043,3043,FEDERBEINLAGER,O#product_category#0
product_category#3044,3044,FEDERBEINLAGER,O#product_category#0
product_category#3045,3045,FEDERBEINLAGER,O#product_category#0
product_category#3046,3046,FEDERBEINLAGER,O#product_category#0
product_category#3047,3047,FEDERBEINLAGER,O#product_category#0
product_category#3048,3048,FEDERBEINLAGER,O#product_category#0
product_category#3049,3049,FEDERBEINLAGER,O#product_category#0
product_category#3050,3050,FEDERBEINLAGER,O#product_category#0
product_category#3051,3051,FEDERBEINLAGER,O#product_category#0
product_category#3052,3052,FEDERBEINLAGER,O#product_category#0
product_category#3053,3053,FEDERBEINLAGER,O#product_category#0
product_category#3054,3054,FEDERBEINLAGER,O#product_category#0
product_category#3055,3055,FEDERBEINLAGER,O#product_category#0
product_category#3056,3056,FEDERBEINLAGER,O#product_category#0
product_category#3057,3057,FEDERBEINLAGER,O#product_category#0
product_category#3058,3058,FEDERBEINLAGER,O#product_category#0
product_category#3059,3059,FEDERBEINLAGER,O#product_category#0
product_category#3061,3061,FEDERKUGELN,O#product_category#0
product_category#3062,3062,FEDERKUGELN,O#product_category#0
product_category#3063,3063,FEDERKUGELN,O#product_category#0
product_category#3064,3064,FEDERKUGELN,O#product_category#0
product_category#3065,3065,FEDERKUGELN,O#product_category#0
product_category#3066,3066,FEDERKUGELN,O#product_category#0
product_category#3067,3067,FEDERKUGELN,O#product_category#0
product_category#3068,3068,FEDERKUGELN,O#product_category#0
product_category#3070,3070,FEDERBEINLAGER,O#product_category#0
product_category#3079,3079,FEDERKUGELN,O#product_category#0
product_category#3080,3080,GASFEDERN,O#product_category#0
product_category#3081,3081,GASFEDERN,O#product_category#0
product_category#3082,3082,GASFEDERN,O#product_category#0
product_category#3083,3083,GASFEDERN,O#product_category#0
product_category#3084,3084,GASFEDERN,O#product_category#0
product_category#3085,3085,GASFEDERN,O#product_category#0
product_category#3086,3086,GASFEDERN,O#product_category#0
product_category#3087,3087,GASFEDERN,O#product_category#0
product_category#3088,3088,GASFEDERN,O#product_category#0
product_category#3089,3089,GASFEDERN,O#product_category#0
product_category#3090,3090,GASFEDERN,O#product_category#0
product_category#3091,3091,GASFEDERN,O#product_category#0
product_category#3092,3092,GASFEDERN,O#product_category#0
product_category#3094,3094,GASFEDERN,O#product_category#0
product_category#3095,3095,GASFEDERN,O#product_category#0
product_category#3099,3099,GASFEDERN,O#product_category#0
product_category#3100,3100,RADLAGER,O#product_category#0
product_category#3101,3101,RADLAGER,O#product_category#0
product_category#3102,3102,RADLAGER,O#product_category#0
product_category#3103,3103,RADLAGER,O#product_category#0
product_category#3104,3104,RADLAGER,O#product_category#0
product_category#3105,3105,RADLAGER,O#product_category#0
product_category#3106,3106,RADLAGER,O#product_category#0
product_category#3107,3107,RADLAGER,O#product_category#0
product_category#3108,3108,RADLAGER,O#product_category#0
product_category#3109,3109,RADLAGER,O#product_category#0
product_category#3110,3110,RADLAGER,O#product_category#0
product_category#3111,3111,RADLAGER,O#product_category#0
product_category#3112,3112,RADLAGER,O#product_category#0
product_category#3113,3113,RADLAGER,O#product_category#0
product_category#3115,3115,RADLAGER,O#product_category#0
product_category#3116,3116,RADLAGER,O#product_category#0
product_category#3117,3117,RADLAGER,O#product_category#0
product_category#3118,3118,RADLAGER,O#product_category#0
product_category#3122,3122,RADLAGER,O#product_category#0
product_category#3133,3133,RADLAGER,O#product_category#0
product_category#3139,3139,RADLAGER,O#product_category#0
product_category#3149,3149,RADLAGER,O#product_category#0
product_category#3150,3150,RADNABEN,O#product_category#0
product_category#3151,3151,RADNABEN,O#product_category#0
product_category#3152,3152,RADNABEN,O#product_category#0
product_category#3153,3153,RADNABEN,O#product_category#0
product_category#3154,3154,RADNABEN,O#product_category#0
product_category#3162,3162,RADNABEN,O#product_category#0
product_category#3189,3189,RADNABEN,O#product_category#0
product_category#3199,3199,RADNABEN,O#product_category#0
product_category#3200,3200,FEDERN (SER.),O#product_category#0
product_category#3201,3201,FEDERN (SER.),O#product_category#0
product_category#3202,3202,FEDERN (SER.),O#product_category#0
product_category#3203,3203,FEDERN (SER.),O#product_category#0
product_category#3204,3204,FEDERN (SER.),O#product_category#0
product_category#3205,3205,FEDERN (SER.),O#product_category#0
product_category#3207,3207,FEDERN,O#product_category#0
product_category#3208,3208,FEDERN (SER.),O#product_category#0
product_category#3209,3209,FEDERN (SER.),O#product_category#0
product_category#3210,3210,FEDERN,O#product_category#0
product_category#3211,3211,FAHRWERKSFEDER,O#product_category#0
product_category#3213,3213,FEDERN (SER.),O#product_category#0
product_category#3215,3215,FEDERN (SER.),O#product_category#0
product_category#3221,3221,FAHRWERKSFEDER,O#product_category#0
product_category#3222,3222,FEDERN (SER.),O#product_category#0
product_category#3223,3223,FEDERN,O#product_category#0
product_category#3224,3224,BLATTFEDERN,O#product_category#0
product_category#3225,3225,BLATTFEDERN,O#product_category#0
product_category#3226,3226,BLATTFEDERN,O#product_category#0
product_category#3227,3227,BLATTFEDERN,O#product_category#0
product_category#3228,3228,BLATTFEDERN,O#product_category#0
product_category#3249,3249,FEDERN (SER.),O#product_category#0
product_category#3250,3250,FEDERN SPORT,O#product_category#0
product_category#3251,3251,FEDERN SPORT,O#product_category#0
product_category#3252,3252,FEDERN SPORT,O#product_category#0
product_category#3253,3253,FEDERN SPORT,O#product_category#0
product_category#3254,3254,FEDERN SPORT,O#product_category#0
product_category#3255,3255,FEDERN SPORT,O#product_category#0
product_category#3256,3256,FEDERN SPORT,O#product_category#0
product_category#3257,3257,FEDERN SPORT,O#product_category#0
product_category#3258,3258,FEDERN SPORT,O#product_category#0
product_category#3259,3259,FEDERN SPORT,O#product_category#0
product_category#3260,3260,FEDERN SPORT,O#product_category#0
product_category#3261,3261,FEDERN SPORT,O#product_category#0
product_category#3263,3263,FEDERN SPORT,O#product_category#0
product_category#3264,3264,FEDERN SPORT,O#product_category#0
product_category#3265,3265,FEDERN SPORT,O#product_category#0
product_category#3299,3299,FEDERN SPORT,O#product_category#0
product_category#3300,3300,ANTRIEBSWELLEN,O#product_category#0
product_category#3301,3301,ANTRIEBSWELLEN,O#product_category#0
product_category#3302,3302,ANTRIEBSWELLEN,O#product_category#0
product_category#3303,3303,ANTRIEBSWELLEN,O#product_category#0
product_category#3304,3304,ANTRIEBSWELLEN,O#product_category#0
product_category#3305,3305,ANTRIEBSWELLEN,O#product_category#0
product_category#3306,3306,ANTRIEBSWELLEN,O#product_category#0
product_category#3307,3307,ANTRIEBSWELLEN,O#product_category#0
product_category#3308,3308,ANTRIEBSWELLEN,O#product_category#0
product_category#3309,3309,ANTRIEBSWELLEN,O#product_category#0
product_category#3310,3310,ANTRIEBSWELLEN,O#product_category#0
product_category#3311,3311,ANTRIEBSWELLEN,O#product_category#0
product_category#3312,3312,ANTRIEBSWELLEN,O#product_category#0
product_category#3313,3313,ANTRIEBSWELLEN,O#product_category#0
product_category#3314,3314,ANTRIEBSWELLEN,O#product_category#0
product_category#3315,3315,ANTRIEBSWELLEN,O#product_category#0
product_category#3316,3316,ANTRIEBSWELLEN,O#product_category#0
product_category#3322,3322,ANTRIEBSWELLEN,O#product_category#0
product_category#3329,3329,ANTRIEBSWELLEN,O#product_category#0
product_category#3330,3330,GELENKSAETZE,O#product_category#0
product_category#3331,3331,GELENKSAETZE,O#product_category#0
product_category#3332,3332,GELENKSAETZE,O#product_category#0
product_category#3333,3333,GELENKSAETZE,O#product_category#0
product_category#3334,3334,GELENKSAETZE,O#product_category#0
product_category#3335,3335,GELENKSAETZE,O#product_category#0
product_category#3336,3336,GELENKSAETZE,O#product_category#0
product_category#3337,3337,GELENKSAETZE,O#product_category#0
product_category#3338,3338,GELENKSAETZE,O#product_category#0
product_category#3339,3339,GELENKSAETZE,O#product_category#0
product_category#3340,3340,GELENKSAETZE,O#product_category#0
product_category#3341,3341,GELENKSAETZE,O#product_category#0
product_category#3342,3342,GELENKSAETZE,O#product_category#0
product_category#3343,3343,GELENKSAETZE,O#product_category#0
product_category#3344,3344,GELENKSAETZE,O#product_category#0
product_category#3346,3346,GELENKSAETZE,O#product_category#0
product_category#3352,3352,GELENKSAETZE,O#product_category#0
product_category#3359,3359,GELENKSAETZE,O#product_category#0
product_category#3360,3360,ACHS-LENKMANSCHETTEN,O#product_category#0
product_category#3362,3362,ACHS-LENKMANSCHETTEN,O#product_category#0
product_category#3363,3363,ACHS-LENKMANSCHETTEN,O#product_category#0
product_category#3364,3364,ACHS-LENKMANSCHETTEN,O#product_category#0
product_category#3365,3365,ACHS-LENKMANSCHETTEN,O#product_category#0
product_category#3366,3366,ACHS-LENKMANSCHETTEN,O#product_category#0
product_category#3367,3367,ACHS-LENKMANSCHETTEN,O#product_category#0
product_category#3368,3368,ACHS-LENKMANSCHETTEN,O#product_category#0
product_category#3369,3369,ACHS-LENKMANSCHETTEN,O#product_category#0
product_category#3370,3370,ACHS-LENKMANSCHETTEN,O#product_category#0
product_category#3371,3371,ACHS-LENKMANSCHETTEN,O#product_category#0
product_category#3372,3372,ACHS-LENKMANSCHETTEN,O#product_category#0
product_category#3373,3373,ACHS-LENKMANSCHETTEN,O#product_category#0
product_category#3374,3374,ACHS-LENKMANSCHETTEN,O#product_category#0
product_category#3375,3375,ACHS-LENKMANSCHETTEN,O#product_category#0
product_category#3376,3376,ACHS-LENKMANSCHETTEN,O#product_category#0
product_category#3377,3377,ACHS-LENKMANSCHETTEN,O#product_category#0
product_category#3378,3378,ACHS-LENKMANSCHETTEN,O#product_category#0
product_category#3379,3379,ACHS-LENKMANSCHETTEN,O#product_category#0
product_category#3380,3380,ACHS-LENKMANSCHETTEN,O#product_category#0
product_category#3381,3381,ACHS-LENKMANSCHETTEN,O#product_category#0
product_category#3382,3382,ACHS-LENKMANSCHETTEN,O#product_category#0
product_category#3383,3383,ACHS-LENKMANSCHETTEN,O#product_category#0
product_category#3385,3385,ACHS-LENKMANSCHETTEN,O#product_category#0
product_category#3386,3386,ACHS-LENKMANSCHETTEN,O#product_category#0
product_category#3387,3387,ACHS-LENKMANSCHETTEN,O#product_category#0
product_category#3399,3399,ACHS-LENKMANSCHETTEN,O#product_category#0
product_category#3400,3400,LENKUNGSTEILE,O#product_category#0
product_category#3401,3401,LENKUNGSTEILE,O#product_category#0
product_category#3402,3402,LENKUNGSTEILE,O#product_category#0
product_category#3403,3403,LENKUNGSTEILE,O#product_category#0
product_category#3404,3404,LENKUNGSTEILE,O#product_category#0
product_category#3405,3405,LENKUNGSTEILE,O#product_category#0
product_category#3406,3406,LENKUNGSTEILE,O#product_category#0
product_category#3408,3408,LENKUNGSTEILE,O#product_category#0
product_category#3409,3409,LENKUNGSTEILE,O#product_category#0
product_category#3410,3410,LENKUNGSTEILE,O#product_category#0
product_category#3411,3411,LENKUNGSTEILE,O#product_category#0
product_category#3412,3412,LENKUNGSTEILE,O#product_category#0
product_category#3413,3413,LENKUNGSTEILE,O#product_category#0
product_category#3414,3414,LENKUNGSTEILE,O#product_category#0
product_category#3415,3415,LENKUNGSTEILE,O#product_category#0
product_category#3416,3416,LENKUNGSTEILE,O#product_category#0
product_category#3417,3417,LENKUNGSTEILE,O#product_category#0
product_category#3418,3418,LENKUNGSTEILE,O#product_category#0
product_category#3421,3421,LENKUNGSTEILE,O#product_category#0
product_category#3422,3422,LENKUNGSTEILE,O#product_category#0
product_category#3424,3424,LENKUNGSTEILE,O#product_category#0
product_category#3425,3425,LENKUNGSTEILE,O#product_category#0
product_category#3426,3426,LENKUNGSTEILE,O#product_category#0
product_category#3427,3427,LENKUNGSTEILE,O#product_category#0
product_category#3428,3428,LENKUNGSTEILE,O#product_category#0
product_category#3429,3429,LENKUNGSTEILE,O#product_category#0
product_category#3431,3431,LENKUNGSTEILE,O#product_category#0
product_category#3433,3433,LENKUNGSTEILE,O#product_category#0
product_category#3439,3439,LENKUNGSTEILE,O#product_category#0
product_category#3499,3499,LENKUNGSTEILE,O#product_category#0
product_category#3501,3501,LENKGETRIEBE I. A.,O#product_category#0
product_category#3502,3502,LENKGETRIEBE I. A.,O#product_category#0
product_category#3503,3503,LENKGETRIEBE I. A.,O#product_category#0
product_category#3504,3504,LENKGETRIEBE I. A.,O#product_category#0
product_category#3505,3505,LENKGETRIEBE I. A.,O#product_category#0
product_category#3506,3506,LENKGETRIEBE I. A.,O#product_category#0
product_category#3507,3507,LENKGETRIEBE I. A.,O#product_category#0
product_category#3508,3508,LENKGETRIEBE I. A.,O#product_category#0
product_category#3509,3509,LENKGETRIEBE I. A.,O#product_category#0
product_category#3510,3510,LENKGETRIEBE I. A.,O#product_category#0
product_category#3511,3511,LENKGETRIEBE I. A.,O#product_category#0
product_category#3512,3512,LENKGETRIEBE I. A.,O#product_category#0
product_category#3513,3513,LENKGETRIEBE I. A.,O#product_category#0
product_category#3514,3514,LENKGETRIEBE I. A.,O#product_category#0
product_category#3515,3515,LENKGETRIEBE,O#product_category#0
product_category#3516,3516,LENKGETRIEBE I. A.,O#product_category#0
product_category#3522,3522,LENKGETRIEBE I. A.,O#product_category#0
product_category#3529,3529,LENKGETRIEBE I. A.,O#product_category#0
product_category#3530,3530,LENKH.SERVOP. AUST.,O#product_category#0
product_category#3531,3531,LENKHILFE SERVOPUMPEN,O#product_category#0
product_category#3532,3532,LENKHILFE SERVOPUMPEN,O#product_category#0
product_category#3533,3533,LENKHILFE SERVOPUMPEN,O#product_category#0
product_category#3534,3534,LENKHILFE SERVOPUMPEN,O#product_category#0
product_category#3535,3535,LENKHILFE SERVOPUMPEN,O#product_category#0
product_category#3536,3536,LENKHILFE SERVOPUMPEN,O#product_category#0
product_category#3537,3537,LENKHILFE SERVOPUMPEN,O#product_category#0
product_category#3538,3538,LENKHILFE SERVOPUMPEN,O#product_category#0
product_category#3539,3539,LENKHILFE SERVOPUMPEN,O#product_category#0
product_category#3540,3540,LENKHILFE SERVOPUMPEN,O#product_category#0
product_category#3542,3542,LENKHILFE SERVOPUMPEN,O#product_category#0
product_category#3544,3544,SERVOPUMPEN,O#product_category#0
product_category#3545,3545,LENKHILFE SERVOPUMPEN,O#product_category#0
product_category#3546,3546,LENKHILFE SERVOPUMPEN,O#product_category#0
product_category#3549,3549,LENKHILFE SERVOPUMPEN,O#product_category#0
product_category#3550,3550,LENKGETRIEBE N.O.AUSTAU.,O#product_category#0
product_category#3580,3580,LENKH.SERVOP.N.O.AU.,O#product_category#0
product_category#3600,3600,SPORTFAHRWERK,O#product_category#0
product_category#3601,3601,SPORTFAHRWERK,O#product_category#0
product_category#3602,3602,SPORTFAHRWERK,O#product_category#0
product_category#3603,3603,SPORTFAHRWERK,O#product_category#0
product_category#3604,3604,SPORTFAHRWERK,O#product_category#0
product_category#3605,3605,SPORTFAHRWERK,O#product_category#0
product_category#3606,3606,SPORTFAHRWERK,O#product_category#0
product_category#3607,3607,SPORTFAHRWERK,O#product_category#0
product_category#3608,3608,SPORTFAHRWERK,O#product_category#0
product_category#3609,3609,SPORTFAHRWERK,O#product_category#0
product_category#3610,3610,SPORTFAHRWERK,O#product_category#0
product_category#3611,3611,SPORTFAHRWERK,O#product_category#0
product_category#3612,3612,SPORTFAHRWERK,O#product_category#0
product_category#3613,3613,SPORTFAHRWERK,O#product_category#0
product_category#3615,3615,SPORTFAHRWERK LSD,O#product_category#0
product_category#3616,3616,FAHRWERK-DAEMPFER,O#product_category#0
product_category#3699,3699,SPORTFAHRWERK,O#product_category#0
product_category#3700,3700,GELENKSCHEIBEN,O#product_category#0
product_category#3701,3701,GELENKSCHEIBEN,O#product_category#0
product_category#3702,3702,GELENKSCHEIBEN,O#product_category#0
product_category#3703,3703,GELENKSCHEIBEN,O#product_category#0
product_category#3704,3704,GELENKSCHEIBEN,O#product_category#0
product_category#3712,3712,GELENKSCHEIBEN,O#product_category#0
product_category#3715,3715,GELENKSCHEIBEN,O#product_category#0
product_category#3716,3716,GELENKSCHEIBEN,O#product_category#0
product_category#3799,3799,GELENKSCHEIBEN,O#product_category#0
product_category#3800,3800,REIFEN SOMMER/GANZJ.,O#product_category#0
product_category#3801,3801,WINTERREIFEN,O#product_category#0
product_category#3802,3802,OFFROAD,O#product_category#0
product_category#3803,3803,LKW REIFEN,O#product_category#0
product_category#3804,3804,LKW REIFEN,O#product_category#0
product_category#3805,3805,REIFEN SOMMER/GANZJ.,O#product_category#0
product_category#3806,3806,WINTERREIFEN,O#product_category#0
product_category#3807,3807,OFFROAD,O#product_category#0
product_category#3808,3808,LKW REIFEN,O#product_category#0
product_category#3809,3809,LKW REIFEN,O#product_category#0
product_category#3810,3810,REIFEN SOMMER/GANZJ.,O#product_category#0
product_category#3811,3811,WINTERREIFEN,O#product_category#0
product_category#3812,3812,OFFROAD,O#product_category#0
product_category#3813,3813,LKW REIFEN,O#product_category#0
product_category#3814,3814,LKW REIFEN,O#product_category#0
product_category#3816,3816,WINTERREIFEN,O#product_category#0
product_category#3817,3817,OFFROAD,O#product_category#0
product_category#3818,3818,LKW REIFEN,O#product_category#0
product_category#3819,3819,LKW REIFEN,O#product_category#0
product_category#3820,3820,REIFEN SOMMER/GANZJ.,O#product_category#0
product_category#3821,3821,WINTERREIFEN,O#product_category#0
product_category#3822,3822,OFFROAD,O#product_category#0
product_category#3823,3823,LKW REIFEN,O#product_category#0
product_category#3824,3824,LKW REIFEN,O#product_category#0
product_category#3825,3825,REIFEN SOMMER/GANZJ.,O#product_category#0
product_category#3826,3826,WINTERREIFEN,O#product_category#0
product_category#3827,3827,OFFROAD,O#product_category#0
product_category#3828,3828,LKW REIFEN,O#product_category#0
product_category#3829,3829,LKW REIFEN,O#product_category#0
product_category#3830,3830,REIFEN SOMMER/GANZJ.,O#product_category#0
product_category#3831,3831,WINTERREIFEN,O#product_category#0
product_category#3832,3832,OFFROAD,O#product_category#0
product_category#3833,3833,LKW REIFEN,O#product_category#0
product_category#3834,3834,LKW REIFEN,O#product_category#0
product_category#3835,3835,REIFEN SOMMER/GANZJ.,O#product_category#0
product_category#3836,3836,WINTERREIFEN,O#product_category#0
product_category#3837,3837,OFFROAD,O#product_category#0
product_category#3838,3838,LKW REIFEN,O#product_category#0
product_category#3839,3839,LKW REIFEN,O#product_category#0
product_category#3840,3840,REIFEN SOMMER/GANZJ.,O#product_category#0
product_category#3841,3841,WINTERREIFEN,O#product_category#0
product_category#3842,3842,OFFROAD,O#product_category#0
product_category#3843,3843,LKW REIFEN,O#product_category#0
product_category#3844,3844,LKW REIFEN,O#product_category#0
product_category#3845,3845,REIFEN SOMMER/GANZJ.,O#product_category#0
product_category#3846,3846,WINTERREIFEN,O#product_category#0
product_category#3847,3847,OFFROAD,O#product_category#0
product_category#3848,3848,LKW REIFEN,O#product_category#0
product_category#3849,3849,LKW REIFEN,O#product_category#0
product_category#3850,3850,REIFEN SOMMER/GANZJ.,O#product_category#0
product_category#3851,3851,WINTERREIFEN,O#product_category#0
product_category#3852,3852,OFFROAD,O#product_category#0
product_category#3853,3853,LKW REIFEN,O#product_category#0
product_category#3854,3854,LKW REIFEN,O#product_category#0
product_category#3855,3855,REIFEN SOMMER/GANZJ.,O#product_category#0
product_category#3856,3856,WINTERREIFEN,O#product_category#0
product_category#3857,3857,OFFROAD,O#product_category#0
product_category#3858,3858,LKW REIFEN,O#product_category#0
product_category#3859,3859,LKW REIFEN,O#product_category#0
product_category#3860,3860,REIFEN SOMMER/GANZJ.,O#product_category#0
product_category#3861,3861,WINTERREIFEN,O#product_category#0
product_category#3862,3862,OFFROAD,O#product_category#0
product_category#3863,3863,LKW REIFEN,O#product_category#0
product_category#3864,3864,LKW REIFEN,O#product_category#0
product_category#3865,3865,REIFEN SOMMER/GANZJ.,O#product_category#0
product_category#3866,3866,WINTERREIFEN,O#product_category#0
product_category#3867,3867,OFFROAD,O#product_category#0
product_category#3868,3868,LKW REIFEN,O#product_category#0
product_category#3869,3869,LKW REIFEN,O#product_category#0
product_category#3870,3870,REIFEN SOMMER/GANZJ.,O#product_category#0
product_category#3871,3871,WINTERREIFEN,O#product_category#0
product_category#3872,3872,OFFROAD,O#product_category#0
product_category#3873,3873,LKW REIFEN,O#product_category#0
product_category#3874,3874,LKW REIFEN,O#product_category#0
product_category#3875,3875,REIFEN SOMMER/GANZJ.,O#product_category#0
product_category#3876,3876,WINTERREIFEN,O#product_category#0
product_category#3877,3877,OFFROAD,O#product_category#0
product_category#3878,3878,LKW REIFEN,O#product_category#0
product_category#3879,3879,LKW REIFEN,O#product_category#0
product_category#3880,3880,REIFEN SOMMER/GANZJ.,O#product_category#0
product_category#3881,3881,WINTERREIFEN,O#product_category#0
product_category#3882,3882,OFFROAD,O#product_category#0
product_category#3883,3883,LKW REIFEN,O#product_category#0
product_category#3884,3884,LKW REIFEN,O#product_category#0
product_category#3885,3885,REIFEN SOMMER/GANZJ.,O#product_category#0
product_category#3886,3886,WINTERREIFEN,O#product_category#0
product_category#3887,3887,OFFROAD,O#product_category#0
product_category#3888,3888,LKW REIFEN,O#product_category#0
product_category#3889,3889,LKW REIFEN,O#product_category#0
product_category#3890,3890,REIFEN SOMMER/GANZJ.,O#product_category#0
product_category#3891,3891,WINTERREIFEN,O#product_category#0
product_category#3892,3892,OFFROAD,O#product_category#0
product_category#3893,3893,LKW REIFEN,O#product_category#0
product_category#3895,3895,REIFEN SOMMER/GANZJ.,O#product_category#0
product_category#3896,3896,WINTERREIFEN,O#product_category#0
product_category#3897,3897,OFFROAD,O#product_category#0
product_category#3898,3898,LKW REIFEN,O#product_category#0
product_category#3899,3899,LKW REIFEN,O#product_category#0
product_category#3900,3900,FELGEN,O#product_category#0
product_category#3901,3901,FELGEN,O#product_category#0
product_category#3902,3902,FELGEN,O#product_category#0
product_category#3903,3903,FELGEN,O#product_category#0
product_category#3904,3904,FELGEN,O#product_category#0
product_category#3920,3920,KOMPLETTRAEDER,O#product_category#0
product_category#3930,3930,OFFROAD,O#product_category#0
product_category#3940,3940,RADSCHRAUBEN RDKS,O#product_category#0
product_category#3950,3950,RADBLENDEN,O#product_category#0
product_category#3951,3951,RADBLENDEN EVB,O#product_category#0
product_category#3952,3952,RADBLENDEN,O#product_category#0
product_category#3953,3953,RADBLENDEN,O#product_category#0
product_category#3954,3954,RADBLENDEN,O#product_category#0
product_category#3955,3955,RADBLENDEN,O#product_category#0
product_category#3957,3957,RADBLENDEN,O#product_category#0
product_category#3958,3958,RADBLENDEN,O#product_category#0
product_category#3969,3969,RADBLENDEN SONST.,O#product_category#0
product_category#3970,3970,REIFENREP.+ZUBEHOER,O#product_category#0
product_category#3971,3971,REIFENREP.+ZUBEHOER,O#product_category#0
product_category#3972,3972,REIFENREP.+ZUBEHOER,O#product_category#0
product_category#3973,3973,REIFENREP.+ZUBEHOER,O#product_category#0
product_category#3974,3974,REIFENREP.+ZUBEHOER,O#product_category#0
product_category#3975,3975,REIFENREP.+ZUBEHOER,O#product_category#0
product_category#3977,3977,REIFENREP.+ZUBEHOER,O#product_category#0
product_category#3979,3979,REIFENREP.+ZUBEHOER,O#product_category#0
product_category#3980,3980,GEWICHTE,O#product_category#0
product_category#3981,3981,GEWICHTE,O#product_category#0
product_category#3982,3982,GEWICHTE,O#product_category#0
product_category#3983,3983,GEWICHTE,O#product_category#0
product_category#3984,3984,GEWICHTE,O#product_category#0
product_category#3985,3985,GEWICHTE,O#product_category#0
product_category#3986,3986,GEWICHTE,O#product_category#0
product_category#3989,3989,GEWICHTE,O#product_category#0
product_category#3990,3990,SCHNEEKETTEN,O#product_category#0
product_category#3991,3991,SCHNEEKETTEN,O#product_category#0
product_category#3992,3992,SCHNEEKETTEN,O#product_category#0
product_category#3993,3993,SCHNEEKETTEN,O#product_category#0
product_category#3994,3994,SCHNEEKETTEN,O#product_category#0
product_category#3995,3995,SCHNEEKETTEN,O#product_category#0
product_category#3996,3996,SCHNEEKETTEN THULE,O#product_category#0
product_category#3999,3999,SCHNEEKETTEN,O#product_category#0
product_category#4000,4000,ZUBEHOER,O#product_category#0
product_category#4001,4001,ZUBEHOER,O#product_category#0
product_category#4002,4002,ZUBEHOER,O#product_category#0
product_category#4003,4003,ZUBEHOER,O#product_category#0
product_category#4004,4004,ZUBEHOER,O#product_category#0
product_category#4005,4005,ZUBEHOER,O#product_category#0
product_category#4006,4006,ZUBEHOER,O#product_category#0
product_category#4007,4007,ZUBEHOER,O#product_category#0
product_category#4008,4008,ZUBEHOER,O#product_category#0
product_category#4009,4009,ZUBEHOER,O#product_category#0
product_category#4010,4010,ZUBEHOER,O#product_category#0
product_category#4011,4011,ZUBEHOER,O#product_category#0
product_category#4013,4013,ZUBEHOER KLIMA,O#product_category#0
product_category#4014,4014,ZUBEHOER,O#product_category#0
product_category#4015,4015,ZUBEHOER,O#product_category#0
product_category#4017,4017,ZUBEHOER,O#product_category#0
product_category#4018,4018,ZUBEHOER VDO,O#product_category#0
product_category#4019,4019,ZUBEHOER,O#product_category#0
product_category#4020,4020,ZUBEHOER,O#product_category#0
product_category#4021,4021,ZUBEHOER,O#product_category#0
product_category#4022,4022,ZUBEHOER,O#product_category#0
product_category#4023,4023,ZUBEHOER,O#product_category#0
product_category#4024,4024,ZUBEHOER,O#product_category#0
product_category#4025,4025,ZUBEHOER,O#product_category#0
product_category#4026,4026,ZUBEHOER,O#product_category#0
product_category#4027,4027,ZUBEHOER,O#product_category#0
product_category#4028,4028,ZUBEHOER,O#product_category#0
product_category#4029,4029,ZUBEHOER,O#product_category#0
product_category#4030,4030,ZUBEHOER,O#product_category#0
product_category#4031,4031,ZUBEHOER,O#product_category#0
product_category#4032,4032,ZUBEHOER,O#product_category#0
product_category#4033,4033,ZUBEHOER,O#product_category#0
product_category#4034,4034,ZUBEHOER,O#product_category#0
product_category#4035,4035,ZUBEHOER,O#product_category#0
product_category#4036,4036,ZUBEHOER ERSATZTEILE,O#product_category#0
product_category#4038,4038,ZUBEHOER,O#product_category#0
product_category#4040,4040,ZUBEHOER,O#product_category#0
product_category#4041,4041,ZUBEHOER,O#product_category#0
product_category#4042,4042,ZUBEHOER,O#product_category#0
product_category#4043,4043,ZUBEHOER,O#product_category#0
product_category#4044,4044,AUTOLAMPEN,O#product_category#0
product_category#4045,4045,HAUSPREISLISTE,O#product_category#0
product_category#4046,4046,ZUBEHOER,O#product_category#0
product_category#4047,4047,ZUBEHOER,O#product_category#0
product_category#4048,4048,ZUBEHOER,O#product_category#0
product_category#4049,4049,ZUBEHOER,O#product_category#0
product_category#4050,4050,BENZINKANISTER,O#product_category#0
product_category#4051,4051,ZUBEHOER,O#product_category#0
product_category#4052,4052,ZUBEHOER,O#product_category#0
product_category#4053,4053,ZUBEHOER,O#product_category#0
product_category#4054,4054,ZUBEHOER,O#product_category#0
product_category#4055,4055,ZUBEHOER,O#product_category#0
product_category#4056,4056,ZUBEHOER,O#product_category#0
product_category#4057,4057,ZUBEHOER,O#product_category#0
product_category#4059,4059,BENZINKANISTER,O#product_category#0
product_category#4060,4060,VERBANDSK.+DREIECK,O#product_category#0
product_category#4061,4061,VERBANDSK.+DREIECK,O#product_category#0
product_category#4062,4062,VERBANDSK.+DREIECK,O#product_category#0
product_category#4063,4063,ZUBEHOER,O#product_category#0
product_category#4064,4064,VERBANDSK.+DREIECK,O#product_category#0
product_category#4065,4065,VERBANDSK.+DREIECK,O#product_category#0
product_category#4079,4079,VERBANDSK.+DREIECK,O#product_category#0
product_category#4080,4080,AUFKLEBER,O#product_category#0
product_category#4081,4081,AUFKLEBER,O#product_category#0
product_category#4090,4090,GLASDAECHER,O#product_category#0
product_category#4091,4091,GLASDAECHER,O#product_category#0
product_category#4100,4100,SPORTZUBEHOER,O#product_category#0
product_category#4101,4101,SPORTZUBEHOER,O#product_category#0
product_category#4102,4102,SPORTZUBEHOER,O#product_category#0
product_category#4103,4103,SPORTZUBEHOER,O#product_category#0
product_category#4104,4104,SPORTZUBEHOER,O#product_category#0
product_category#4106,4106,SPORTZUBEHOER,O#product_category#0
product_category#4107,4107,SPORTZUBEHOER,O#product_category#0
product_category#4108,4108,SPORTZUBEHOER,O#product_category#0
product_category#4109,4109,SPORTZUBEHOER,O#product_category#0
product_category#4110,4110,SPORTZUBEHOER,O#product_category#0
product_category#4111,4111,SPORTZUBEHOER,O#product_category#0
product_category#4112,4112,SPORTZUBEHOER,O#product_category#0
product_category#4113,4113,SPORTZUBEHOER,O#product_category#0
product_category#4114,4114,SPORTZUBEHOER,O#product_category#0
product_category#4115,4115,SPORTZUBEHOER,O#product_category#0
product_category#4116,4116,SPORTZUBEHOER,O#product_category#0
product_category#4117,4117,SPORTZUBEHOER,O#product_category#0
product_category#4118,4118,SPORTZUBEHOER,O#product_category#0
product_category#4119,4119,SPORTZUBEHOER,O#product_category#0
product_category#4120,4120,SPORTZUBEHOER,O#product_category#0
product_category#4121,4121,SPORTZUBEHOER,O#product_category#0
product_category#4122,4122,SPORTZUBEHOER,O#product_category#0
product_category#4124,4124,SPORTZUBEHOER,O#product_category#0
product_category#4125,4125,SPORTZUBEHOER,O#product_category#0
product_category#4126,4126,SPORTZUBEHOER,O#product_category#0
product_category#4127,4127,SPORTZUBEHOER,O#product_category#0
product_category#4128,4128,SPORTZUBEHOER,O#product_category#0
product_category#4129,4129,SPORTZUBEHOER,O#product_category#0
product_category#4130,4130,SPORTZUBEHOER,O#product_category#0
product_category#4131,4131,SPORTZUBEHOER,O#product_category#0
product_category#4132,4132,SPORTZUBEHOER,O#product_category#0
product_category#4159,4159,SPORTZUBEHOER,O#product_category#0
product_category#4160,4160,SPORTAUSPUFF,O#product_category#0
product_category#4161,4161,SPORTAUSPUFF,O#product_category#0
product_category#4162,4162,SPORTAUSPUFF,O#product_category#0
product_category#4163,4163,SPORTAUSPUFF,O#product_category#0
product_category#4164,4164,SPORTAUSPUFF,O#product_category#0
product_category#4165,4165,SPORTAUSPUFF,O#product_category#0
product_category#4166,4166,SPORTAUSPUFF,O#product_category#0
product_category#4167,4167,SPORTAUSPUFF,O#product_category#0
product_category#4168,4168,SPORTAUSPUFF,O#product_category#0
product_category#4169,4169,SPORTAUSPUFF,O#product_category#0
product_category#4170,4170,SPORTAUSPUFF,O#product_category#0
product_category#4171,4171,SPORTAUSPUFF,O#product_category#0
product_category#4172,4172,SPORTAUSPUFF,O#product_category#0
product_category#4173,4173,SPORTAUSPUFF,O#product_category#0
product_category#4174,4174,SPORTAUSPUFF,O#product_category#0
product_category#4179,4179,SPORTAUSPUFF,O#product_category#0
product_category#4180,4180,AUSPUFFBLENDEN,O#product_category#0
product_category#4181,4181,AUSPUFFBLENDEN,O#product_category#0
product_category#4182,4182,AUSPUFFBLENDEN,O#product_category#0
product_category#4183,4183,AUSPUFFBLENDEN,O#product_category#0
product_category#4184,4184,AUSPUFFBLENDEN,O#product_category#0
product_category#4185,4185,AUSPUFFBLENDEN,O#product_category#0
product_category#4186,4186,AUSPUFFBLENDEN,O#product_category#0
product_category#4187,4187,AUSPUFFBLENDEN,O#product_category#0
product_category#4188,4188,AUSPUFFBLENDEN,O#product_category#0
product_category#4189,4189,AUSPUFFBLENDEN,O#product_category#0
product_category#4200,4200,SITZE,O#product_category#0
product_category#4201,4201,SITZE+ZUBEH.,O#product_category#0
product_category#4202,4202,SITZE,O#product_category#0
product_category#4203,4203,SITZE,O#product_category#0
product_category#4220,4220,KINDERSITZE,O#product_category#0
product_category#4221,4221,KINDERSITZE,O#product_category#0
product_category#4222,4222,KINDERSITZE,O#product_category#0
product_category#4299,4299,SITZE,O#product_category#0
product_category#4300,4300,DACH-TRAEGERSYSTEME,O#product_category#0
product_category#4301,4301,DACH-TRAEGERSYSTEME,O#product_category#0
product_category#4302,4302,DACH-TRAEGERSYSTEME,O#product_category#0
product_category#4303,4303,DACH-TRAEGERSYSTEME,O#product_category#0
product_category#4304,4304,DACH-TRAEGERSYSTEME,O#product_category#0
product_category#4305,4305,DACH-TRAEGERSYSTEME,O#product_category#0
product_category#4306,4306,DACH-TRAEGERSYSTEME,O#product_category#0
product_category#4307,4307,DACH-TRAEGERSYSTEME,O#product_category#0
product_category#4308,4308,DACH-TRAEGERSYSTEME,O#product_category#0
product_category#4311,4311,DACH-TRAEGERSYSTEME,O#product_category#0
product_category#4312,4312,DACH-TRAEGERSYSTEME,O#product_category#0
product_category#4314,4314,DACH-TRAEGERSYSTEME,O#product_category#0
product_category#4315,4315,DACH-TRAEGERSYSTEME,O#product_category#0
product_category#4316,4316,DACH-TRAEGERSYSTEME,O#product_category#0
product_category#4329,4329,DACH-TRAEGERSYSTEME,O#product_category#0
product_category#4330,4330,HECK-TRAEGERSYSTEME,O#product_category#0
product_category#4331,4331,HECK-TRAEGERSYSTEME,O#product_category#0
product_category#4334,4334,HECK-TRAEGERSYSTEME,O#product_category#0
product_category#4335,4335,HECK-TRAEGERSYSTEME,O#product_category#0
product_category#4336,4336,HECK-TRAEGERSYSTEME,O#product_category#0
product_category#4337,4337,HECK-TRAEGERSYSTEME,O#product_category#0
product_category#4338,4338,HECK-TRAEGERSYSTEME,O#product_category#0
product_category#4339,4339,HECK-TRAEGERSYSTEME,O#product_category#0
product_category#4341,4341,HECK-TRAEGERSYSTEME,O#product_category#0
product_category#4342,4342,HECK-TRAEGERSYSTEME,O#product_category#0
product_category#4343,4343,DACH-HECKTRAEGER,O#product_category#0
product_category#4344,4344,HECK-TRAEGERSYSTEME,O#product_category#0
product_category#4345,4345,HECK-TRAEGERSYSTEME,O#product_category#0
product_category#4346,4346,HECK-TRAEGERSYSTEME,O#product_category#0
product_category#4349,4349,HECK-TRAEGERSYSTEME,O#product_category#0
product_category#4350,4350,GEPAECKBOXEN,O#product_category#0
product_category#4351,4351,GEPAECKBOXEN,O#product_category#0
product_category#4352,4352,GEPAECKBOXEN,O#product_category#0
product_category#4353,4353,GEPAECKBOXEN,O#product_category#0
product_category#4354,4354,GEPAECKBOXEN,O#product_category#0
product_category#4355,4355,GEPAECKBOXEN,O#product_category#0
product_category#4356,4356,GEPAECKBOXEN,O#product_category#0
product_category#4359,4359,GEPAECKBOXEN,O#product_category#0
product_category#4370,4370,ELEKTRO. AUSSTATTUNG,O#product_category#0
product_category#4371,4371,ELEKTRO. AUSSTATTUNG,O#product_category#0
product_category#4372,4372,ELEKTRO. AUSSTATTUNG,O#product_category#0
product_category#4373,4373,ELEKTRO. AUSSTATTUNG,O#product_category#0
product_category#4399,4399,ELEKTRO. AUSSTATTUNG,O#product_category#0
product_category#4400,4400,RADIO,O#product_category#0
product_category#4401,4401,RADIO,O#product_category#0
product_category#4402,4402,RADIO,O#product_category#0
product_category#4403,4403,RADIO,O#product_category#0
product_category#4404,4404,RADIO,O#product_category#0
product_category#4405,4405,RADIO,O#product_category#0
product_category#4406,4406,RADIO,O#product_category#0
product_category#4407,4407,RADIO,O#product_category#0
product_category#4419,4419,RADIO,O#product_category#0
product_category#4420,4420,TELEFON,O#product_category#0
product_category#4421,4421,TELEFON,O#product_category#0
product_category#4422,4422,TELEFON,O#product_category#0
product_category#4440,4440,TELEFONZUBEHOER,O#product_category#0
product_category#4441,4441,ZUBEHOER HAMA,O#product_category#0
product_category#4442,4442,TELEFONZUBEHOER,O#product_category#0
product_category#4459,4459,TELEFONZUBEHOER,O#product_category#0
product_category#4460,4460,NAVIGATION,O#product_category#0
product_category#4461,4461,NAVIGATION,O#product_category#0
product_category#4462,4462,NAVIGATION,O#product_category#0
product_category#4469,4469,NAVIGATION,O#product_category#0
product_category#4470,4470,C-BOXEN,O#product_category#0
product_category#4480,4480,ANTE./LAUTS./KLEINT.,O#product_category#0
product_category#4481,4481,ANTE./LAUTS./KLEINT.,O#product_category#0
product_category#4482,4482,ANTE./LAUTS./KLEINT.,O#product_category#0
product_category#4484,4484,ANTE./LAUTS./KLEINT.,O#product_category#0
product_category#4485,4485,ANTE./LAUTS./KLEINT.,O#product_category#0
product_category#4486,4486,ANTE./LAUTS./KLEINT.,O#product_category#0
product_category#4487,4487,ANTE./LAUTS./KLEINT.,O#product_category#0
product_category#4488,4488,ANTE./LAUTS./KLEINT.,O#product_category#0
product_category#4489,4489,ANTE./LAUTS./KLEINT.,O#product_category#0
product_category#4490,4490,ANTE./LAUTS./KLEINT.,O#product_category#0
product_category#4491,4491,ANTE./LAUTS./KLEINT.,O#product_category#0
product_category#4492,4492,ANTE./LAUTS./KLEINT.,O#product_category#0
product_category#4493,4493,ANTE./LAUTS./KLEINT.,O#product_category#0
product_category#4494,4494,ANTE./LAUTS./KLEINT.,O#product_category#0
product_category#4495,4495,ANTE./LAUTS./KLEINT.,O#product_category#0
product_category#4499,4499,ANTE./LAUTS./KLEINT.,O#product_category#0
product_category#4500,4500,AZV,O#product_category#0
product_category#4501,4501,AZV,O#product_category#0
product_category#4502,4502,AZV,O#product_category#0
product_category#4503,4503,AZV,O#product_category#0
product_category#4504,4504,AZV,O#product_category#0
product_category#4505,4505,AZV,O#product_category#0
product_category#4506,4506,AZV,O#product_category#0
product_category#4520,4520,E SATZ,O#product_category#0
product_category#4521,4521,E SATZ,O#product_category#0
product_category#4522,4522,E SATZ,O#product_category#0
product_category#4523,4523,E SATZ,O#product_category#0
product_category#4524,4524,E SATZ,O#product_category#0
product_category#4525,4525,E SATZ,O#product_category#0
product_category#4526,4526,E SATZ,O#product_category#0
product_category#4527,4527,E SATZ,O#product_category#0
product_category#4528,4528,E SATZ,O#product_category#0
product_category#4529,4529,E SATZ,O#product_category#0
product_category#4539,4539,E SATZ,O#product_category#0
product_category#4540,4540,ZUBEHOER AZV,O#product_category#0
product_category#4541,4541,ZUBEHOER AZV,O#product_category#0
product_category#4542,4542,ZUBEHOER AZV,O#product_category#0
product_category#4543,4543,ZUBEHOER AZV,O#product_category#0
product_category#4544,4544,ZUBEHOER AZV,O#product_category#0
product_category#4545,4545,ZUBEHOER AZV,O#product_category#0
product_category#4546,4546,ZUBEHOER AZV,O#product_category#0
product_category#4547,4547,ZUBEHOER AZV,O#product_category#0
product_category#4548,4548,ZUBEHOER AZV,O#product_category#0
product_category#4549,4549,ZUBEHOER AZV,O#product_category#0
product_category#4559,4559,ZUBEHOER AZV,O#product_category#0
product_category#4560,4560,ANHAENGER ZUBEHOER,O#product_category#0
product_category#4565,4565,ANHAENGER ZUBEHOER,O#product_category#0
product_category#4566,4566,ANHAENGER ZUBEHOER,O#product_category#0
product_category#4570,4570,ANHAENGER ZUBEHOER,O#product_category#0
product_category#4571,4571,ANHAENGER ZUBEHOER,O#product_category#0
product_category#4572,4572,ANHAENGER ZUBEHOER,O#product_category#0
product_category#4573,4573,ANHAENGER ZUBEHOER,O#product_category#0
product_category#4574,4574,ANHAENGER ZUBEHOER,O#product_category#0
product_category#4576,4576,ANHAENGERTEILE,O#product_category#0
product_category#4577,4577,ANHAENGER ZUBEHOER,O#product_category#0
product_category#4599,4599,ANHAENGER ZUBEHOER,O#product_category#0
product_category#4600,4600,BEZUEGE + FELL,O#product_category#0
product_category#4601,4601,BEZUEGE + FELL,O#product_category#0
product_category#4602,4602,BEZUEGE + FELL,O#product_category#0
product_category#4603,4603,BEZUEGE + FELL,O#product_category#0
product_category#4604,4604,BEZUEGE + FELL,O#product_category#0
product_category#4605,4605,BEZUEGE + FELL,O#product_category#0
product_category#4606,4606,BEZUEGE + FELL,O#product_category#0
product_category#4607,4607,BEZUEGE + FELL,O#product_category#0
product_category#4619,4619,BEZUEGE + FELL,O#product_category#0
product_category#4620,4620,PVC-SITZSCHONER ETC.,O#product_category#0
product_category#4621,4621,PVC-SITZSCHONER ETC.,O#product_category#0
product_category#4622,4622,PVC-SITZSCHONER ETC.,O#product_category#0
product_category#4624,4624,PVC-SITZSCHONER ETC.,O#product_category#0
product_category#4625,4625,PVC-SITZSCHONER ETC.,O#product_category#0
product_category#4626,4626,PVC-SITZSCHONER ETC.,O#product_category#0
product_category#4639,4639,PVC-SITZSCHONER ETC.,O#product_category#0
product_category#4640,4640,FUSSMATTEN,O#product_category#0
product_category#4641,4641,FUSSMATTEN,O#product_category#0
product_category#4642,4642,FUSSMATTEN,O#product_category#0
product_category#4643,4643,FUSSMATTEN,O#product_category#0
product_category#4644,4644,FUSSMATTEN,O#product_category#0
product_category#4645,4645,FUSSMATTEN,O#product_category#0
product_category#4646,4646,FUSSMATTEN,O#product_category#0
product_category#4647,4647,FUSSMATTEN,O#product_category#0
product_category#4648,4648,FUSSMATTEN,O#product_category#0
product_category#4652,4652,FUSSMATTEN,O#product_category#0
product_category#4659,4659,FUSSMATTEN,O#product_category#0
product_category#4660,4660,KOFFERRAUMW.+MATTEN,O#product_category#0
product_category#4661,4661,KOFFERRAUMW.+MATTEN,O#product_category#0
product_category#4662,4662,KOFFERRAUMW.+MATTEN,O#product_category#0
product_category#4663,4663,KOFFERRAUMWANNEN,O#product_category#0
product_category#4664,4664,KOFFERRAUMW.+MATTEN,O#product_category#0
product_category#4679,4679,KOFFERRAUMW.+MATTEN,O#product_category#0
product_category#4680,4680,FREIE WARENGRUPPE,O#product_category#0
product_category#4700,4700,WISCHERBLAETTER,O#product_category#0
product_category#4702,4702,WISCHERBLAETTER,O#product_category#0
product_category#4703,4703,WISCHERBLAETTER,O#product_category#0
product_category#4704,4704,WISCHERBLAETTER,O#product_category#0
product_category#4706,4706,WISCHERBLAETTER,O#product_category#0
product_category#4707,4707,WISCHERBLAETTER,O#product_category#0
product_category#4708,4708,WISCHERBLAETTER,O#product_category#0
product_category#4709,4709,WISCHERBLAETTER,O#product_category#0
product_category#4712,4712,WISCHERBLAETTER,O#product_category#0
product_category#4715,4715,WISCHERBLAETTER,O#product_category#0
product_category#4722,4722,WISCHERBLAETTER,O#product_category#0
product_category#4733,4733,WISCHERBLAETTER,O#product_category#0
product_category#4749,4749,WISCHERBLAETTER,O#product_category#0
product_category#4751,4751,WISCHERMOTOREN,O#product_category#0
product_category#4752,4752,WISCHERMOTOREN,O#product_category#0
product_category#4753,4753,WISCHERMOTOREN,O#product_category#0
product_category#4754,4754,WISCHERMOTOREN,O#product_category#0
product_category#4762,4762,WISCHERMOTOREN,O#product_category#0
product_category#4780,4780,ERSATZTEILE WISCHER,O#product_category#0
product_category#4781,4781,WISCHER ARME E-TEILE,O#product_category#0
product_category#4782,4782,WISCHERMOTOREN,O#product_category#0
product_category#4783,4783,WISCHERMOTOREN,O#product_category#0
product_category#4791,4791,WASCHPUMPEN,O#product_category#0
product_category#4792,4792,WASCHPUMPEN +DUESEN,O#product_category#0
product_category#4793,4793,WASCHPUMPEN,O#product_category#0
product_category#4795,4795,WASCHPUMPEN,O#product_category#0
product_category#4796,4796,WASCHPUMPEN,O#product_category#0
product_category#4800,4800,WEBASTO STANDHEIZUNG,O#product_category#0
product_category#4801,4801,EBERSPAECHER STANDH.,O#product_category#0
product_category#4802,4802,WEBASTO STANDH. ERS.,O#product_category#0
product_category#4803,4803,EBERSPAE.STANDH.ERSA.,O#product_category#0
product_category#4804,4804,STANDHEIZUNGEN,O#product_category#0
product_category#4805,4805,STANDHEIZUNG E-TEILE,O#product_category#0
product_category#4819,4819,STANDHEIZUNGEN,O#product_category#0
product_category#4820,4820,FREIE WARENGRUPPE,O#product_category#0
product_category#4900,4900,MOTORRADZUBEHOER,O#product_category#0
product_category#4901,4901,MOTORRAD-ALUSCHR.SET,O#product_category#0
product_category#4902,4902,MOTORR.KUPPLUNGSTEIL,O#product_category#0
product_category#4903,4903,MOTORR.FUSSRA.STURZP,O#product_category#0
product_category#4904,4904,MOTORR.GABELB.LENKER,O#product_category#0
product_category#4905,4905,MOTORRADZUBEHOER,O#product_category#0
product_category#4930,4930,MOTORRADREIFEN,O#product_category#0
product_category#4949,4949,MOTORRADZUBEHOER,O#product_category#0
product_category#4950,4950,FREIE WARENGRUPPE,O#product_category#0
product_category#4990,4990,BUECHER,O#product_category#0
product_category#4991,4991,BUECHER,O#product_category#0
product_category#4992,4992,BUECHER,O#product_category#0
product_category#4993,4993,BUECHER,O#product_category#0
product_category#4994,4994,BUECHER,O#product_category#0
product_category#4995,4995,AUTODATA CD 19 %,O#product_category#0
product_category#4999,4999,BUECHER,O#product_category#0
product_category#5000,5000,KUPPLUNGEN PKW,O#product_category#0
product_category#5001,5001,KUPPLUNGS E-TEILE,O#product_category#0
product_category#5002,5002,KUPPLUNGSLAGER,O#product_category#0
product_category#5003,5003,KUPPLUNG-SPORT,O#product_category#0
product_category#5004,5004,KUPPL.-SCHLEPPER/NKW,O#product_category#0
product_category#5005,5005,SCHWUNGRAD (ZMS),O#product_category#0
product_category#5006,5006,KUPPLUNGS E-TEILE O.AT,O#product_category#0
product_category#5010,5010,KUPPLUNGEN,O#product_category#0
product_category#5011,5011,KUPPL.-E-TEI.M AT-ST,O#product_category#0
product_category#5012,5012,KUPPLUNGSLAGER,O#product_category#0
product_category#5013,5013,KUPPLUNG-SPORT,O#product_category#0
product_category#5014,5014,KUPPLUNG-NKW,O#product_category#0
product_category#5015,5015,SCHWUNGRAD (ZMS),O#product_category#0
product_category#5016,5016,KUPPLUNGEN SCHLEPPER,O#product_category#0
product_category#5017,5017,KUPPL.-E-TEI.O.AT-ST,O#product_category#0
product_category#5020,5020,KUPPLUNGEN,O#product_category#0
product_category#5021,5021,KUPPLUNGS E-TEILE,O#product_category#0
product_category#5022,5022,KUPPLUNGSLAGER,O#product_category#0
product_category#5023,5023,KUPPLUNGSLAGER,O#product_category#0
product_category#5024,5024,KUPPL.-SCHLEPPER/NKW,O#product_category#0
product_category#5025,5025,SCHWUNGRAD (ZMS),O#product_category#0
product_category#5026,5026,KUPPLUNGEN,O#product_category#0
product_category#5027,5027,KUPPLUNGSLAGER,O#product_category#0
product_category#5028,5028,SCHWUNGRAD (ZMS),O#product_category#0
product_category#5030,5030,KUPPLUNGEN,O#product_category#0
product_category#5031,5031,KUPPL.-E-TEI.O.AT-ST,O#product_category#0
product_category#5032,5032,KUPPLUNGSLAGER,O#product_category#0
product_category#5034,5034,SCHWUNGRAD (ZMS),O#product_category#0
product_category#5035,5035,KUPPLUNGEN,O#product_category#0
product_category#5036,5036,KUPPLUNGS E-TEILE,O#product_category#0
product_category#5037,5037,KUPPLUNGSLAGER,O#product_category#0
product_category#5040,5040,KUPPLUNGEN,O#product_category#0
product_category#5041,5041,KUPPLUNGS E-TEILE,O#product_category#0
product_category#5050,5050,KUPPLUNGEN,O#product_category#0
product_category#5060,5060,KUPPLUNGEN,O#product_category#0
product_category#5061,5061,KUPPLUNGS E-TEILE,O#product_category#0
product_category#5070,5070,KUPPLUNGEN,O#product_category#0
product_category#5080,5080,KUPPLUNGEN,O#product_category#0
product_category#5081,5081,KUPPLUNGSLAGER,O#product_category#0
product_category#5085,5085,SCHWUNGRAD (ZMS),O#product_category#0
product_category#5090,5090,KUPPLUNGS E-TEILE,O#product_category#0
product_category#5091,5091,KUPPLUNGS E-TEILE,O#product_category#0
product_category#5092,5092,KUPPLUNGSLAGER,O#product_category#0
product_category#5099,5099,KUPPLUNGEN,O#product_category#0
product_category#5100,5100,FILTER,O#product_category#0
product_category#5101,5101,FILTER,O#product_category#0
product_category#5102,5102,FILTER,O#product_category#0
product_category#5103,5103,FILTER,O#product_category#0
product_category#5104,5104,FILTER,O#product_category#0
product_category#5105,5105,FILTER,O#product_category#0
product_category#5106,5106,FILTER,O#product_category#0
product_category#5107,5107,FILTER,O#product_category#0
product_category#5108,5108,FILTER,O#product_category#0
product_category#5109,5109,FILTER,O#product_category#0
product_category#5110,5110,FILTER,O#product_category#0
product_category#5111,5111,FILTER,O#product_category#0
product_category#5112,5112,FILTER,O#product_category#0
product_category#5113,5113,FILTER,O#product_category#0
product_category#5115,5115,FILTER,O#product_category#0
product_category#5116,5116,FILTER,O#product_category#0
product_category#5117,5117,FILTER,O#product_category#0
product_category#5118,5118,FILTER,O#product_category#0
product_category#5119,5119,FILTER,O#product_category#0
product_category#5120,5120,FILTER,O#product_category#0
product_category#5121,5121,FILTER,O#product_category#0
product_category#5122,5122,FILTER,O#product_category#0
product_category#5123,5123,FILTER,O#product_category#0
product_category#5124,5124,FILTER,O#product_category#0
product_category#5125,5125,FILTER,O#product_category#0
product_category#5126,5126,FILTER,O#product_category#0
product_category#5127,5127,FILTER,O#product_category#0
product_category#5128,5128,FILTER,O#product_category#0
product_category#5133,5133,FILTER (BLUE PRINT),O#product_category#0
product_category#5135,5135,FILTER,O#product_category#0
product_category#5136,5136,FILTER,O#product_category#0
product_category#5137,5137,FILTER,O#product_category#0
product_category#5138,5138,FILTER,O#product_category#0
product_category#5139,5139,FILTER,O#product_category#0
product_category#5140,5140,FILTER,O#product_category#0
product_category#5141,5141,FILTER,O#product_category#0
product_category#5142,5142,FILTER,O#product_category#0
product_category#5150,5150,FILTER INNENRAUM,O#product_category#0
product_category#5151,5151,FILTER INNENRAUM,O#product_category#0
product_category#5152,5152,FILTER INNENRAUM,O#product_category#0
product_category#5153,5153,FILTER INNENRAUM,O#product_category#0
product_category#5154,5154,FILTER INNENRAUM,O#product_category#0
product_category#5155,5155,FILTER INNENRAUM,O#product_category#0
product_category#5156,5156,FILTER INNENRAUM,O#product_category#0
product_category#5157,5157,FILTER INNENRAUM,O#product_category#0
product_category#5158,5158,FILTER INNENRAUM,O#product_category#0
product_category#5159,5159,FILTER INNENRAUM,O#product_category#0
product_category#5160,5160,FILTER INNENRAUM,O#product_category#0
product_category#5161,5161,FILTER INNENRAUM,O#product_category#0
product_category#5162,5162,FILTER INNENRAUM,O#product_category#0
product_category#5163,5163,FILTER INNENRAUM,O#product_category#0
product_category#5165,5165,FILTER INNENRAUM,O#product_category#0
product_category#5166,5166,FILTER INNENRAUM,O#product_category#0
product_category#5167,5167,FILTER INNENRAUM,O#product_category#0
product_category#5168,5168,FILTER INNENRAUM,O#product_category#0
product_category#5169,5169,FILTER INNENRAUM,O#product_category#0
product_category#5170,5170,FILTER INNENRAUM,O#product_category#0
product_category#5171,5171,FILTER INNENRAUM,O#product_category#0
product_category#5172,5172,FILTER INNENRAUM,O#product_category#0
product_category#5173,5173,FILTER INNENRAUM,O#product_category#0
product_category#5174,5174,FILTER INNENRAUM,O#product_category#0
product_category#5175,5175,FILTER INNENRAUM,O#product_category#0
product_category#5176,5176,FILTER INNENRAUM,O#product_category#0
product_category#5177,5177,FILTER INNENRAUM,O#product_category#0
product_category#5178,5178,FILTER INNENRAUM,O#product_category#0
product_category#5179,5179,FILTER INNENRAUM,O#product_category#0
product_category#5180,5180,FILTER INNENRAUM,O#product_category#0
product_category#5185,5185,FILTER INNENRAUM,O#product_category#0
product_category#5186,5186,FILTER INNENRAUM,O#product_category#0
product_category#5187,5187,FILTER INNENRAUM,O#product_category#0
product_category#5188,5188,FILTER INNENRAUM,O#product_category#0
product_category#5189,5189,FILTER INNENRAUM,O#product_category#0
product_category#5190,5190,FILTER INNENRAUM,O#product_category#0
product_category#5191,5191,FILTER INNENRAUM,O#product_category#0
product_category#5192,5192,INNENRAUMFILTER,O#product_category#0
product_category#5194,5194,FILTER SONSTIGE,O#product_category#0
product_category#5199,5199,FILTER SONSTIGE,O#product_category#0
product_category#5200,5200,KUEHLER,O#product_category#0
product_category#5201,5201,KUEHLER,O#product_category#0
product_category#5202,5202,KUEHLER,O#product_category#0
product_category#5203,5203,KUEHLER,O#product_category#0
product_category#5204,5204,KUEHLER,O#product_category#0
product_category#5205,5205,KUEHLER,O#product_category#0
product_category#5206,5206,KUEHLER,O#product_category#0
product_category#5207,5207,KUEHLER,O#product_category#0
product_category#5208,5208,KUEHLUNG + ZUBEHOER,O#product_category#0
product_category#5209,5209,KUEHLER,O#product_category#0
product_category#5210,5210,KUEHLER-AUSGLEICHSBEAELTER,O#product_category#0
product_category#5211,5211,KUEHLER,O#product_category#0
product_category#5212,5212,KUEHLER,O#product_category#0
product_category#5213,5213,KUEHLER,O#product_category#0
product_category#5214,5214,KUEHLER,O#product_category#0
product_category#5215,5215,KUEHLER-AUSGLEICHSBEAELTER,O#product_category#0
product_category#5217,5217,KUEHLER,O#product_category#0
product_category#5218,5218,KUEHLER,O#product_category#0
product_category#5219,5219,KUEHLER,O#product_category#0
product_category#5220,5220,KUEHLUNG,O#product_category#0
product_category#5223,5223,KUEHLER MOTORRAD,O#product_category#0
product_category#5224,5224,KUEHLUNG/KLIMA,O#product_category#0
product_category#5228,5228,KLIMATECHNIK,O#product_category#0
product_category#5229,5229,KUEHLER MOTORRAD,O#product_category#0
product_category#5230,5230,TANK-KUEHLERDECKEL,O#product_category#0
product_category#5231,5231,TANK-KUEHLERDECKEL,O#product_category#0
product_category#5232,5232,TANK-KUEHLERDECKEL,O#product_category#0
product_category#5233,5233,TANK-KUEHLERDECKEL,O#product_category#0
product_category#5234,5234,TANK-KUEHLERDECKEL,O#product_category#0
product_category#5235,5235,TANK-KUEHLERDECKEL,O#product_category#0
product_category#5236,5236,TANK-KUEHLERDECKEL,O#product_category#0
product_category#5237,5237,TANK-KUEHLERDECKEL,O#product_category#0
product_category#5238,5238,TANK-KUEHLERDECKEL,O#product_category#0
product_category#5242,5242,TANK-KUEHLERDECKEL,O#product_category#0
product_category#5243,5243,TANK-KUEHLERDECKEL,O#product_category#0
product_category#5249,5249,TANK-KUEHLERDECKEL,O#product_category#0
product_category#5250,5250,KUEHLERSCHLAEUCHE,O#product_category#0
product_category#5251,5251,KUEHLERSCHLAEUCHE,O#product_category#0
product_category#5252,5252,KUEHLERSCHLAEUCHE,O#product_category#0
product_category#5253,5253,KUEHLERSCHLAEUCHE,O#product_category#0
product_category#5254,5254,KUEHLERSCHLAEUCHE,O#product_category#0
product_category#5261,5261,KUEHLER-AUSGLEICHSBEAELTER,O#product_category#0
product_category#5262,5262,KUEHLERSCHLAEUCHE,O#product_category#0
product_category#5269,5269,KUEHLERSCHLAEUCHE,O#product_category#0
product_category#5270,5270,VISCO-LUEFTER+KUPPL.,O#product_category#0
product_category#5271,5271,VISCO-LUEFTER+KUPPL.,O#product_category#0
product_category#5272,5272,VISCO-LUEFTER+KUPPL.,O#product_category#0
product_category#5273,5273,VISCO-LUEFTER+KUPPL.,O#product_category#0
product_category#5274,5274,VISCO-LUEFTER+KUPPL.,O#product_category#0
product_category#5275,5275,VISCO-LUEFTER+KUPPL.,O#product_category#0
product_category#5276,5276,LUEFTERKUPPLUNG BERU,O#product_category#0
product_category#5277,5277,LUEFTER ELEKTRISCH,O#product_category#0
product_category#5282,5282,VISCO-LUEFTER+KUPPL.,O#product_category#0
product_category#5285,5285,VISCO-LUEFTER+KUPPL.,O#product_category#0
product_category#5286,5286,KUEHLER LUEFTER,O#product_category#0
product_category#5287,5287,KUEHLER LUEFTER,O#product_category#0
product_category#5289,5289,VISCO-LUEFTER+KUPPL.,O#product_category#0
product_category#5290,5290,KUEHLER LUEFTER,O#product_category#0
product_category#5291,5291,KUEHLER LUEFTER,O#product_category#0
product_category#5292,5292,KUEHLER LUEFTER,O#product_category#0
product_category#5293,5293,KUEHLER LUEFTER,O#product_category#0
product_category#5294,5294,KUEHLER LUEFTER,O#product_category#0
product_category#5295,5295,KUEHLER LUEFTER,O#product_category#0
product_category#5296,5296,KUEHLER LUEFTER,O#product_category#0
product_category#5297,5297,KUEHLER LUEFTER,O#product_category#0
product_category#5298,5298,KUEHLER LUEFTER,O#product_category#0
product_category#5299,5299,KUEHLER LUEFTER,O#product_category#0
product_category#5300,5300,KLIMATECHNIK,O#product_category#0
product_category#5301,5301,KLIMATECHNIK,O#product_category#0
product_category#5302,5302,KLIMATECHNIK,O#product_category#0
product_category#5303,5303,KLIMATECHNIK,O#product_category#0
product_category#5304,5304,KLIMATECHNIK,O#product_category#0
product_category#5305,5305,KLIMATECHNIK,O#product_category#0
product_category#5306,5306,KLIMATECHNIK,O#product_category#0
product_category#5307,5307,KLIMATECHNIK,O#product_category#0
product_category#5308,5308,KLIMATECHNIK,O#product_category#0
product_category#5309,5309,KLIMATECHNIK,O#product_category#0
product_category#5310,5310,KLIMATECHNIK,O#product_category#0
product_category#5311,5311,KLIMATECHNIK,O#product_category#0
product_category#5312,5312,KLIMATECHNIK,O#product_category#0
product_category#5313,5313,KLIMATECHNIK,O#product_category#0
product_category#5314,5314,KLIMATECHNIK,O#product_category#0
product_category#5315,5315,KLIMATECHNIK,O#product_category#0
product_category#5316,5316,KLIMATECHNIK,O#product_category#0
product_category#5317,5317,KLIMATECHNIK,O#product_category#0
product_category#5318,5318,KLIMATECHNIK,O#product_category#0
product_category#5319,5319,KLIMATECHNIK,O#product_category#0
product_category#5321,5321,OELKUEHLER,O#product_category#0
product_category#5322,5322,OELKUEHLER,O#product_category#0
product_category#5323,5323,OELKUEHLER,O#product_category#0
product_category#5324,5324,OELKUEHLER,O#product_category#0
product_category#5325,5325,OELKUEHLER,O#product_category#0
product_category#5329,5329,OELKUEHLER,O#product_category#0
product_category#5341,5341,KLIMA AT KOMPRESSOR,O#product_category#0
product_category#5342,5342,KLIMA AT KOMPRESSOR,O#product_category#0
product_category#5343,5343,KLIMA AT KOMPRESSOR,O#product_category#0
product_category#5344,5344,KLIMA AT KOMPRESSOR,O#product_category#0
product_category#5345,5345,KLIMA AT KOMPRESSOR,O#product_category#0
product_category#5346,5346,KLIMA AT KOMPRESSOR,O#product_category#0
product_category#5348,5348,KOMPRESSOR F. KLIMA,O#product_category#0
product_category#5349,5349,KLIMA AT KOMPRESSOR,O#product_category#0
product_category#5350,5350,KLIMA GAS R 134 A,O#product_category#0
product_category#5351,5351,KLIMA GAS R 134 A,O#product_category#0
product_category#5352,5352,KLIMAGAS,O#product_category#0
product_category#5353,5353,KLIMAGAS,O#product_category#0
product_category#5355,5355,KLIMA ZUB. + OEL,O#product_category#0
product_category#5356,5356,KLIMA ZUB. + OEL,O#product_category#0
product_category#5357,5357,KLIMA ZUB. + OEL,O#product_category#0
product_category#5360,5360,LADELUFTKUEHLER,O#product_category#0
product_category#5361,5361,LADELUFTKUEHLER,O#product_category#0
product_category#5362,5362,LADELUFTKUEHLER,O#product_category#0
product_category#5363,5363,LADELUFTKUEHLER,O#product_category#0
product_category#5364,5364,LADELUFTKUEHLER,O#product_category#0
product_category#5365,5365,LADELUFTKUEHLER,O#product_category#0
product_category#5366,5366,LADELUFTKUEHLER,O#product_category#0
product_category#5367,5367,LADELUFTSCHLAEUCHE,O#product_category#0
product_category#5379,5379,LADELUFTKUEHLER,O#product_category#0
product_category#5383,5383,LADELUFTKUEHLER,O#product_category#0
product_category#5389,5389,KUEHLER-ZUBEHOER,O#product_category#0
product_category#5400,5400,WASSERPUMPEN,O#product_category#0
product_category#5401,5401,WASSERPUMPEN,O#product_category#0
product_category#5402,5402,WASSERPUMPEN,O#product_category#0
product_category#5403,5403,WASSERPUMPEN,O#product_category#0
product_category#5404,5404,WASSERPUMPEN,O#product_category#0
product_category#5405,5405,WASSERPUMPEN,O#product_category#0
product_category#5406,5406,WASSERPUMPEN,O#product_category#0
product_category#5407,5407,WASSERPUMPEN,O#product_category#0
product_category#5408,5408,WASSERPUMPEN,O#product_category#0
product_category#5409,5409,WASSERPUMPEN,O#product_category#0
product_category#5410,5410,WASSERPUMPEN,O#product_category#0
product_category#5411,5411,WASSERPUMPEN,O#product_category#0
product_category#5412,5412,WASSERPUMPEN,O#product_category#0
product_category#5413,5413,WASSERPUMPEN,O#product_category#0
product_category#5414,5414,WASSERPUMPEN,O#product_category#0
product_category#5416,5416,WASSERPUMPEN,O#product_category#0
product_category#5417,5417,WASSERPUMPEN,O#product_category#0
product_category#5418,5418,WASSERPUMPEN,O#product_category#0
product_category#5420,5420,WASSERPUMPEN,O#product_category#0
product_category#5421,5421,WASSERPUMPEN ELEKT. ZUSATZPUMP,O#product_category#0
product_category#5422,5422,WASSERPUMPEN,O#product_category#0
product_category#5425,5425,WASSERPUMPEN,O#product_category#0
product_category#5428,5428,WASSERPUMPEN,O#product_category#0
product_category#5429,5429,WASSERPUMPEN,O#product_category#0
product_category#5433,5433,WASSERPUMPEN,O#product_category#0
product_category#5434,5434,WASSERPUMPEN,O#product_category#0
product_category#5435,5435,WASSERPUMPEN,O#product_category#0
product_category#5438,5438,WASSERPUMPEN,O#product_category#0
product_category#5455,5455,WASSERPUMPEN M. STEUERRIEMEN,O#product_category#0
product_category#5458,5458,WASSERPUMPEN AT,O#product_category#0
product_category#5459,5459,WASSERPUMPEN SONSTIGE,O#product_category#0
product_category#5461,5461,WASSERPUMPEN-KIT,O#product_category#0
product_category#5462,5462,WASSERPUMPEN M. STEUERRIEMEN,O#product_category#0
product_category#5463,5463,WASSERPUMPEN KIT,O#product_category#0
product_category#5466,5466,ZAHNRIEMEN+WAPU,O#product_category#0
product_category#5469,5469,WASSERPUMPEN M. STEUERRIEMEN,O#product_category#0
product_category#5471,5471,WAPU KIT M. STEUERR.,O#product_category#0
product_category#5473,5473,WASSERPUMPEN-KIT-STEUERRIEMEN,O#product_category#0
product_category#5474,5474,WASSERPUMPEN M. STEUERRIEMEN,O#product_category#0
product_category#5475,5475,WASSERPUMPEN-KIT,O#product_category#0
product_category#5481,5481,KEILRIPPENRIEMEN,O#product_category#0
product_category#5484,5484,KEILRIPPENRIEMENSAETZE,O#product_category#0
product_category#5485,5485,KEILRIPPENRIEMENSAETZE,O#product_category#0
product_category#5486,5486,KEILRIPPENRIEMEN,O#product_category#0
product_category#5488,5488,KEILRIPPENRIEMENSAETZE,O#product_category#0
product_category#5491,5491,KEILRIPPENRIEMEN,O#product_category#0
product_category#5493,5493,KEILRIPPENRIEMENSAETZE,O#product_category#0
product_category#5495,5495,KEILRIPPENRIEMANSAETZE,O#product_category#0
product_category#5496,5496,KEILRIPPENRIEMANSAETZE,O#product_category#0
product_category#5497,5497,KEILRIPPENRIEMENSAETZE,O#product_category#0
product_category#5498,5498,WASSERPUMPEN AT,O#product_category#0
product_category#5499,5499,WASSERPUMPEN,O#product_category#0
product_category#5500,5500,STEUERRIEMEN,O#product_category#0
product_category#5501,5501,STEUERRIEMEN,O#product_category#0
product_category#5502,5502,STEUERRIEMEN,O#product_category#0
product_category#5503,5503,STEUERRIEMEN,O#product_category#0
product_category#5504,5504,STEUERRIEMEN,O#product_category#0
product_category#5505,5505,STEUERRIEMEN,O#product_category#0
product_category#5506,5506,STEUERRIEMEN,O#product_category#0
product_category#5507,5507,STEUERRIEMEN,O#product_category#0
product_category#5508,5508,STEUERRIEMEN,O#product_category#0
product_category#5509,5509,STEUERRIEMEN,O#product_category#0
product_category#5510,5510,STEUERRIEMEN,O#product_category#0
product_category#5511,5511,STEUERRIEMEN,O#product_category#0
product_category#5512,5512,STEUERRIEMEN,O#product_category#0
product_category#5513,5513,STEUERRIEMEN,O#product_category#0
product_category#5514,5514,STEUERRIEMEN,O#product_category#0
product_category#5515,5515,STEUERRIEMEN,O#product_category#0
product_category#5516,5516,STEUERRIEMEN,O#product_category#0
product_category#5517,5517,STEUERRIEMEN,O#product_category#0
product_category#5519,5519,STEUERRIEMEN,O#product_category#0
product_category#5520,5520,SPANNROLLEN,O#product_category#0
product_category#5521,5521,SPANNROLLEN,O#product_category#0
product_category#5522,5522,SPANNROLLEN,O#product_category#0
product_category#5523,5523,SPANNROLLEN,O#product_category#0
product_category#5524,5524,SPANNROLLEN,O#product_category#0
product_category#5525,5525,SPANNROLLEN,O#product_category#0
product_category#5526,5526,SPANNROLLEN,O#product_category#0
product_category#5527,5527,SPANNROLLEN,O#product_category#0
product_category#5528,5528,SPANNROLLEN,O#product_category#0
product_category#5529,5529,SPANNROLLEN,O#product_category#0
product_category#5530,5530,SPANNROLLEN,O#product_category#0
product_category#5531,5531,SPANNROLLEN,O#product_category#0
product_category#5532,5532,SPANNROLLEN,O#product_category#0
product_category#5533,5533,SPANNROLLEN,O#product_category#0
product_category#5534,5534,SPANNROLLEN,O#product_category#0
product_category#5535,5535,SPANNROLLEN,O#product_category#0
product_category#5536,5536,SPANNROLLEN,O#product_category#0
product_category#5537,5537,SPANNROLLEN,O#product_category#0
product_category#5538,5538,SPANNROLLEN,O#product_category#0
product_category#5539,5539,SPANNROLLEN,O#product_category#0
product_category#5540,5540,STEUERRIEMENSAETZE,O#product_category#0
product_category#5541,5541,STEUERRIEMENSAETZE,O#product_category#0
product_category#5542,5542,STEUERRIEMENSAETZE,O#product_category#0
product_category#5543,5543,STEUERRIEMENSAETZE,O#product_category#0
product_category#5544,5544,STEUERRIEMENSAETZE,O#product_category#0
product_category#5545,5545,STEUERRIEMENSAETZE,O#product_category#0
product_category#5546,5546,STEUERRIEMENSAETZE,O#product_category#0
product_category#5547,5547,STEUERRIEMENSAETZE,O#product_category#0
product_category#5548,5548,STEUERRIEMENSAETZE,O#product_category#0
product_category#5549,5549,STEUERRIEMENSAETZE,O#product_category#0
product_category#5550,5550,STEUERRIEMENSAETZE,O#product_category#0
product_category#5551,5551,STEUERRIEMENSAETZE,O#product_category#0
product_category#5552,5552,STEUERRIEMENSAETZE,O#product_category#0
product_category#5553,5553,STEUERRIEMENSAETZE,O#product_category#0
product_category#5554,5554,STEUERRIEMENSAETZE,O#product_category#0
product_category#5555,5555,STEUERRIEMENSAETZE,O#product_category#0
product_category#5556,5556,STEUERRIEMENSAETZE,O#product_category#0
product_category#5557,5557,STEUERRIEMENSAETZE LUK,O#product_category#0
product_category#5558,5558,STEUERRIEMENSAETZE,O#product_category#0
product_category#5559,5559,STEUERRIEMENSAETZE,O#product_category#0
product_category#5560,5560,KEILRIEMEN,O#product_category#0
product_category#5561,5561,KEILRIEMEN,O#product_category#0
product_category#5562,5562,KEILRIEMEN,O#product_category#0
product_category#5563,5563,KEILRIEMEN,O#product_category#0
product_category#5564,5564,KEILRIEMEN,O#product_category#0
product_category#5565,5565,KEILRIEMEN,O#product_category#0
product_category#5566,5566,KEILRIEMEN,O#product_category#0
product_category#5567,5567,KEILRIEMEN,O#product_category#0
product_category#5568,5568,KEILRIEMEN,O#product_category#0
product_category#5569,5569,KEILRIEMEN,O#product_category#0
product_category#5570,5570,KEILRIEMEN,O#product_category#0
product_category#5571,5571,KEILRIEMEN,O#product_category#0
product_category#5575,5575,KEILRIEMEN,O#product_category#0
product_category#5576,5576,KEILRIEMEN,O#product_category#0
product_category#5577,5577,KEILRIEMEN,O#product_category#0
product_category#5578,5578,KEILRIEMEN,O#product_category#0
product_category#5579,5579,KEILRIEMEN,O#product_category#0
product_category#5580,5580,KEILRIPPENRIEMEN,O#product_category#0
product_category#5581,5581,KEILRIPPENRIEMEN,O#product_category#0
product_category#5582,5582,KEILRIPPENRIEMEN,O#product_category#0
product_category#5583,5583,KEILRIPPENRIEMEN,O#product_category#0
product_category#5584,5584,KEILRIPPENRIEMEN,O#product_category#0
product_category#5585,5585,KEILRIPPENRIEMEN,O#product_category#0
product_category#5586,5586,KEILRIPPENRIEMEN,O#product_category#0
product_category#5587,5587,KEILRIPPENRIEMEN,O#product_category#0
product_category#5588,5588,KEILRIPPENRIEMEN,O#product_category#0
product_category#5589,5589,KEILRIPPENRIEMEN,O#product_category#0
product_category#5590,5590,KEILRIPPENRIEMEN,O#product_category#0
product_category#5591,5591,KEILRIPPENRIEMEN,O#product_category#0
product_category#5592,5592,KEILRIPPENRIEMEN,O#product_category#0
product_category#5593,5593,KEILRIPPENRIEMEN,O#product_category#0
product_category#5594,5594,KEILRIPPENRIEMENSAETZE,O#product_category#0
product_category#5595,5595,KEILRIPPENRIEMEN,O#product_category#0
product_category#5596,5596,KEILRIPPENRIEMEN,O#product_category#0
product_category#5597,5597,KEILRIPPENRIEMEN,O#product_category#0
product_category#5599,5599,KEILRIPPENRIEMEN,O#product_category#0
product_category#5600,5600,MOTOREN,O#product_category#0
product_category#5601,5601,MOTOREN,O#product_category#0
product_category#5602,5602,MOTOREN,O#product_category#0
product_category#5603,5603,MOTOREN,O#product_category#0
product_category#5604,5604,MOTOREN,O#product_category#0
product_category#5613,5613,MOTORENTEILE,O#product_category#0
product_category#5614,5614,MOTORENTEILE,O#product_category#0
product_category#5615,5615,MOTORENTEILE,O#product_category#0
product_category#5617,5617,MOTORENTEILE,O#product_category#0
product_category#5618,5618,MOTORENTEILE,O#product_category#0
product_category#5620,5620,MOTORENTEILE,O#product_category#0
product_category#5621,5621,MOTORENTEILE,O#product_category#0
product_category#5622,5622,MOTORENTEILE,O#product_category#0
product_category#5623,5623,MOTORENTEILE,O#product_category#0
product_category#5624,5624,MOTORENTEILE,O#product_category#0
product_category#5625,5625,MOTORENTEILE,O#product_category#0
product_category#5626,5626,MOTORENTEILE,O#product_category#0
product_category#5627,5627,MOTORENTEILE,O#product_category#0
product_category#5628,5628,MOTORENTEILE,O#product_category#0
product_category#5629,5629,MOTORENTEILE,O#product_category#0
product_category#5630,5630,MOTORENTEILE,O#product_category#0
product_category#5631,5631,MOTORENTEILE,O#product_category#0
product_category#5632,5632,MOTORENTEILE,O#product_category#0
product_category#5633,5633,MOTORENTEILE,O#product_category#0
product_category#5634,5634,MOTORENTEILE,O#product_category#0
product_category#5635,5635,MOTORENTEILE,O#product_category#0
product_category#5636,5636,MOTORENTEILE,O#product_category#0
product_category#5637,5637,MOTORENTEILE,O#product_category#0
product_category#5638,5638,MOTORENTEILE,O#product_category#0
product_category#5639,5639,MOTORENTEILE,O#product_category#0
product_category#5640,5640,MOTORENTEILE,O#product_category#0
product_category#5641,5641,MOTORENTEILE,O#product_category#0
product_category#5642,5642,MOTORENTEILE,O#product_category#0
product_category#5643,5643,MOTORENTEILE,O#product_category#0
product_category#5644,5644,MOTORENTEILE,O#product_category#0
product_category#5645,5645,MOTORENTEILE,O#product_category#0
product_category#5646,5646,MOTORENTEILE,O#product_category#0
product_category#5647,5647,MOTORENTEILE,O#product_category#0
product_category#5648,5648,MOTORENTEILE,O#product_category#0
product_category#5649,5649,MOTORENTEILE,O#product_category#0
product_category#5650,5650,MOTORENTEILE,O#product_category#0
product_category#5651,5651,MOTORENTEILE,O#product_category#0
product_category#5652,5652,MOTORENTEILE,O#product_category#0
product_category#5653,5653,MOTORENTEILE,O#product_category#0
product_category#5654,5654,MOTORENTEILE,O#product_category#0
product_category#5659,5659,MOTORENTEILE,O#product_category#0
product_category#5660,5660,ZYLINDERKOEPFE,O#product_category#0
product_category#5661,5661,ZYLINDERKOEPFE,O#product_category#0
product_category#5662,5662,ZYLINDERKOEPFE,O#product_category#0
product_category#5663,5663,ZYLINDERKOEPFE,O#product_category#0
product_category#5664,5664,ZYLINDERKOEPFE,O#product_category#0
product_category#5665,5665,ZYLINDERKOEPFE,O#product_category#0
product_category#5666,5666,ZYLINDERKOEPFE I. A.,O#product_category#0
product_category#5670,5670,MOTORENTEILE,O#product_category#0
product_category#5672,5672,MOTORENTEILE,O#product_category#0
product_category#5673,5673,STEUERKETTEN,O#product_category#0
product_category#5677,5677,MOTORENTEILE,O#product_category#0
product_category#5679,5679,ZYLINDERKOEPFE,O#product_category#0
product_category#5680,5680,TURBOLADER,O#product_category#0
product_category#5681,5681,TURBOLADER,O#product_category#0
product_category#5682,5682,TURBOLADER,O#product_category#0
product_category#5683,5683,TURBOLADER,O#product_category#0
product_category#5684,5684,TURBOLADER,O#product_category#0
product_category#5685,5685,TURBOLADER,O#product_category#0
product_category#5687,5687,TURBOLADER,O#product_category#0
product_category#5688,5688,TURBOLADER,O#product_category#0
product_category#5691,5691,TURBOLADER ZUBEHR,O#product_category#0
product_category#5694,5694,TURBOLADER,O#product_category#0
product_category#5699,5699,TURBOLADER,O#product_category#0
product_category#5700,5700,MOTORDICHTUNGEN,O#product_category#0
product_category#5701,5701,MOTORDICHTUNGEN,O#product_category#0
product_category#5702,5702,MOTORDICHTUNGEN,O#product_category#0
product_category#5703,5703,MOTORDICHTUNGEN,O#product_category#0
product_category#5704,5704,MOTORDICHTUNGEN,O#product_category#0
product_category#5705,5705,MOTORDICHTUNGEN,O#product_category#0
product_category#5706,5706,MOTORDICHTUNGEN,O#product_category#0
product_category#5707,5707,MOTORDICHTUNGEN,O#product_category#0
product_category#5708,5708,MOTORDICHTUNGEN,O#product_category#0
product_category#5709,5709,MOTORDICHTUNGEN,O#product_category#0
product_category#5710,5710,MOTORDICHTUNGEN,O#product_category#0
product_category#5711,5711,MOTORDICHTUNGEN,O#product_category#0
product_category#5712,5712,MOTORDICHTUNGEN,O#product_category#0
product_category#5714,5714,MONTAGESAETZE TURBO,O#product_category#0
product_category#5715,5715,MOTORDICHTUNGEN,O#product_category#0
product_category#5716,5716,MOTORDICHTUNGEN,O#product_category#0
product_category#5717,5717,MOTORDICHTUNGEN,O#product_category#0
product_category#5718,5718,MOTORDICHTUNGEN,O#product_category#0
product_category#5722,5722,MOTORDICHTUNGEN,O#product_category#0
product_category#5733,5733,DICHTUNGEN,O#product_category#0
product_category#5799,5799,DICHTUNG SONSTIGE,O#product_category#0
product_category#5800,5800,BENZINPUMPEN,O#product_category#0
product_category#5801,5801,BENZINPUMPEN,O#product_category#0
product_category#5802,5802,BENZINPUMPEN,O#product_category#0
product_category#5803,5803,BENZINPUMPEN,O#product_category#0
product_category#5804,5804,BENZINPUMPEN,O#product_category#0
product_category#5805,5805,BENZINPUMPEN,O#product_category#0
product_category#5806,5806,BENZINPUMPEN,O#product_category#0
product_category#5807,5807,BENZINPUMPEN,O#product_category#0
product_category#5808,5808,BENZINPUMPEN ELEKTR.,O#product_category#0
product_category#5809,5809,BENZINPUMPEN,O#product_category#0
product_category#5810,5810,BENZINPUMPEN,O#product_category#0
product_category#5811,5811,BENZINPUMPEN,O#product_category#0
product_category#5812,5812,BENZINPUMPEN,O#product_category#0
product_category#5813,5813,BENZINPUMPEN,O#product_category#0
product_category#5814,5814,BENZINPUMPEN,O#product_category#0
product_category#5817,5817,BENZINPUMPEN,O#product_category#0
product_category#5818,5818,BENZINPUMPEN,O#product_category#0
product_category#5820,5820,BENZINPUMPEN,O#product_category#0
product_category#5822,5822,BENZINPUMPEN,O#product_category#0
product_category#5828,5828,THERMOSTATE,O#product_category#0
product_category#5829,5829,BENZINPUMPEN,O#product_category#0
product_category#5830,5830,THERMOSTATE+SCHALTER,O#product_category#0
product_category#5831,5831,THERMOSTATE+SCHALTER,O#product_category#0
product_category#5832,5832,THERMOSTATE+SCHALTER,O#product_category#0
product_category#5833,5833,THERMOSTATE+SCHALTER,O#product_category#0
product_category#5834,5834,THERMOSTATE+SCHALTER,O#product_category#0
product_category#5835,5835,THERMOSTATE+SCHALTER,O#product_category#0
product_category#5836,5836,THERMOSTATE+SCHALTER,O#product_category#0
product_category#5837,5837,THERMOSTATE+SCHALTER,O#product_category#0
product_category#5838,5838,THERMOSTATE+SCHALTER,O#product_category#0
product_category#5839,5839,THERMOSTATE+SCHALTER,O#product_category#0
product_category#5840,5840,THERMOSTATE+SCHALTER,O#product_category#0
product_category#5841,5841,THERMOSTATE+SCHALTER,O#product_category#0
product_category#5842,5842,THERMOSTATE+SCHALTER,O#product_category#0
product_category#5843,5843,THERMOSTATE+SCHALTER,O#product_category#0
product_category#5846,5846,THERMOSTATE,O#product_category#0
product_category#5847,5847,THERMOSTATE,O#product_category#0
product_category#5849,5849,THERMOSTATE+SCHALTER,O#product_category#0
product_category#5850,5850,TACHOWELLEN,O#product_category#0
product_category#5851,5851,TACHOWELLEN,O#product_category#0
product_category#5852,5852,TACHOWELLEN,O#product_category#0
product_category#5853,5853,TACHOWELLEN,O#product_category#0
product_category#5854,5854,TACHOWELLEN,O#product_category#0
product_category#5856,5856,TACHOWELLEN,O#product_category#0
product_category#5869,5869,TACHOWELLEN,O#product_category#0
product_category#5870,5870,FREIE WARENGRUPPE,O#product_category#0
product_category#5900,5900,SENSOREN,O#product_category#0
product_category#5901,5901,MOTORSENSOREN,O#product_category#0
product_category#5902,5902,MOTORSENSOREN,O#product_category#0
product_category#5903,5903,MOTORSENSOREN,O#product_category#0
product_category#5904,5904,MOTORSENSOREN,O#product_category#0
product_category#5905,5905,MOTORSENSOREN,O#product_category#0
product_category#5906,5906,MOTORSENSOREN,O#product_category#0
product_category#5907,5907,MOTORSENSOREN,O#product_category#0
product_category#5908,5908,MOTORSENSOREN,O#product_category#0
product_category#5909,5909,MOTORSENSOREN,O#product_category#0
product_category#5910,5910,MOTORSENSOREN,O#product_category#0
product_category#5911,5911,MOTORSENSOREN,O#product_category#0
product_category#5912,5912,MOTORSENSOREN,O#product_category#0
product_category#5913,5913,MOTORSENSOREN,O#product_category#0
product_category#5916,5916,MOTORSENSOREN,O#product_category#0
product_category#5918,5918,SENSOREN,O#product_category#0
product_category#5921,5921,MOTORSENSOREN,O#product_category#0
product_category#5922,5922,MOTORSENSOREN,O#product_category#0
product_category#5923,5923,SENSOREN,O#product_category#0
product_category#5925,5925,SENSOREN,O#product_category#0
product_category#5949,5949,MOTORSENSOREN SONST.,O#product_category#0
product_category#5950,5950,AGR-VENTILE,O#product_category#0
product_category#5952,5952,AGR-VENTILE,O#product_category#0
product_category#5953,5953,AGR-VENTILE,O#product_category#0
product_category#5954,5954,AGR-TEIL,O#product_category#0
product_category#5956,5956,AGR-VENTILE,O#product_category#0
product_category#5957,5957,AGR-VENTILE,O#product_category#0
product_category#6412,6412,ALKAR ARTIKEL,O#product_category#0
product_category#5960,5960,AGR-VENTILE,O#product_category#0
product_category#5961,5961,AGR-VENTILE,O#product_category#0
product_category#5962,5962,AGR-VENTILE,O#product_category#0
product_category#5964,5964,AGR-VENTILE,O#product_category#0
product_category#6000,6000,REP. BLECHE,O#product_category#0
product_category#6001,6001,REP. BLECHE,O#product_category#0
product_category#6003,6003,REP. BLECHE,O#product_category#0
product_category#6004,6004,REP. BLECHE,O#product_category#0
product_category#6099,6099,REP. BLECHE,O#product_category#0
product_category#6100,6100,KAROSSERIETEILE,O#product_category#0
product_category#6101,6101,KAROSSERIETEILE,O#product_category#0
product_category#6102,6102,KAROSSERIETEILE,O#product_category#0
product_category#6103,6103,KAROSSERIET.+WAERMET.,O#product_category#0
product_category#6104,6104,KAROSSERIETEILE,O#product_category#0
product_category#6107,6107,KAROSSERIETEILE,O#product_category#0
product_category#6108,6108,KAROSSERIETEILE,O#product_category#0
product_category#6109,6109,KAROSSERIETEILE,O#product_category#0
product_category#6112,6112,KAROSSERIETEILE,O#product_category#0
product_category#6130,6130,TUERSCHLOESSER,O#product_category#0
product_category#6131,6131,TUERSCHLOESSER / ZUENDSCHLOESS,O#product_category#0
product_category#6132,6132,TUERSCHLOESSER,O#product_category#0
product_category#6133,6133,TUERSCHLOESSER,O#product_category#0
product_category#6138,6138,TUERSCHLOESSER,O#product_category#0
product_category#6180,6180,KAROSSERIETEILE,O#product_category#0
product_category#6199,6199,KAROSSERIETEILE,O#product_category#0
product_category#6200,6200,KRAFTSTOFFTANK,O#product_category#0
product_category#6201,6201,KRAFTSTOFFTANK,O#product_category#0
product_category#6203,6203,TANK U. OELWANNEN,O#product_category#0
product_category#6204,6204,KRAFTSTOFFTANK,O#product_category#0
product_category#6205,6205,KRAFTSTOFFTANK,O#product_category#0
product_category#6207,6207,KRAFTSTOFFTANK,O#product_category#0
product_category#6210,6210,KRAFTSTOFFTANK,O#product_category#0
product_category#6299,6299,KRAFTSTOFFTANK,O#product_category#0
product_category#6300,6300,STOSSSTANGEN,O#product_category#0
product_category#6301,6301,STOSSSTANGEN,O#product_category#0
product_category#6302,6302,STOSSSTANGEN,O#product_category#0
product_category#6304,6304,STOSSSTANGEN,O#product_category#0
product_category#6309,6309,STOSSSTANGEN,O#product_category#0
product_category#6310,6310,STOSSSTA.+BEF.TECHNIK,O#product_category#0
product_category#6391,6391,SACHS-FETT,O#product_category#0
product_category#6399,6399,STOSSSTANGEN,O#product_category#0
product_category#6400,6400,SPIEGEL,O#product_category#0
product_category#6401,6401,SPIEGEL,O#product_category#0
product_category#6402,6402,SPIEGEL,O#product_category#0
product_category#6403,6403,SPIEGEL,O#product_category#0
product_category#6404,6404,SPIEGEL,O#product_category#0
product_category#6405,6405,SPIEGEL,O#product_category#0
product_category#6406,6406,SPIEGEL,O#product_category#0
product_category#6407,6407,SPIEGEL,O#product_category#0
product_category#6408,6408,SPIEGEL,O#product_category#0
product_category#6409,6409,SPIEGEL,O#product_category#0
product_category#6410,6410,SPIEGEL,O#product_category#0
product_category#6499,6499,SPIEGEL,O#product_category#0
product_category#6500,6500,AUTOGLAS,O#product_category#0
product_category#6501,6501,AUTOGLAS,O#product_category#0
product_category#6502,6502,AUTOGLAS,O#product_category#0
product_category#6503,6503,AUTOGLAS,O#product_category#0
product_category#6504,6504,AUTOGLAS,O#product_category#0
product_category#6505,6505,AUTOGLAS WSS,O#product_category#0
product_category#6506,6506,AUTOGLAS,O#product_category#0
product_category#6507,6507,AUTOGLAS,O#product_category#0
product_category#6510,6510,AUTOGLAS HECKSCHEIBE,O#product_category#0
product_category#6515,6515,AUTOGLAS HECKSCHEIBE,O#product_category#0
product_category#6516,6516,AUTOGLAS HECKSCHEIBE,O#product_category#0
product_category#6517,6517,AUTOGLAS HECKSCHEIBE,O#product_category#0
product_category#6520,6520,AUTOGLAS SEITENSCHE.,O#product_category#0
product_category#6525,6525,AUTOGLAS SEITENSCHE.,O#product_category#0
product_category#6526,6526,AUTOGLAS SEITENSCHE.,O#product_category#0
product_category#6527,6527,AUTOGLAS SEITENSCHE.,O#product_category#0
product_category#6530,6530,AUTOGLAS ZUBEHOER,O#product_category#0
product_category#6535,6535,AUTOGLAS ZUBEHOER,O#product_category#0
product_category#6536,6536,AUTOGLAS ZUBEHOER,O#product_category#0
product_category#6537,6537,AUTOGLAS ZUBEHOER,O#product_category#0
product_category#6599,6599,AUTOGLAS,O#product_category#0
product_category#6600,6600,INNENAUSSTATTUNG,O#product_category#0
product_category#6601,6601,FENSTERHEBER,O#product_category#0
product_category#6602,6602,FENSTERHEBER,O#product_category#0
product_category#6603,6603,FENSTERHEBER,O#product_category#0
product_category#6604,6604,FENSTERHEBER,O#product_category#0
product_category#6605,6605,FENSTERHEBER,O#product_category#0
product_category#6606,6606,FENSTERHEBER,O#product_category#0
product_category#6607,6607,FENSTERHEBER,O#product_category#0
product_category#6608,6608,FENSTERHEBER,O#product_category#0
product_category#6610,6610,FENSTERHEBER,O#product_category#0
product_category#6612,6612,FENSTERHEBER,O#product_category#0
product_category#6633,6633,FENSTERHEBER,O#product_category#0
product_category#6666,6666,VORKALTULATION,O#product_category#0
product_category#6700,6700,FREIE WARENGRUPPE,O#product_category#0
product_category#6800,6800,FREIE WARENGRUPPE,O#product_category#0
product_category#6900,6900,FREIE WARENGRUPPE,O#product_category#0
product_category#7000,7000,WERKSTATTEINRICHTUNG,O#product_category#0
product_category#7001,7001,WERKSTATTEINRICHTUNG,O#product_category#0
product_category#7002,7002,WERKSTATTEINRICHTUNG,O#product_category#0
product_category#7003,7003,WERKSTATTEINRICHTUNG,O#product_category#0
product_category#7004,7004,WERKSTATTEINRICHTUNG,O#product_category#0
product_category#7005,7005,WERKSTATTEINRICHTUNG,O#product_category#0
product_category#7006,7006,WERKSTATTEINRICHTUNG,O#product_category#0
product_category#7007,7007,WERKSTATTEINRICHTUNG,O#product_category#0
product_category#7008,7008,WERKSTATTEINRICHTUNG,O#product_category#0
product_category#7009,7009,WERKSTATTEINRICHTUNG,O#product_category#0
product_category#7010,7010,WERKSTATTEINRICHTUNG,O#product_category#0
product_category#7011,7011,WERKSTATTEINRICHTUNG,O#product_category#0
product_category#7012,7012,WERKSTATTEINRICHTUNG,O#product_category#0
product_category#7013,7013,WERKSTATTEINRICHTUNG,O#product_category#0
product_category#7014,7014,WERKSTATTEINRICHTUNG,O#product_category#0
product_category#7015,7015,WERKSTATTEINRICHTUNG,O#product_category#0
product_category#7016,7016,WERKSTATTEINRICHTUNG,O#product_category#0
product_category#7017,7017,WERKSTATTEINRICHTUNG,O#product_category#0
product_category#7018,7018,WERKSTATTEINRICHTUNG,O#product_category#0
product_category#7019,7019,WERKSTATTEINRICHTUNG,O#product_category#0
product_category#7020,7020,WERKSTATTEINRICHTUNG,O#product_category#0
product_category#7021,7021,WERKSTATTEINRICHTUNG,O#product_category#0
product_category#7022,7022,WERKSTATTEINRICHTUNG,O#product_category#0
product_category#7023,7023,WERKSTATTEINRICHTUNG,O#product_category#0
product_category#7024,7024,WERKSTATTEINRICHTUNG,O#product_category#0
product_category#7025,7025,WERKSTATTEINRICHTUNG,O#product_category#0
product_category#7026,7026,WERKSTATTEINRICHTUNG,O#product_category#0
product_category#7027,7027,WERKSTATTEINRICHTUNG,O#product_category#0
product_category#7028,7028,WERKSTATTEINRICHTUNG,O#product_category#0
product_category#7029,7029,WERKSTATTEINRICHTUNG,O#product_category#0
product_category#7030,7030,WERKSTATTEINRICHTUNG,O#product_category#0
product_category#7031,7031,WERKSTATTEINRICHTUNG,O#product_category#0
product_category#7032,7032,WERKSTATTEINRICHTUNG,O#product_category#0
product_category#7033,7033,WERKSTATTEINRICHTUNG,O#product_category#0
product_category#7034,7034,WERKSTATTEINRICHTUNG,O#product_category#0
product_category#7035,7035,WERKSTATTEINRICHTUNG,O#product_category#0
product_category#7036,7036,WERKSTATTEINRICHTUNG,O#product_category#0
product_category#7037,7037,WERKSTATTEINRICHTUNG,O#product_category#0
product_category#7038,7038,WERKSTATTEINRICHTUNG,O#product_category#0
product_category#7039,7039,WERKSTATTEINRICHTUNG,O#product_category#0
product_category#7040,7040,WERKSTATTEINRICHTUNG,O#product_category#0
product_category#7041,7041,WERKSTATTEINRICHTUNG,O#product_category#0
product_category#7042,7042,WERKSTATTEINRICHTUNG,O#product_category#0
product_category#7044,7044,WERKSTATTEINRICHTUNG,O#product_category#0
product_category#7045,7045,WERKSTATTEINRICHTUNG,O#product_category#0
product_category#7046,7046,WERKSTATTAUSRUESTUNG,O#product_category#0
product_category#7047,7047,WERKSTATTEINRICHTUNG,O#product_category#0
product_category#7048,7048,WERKSTATTEINRICHTUNG ZVG,O#product_category#0
product_category#7049,7049,WERKSTATTEINRICHTUNG,O#product_category#0
product_category#7050,7050,LADEGERAETE,O#product_category#0
product_category#7051,7051,LADEGERAETE,O#product_category#0
product_category#7052,7052,LADEGERAETE,O#product_category#0
product_category#7053,7053,LADEGERAETE,O#product_category#0
product_category#7054,7054,LADEGERAETE,O#product_category#0
product_category#7055,7055,LADEGERAETE,O#product_category#0
product_category#7057,7057,LADEGERAETE,O#product_category#0
product_category#7058,7058,LADEGERAETE,O#product_category#0
product_category#7059,7059,LADEGERAETE,O#product_category#0
product_category#7060,7060,LADEGERAETE,O#product_category#0
product_category#7061,7061,LADEGERAETE,O#product_category#0
product_category#7062,7062,LADEGERAETE,O#product_category#0
product_category#7063,7063,LADEGERAETE,O#product_category#0
product_category#7064,7064,WERKSTATTEINRICHTUNG,O#product_category#0
product_category#7065,7065,WERKSTATTEINRICHTUNG,O#product_category#0
product_category#7066,7066,WERKSTATTEINRICHTUNG,O#product_category#0
product_category#7070,7070,E-TEI.F.WERKS.-EINR.,O#product_category#0
product_category#7090,7090,WERKSTATTEINRICHTUNG,O#product_category#0
product_category#7091,7091,WERKSTATTEINRICHTUNG,O#product_category#0
product_category#7092,7092,WERKSTATTEINRICHTUNG,O#product_category#0
product_category#7093,7093,WERKSTATTEINRICHTUNG,O#product_category#0
product_category#7094,7094,WERKSTATTEINRICHTUNG,O#product_category#0
product_category#7095,7095,WERKSTATTEINRICHTUNG,O#product_category#0
product_category#7100,7100,WERKZEUGE,O#product_category#0
product_category#7101,7101,WERKZEUGE,O#product_category#0
product_category#7102,7102,WERKZEUGE,O#product_category#0
product_category#7103,7103,WERKZEUGE,O#product_category#0
product_category#7104,7104,WERKZEUGE,O#product_category#0
product_category#7105,7105,WERKZEUGE,O#product_category#0
product_category#7106,7106,WERKZEUGE SAUER,O#product_category#0
product_category#7107,7107,WERKZEUGE,O#product_category#0
product_category#7108,7108,WERKZEUGE,O#product_category#0
product_category#7109,7109,WERKZEUGE,O#product_category#0
product_category#7110,7110,WERKZEUGE,O#product_category#0
product_category#7111,7111,WERKZEUGE,O#product_category#0
product_category#7112,7112,WERKZEUGE,O#product_category#0
product_category#7113,7113,WERKZEUGE,O#product_category#0
product_category#7114,7114,WERKZEUGE,O#product_category#0
product_category#7115,7115,WERKZEUGE,O#product_category#0
product_category#7116,7116,WERKZEUGE,O#product_category#0
product_category#7117,7117,WERKZEUGE,O#product_category#0
product_category#7118,7118,WERKZEUGE,O#product_category#0
product_category#7119,7119,WERKZEUGE,O#product_category#0
product_category#7120,7120,WERKZEUGE,O#product_category#0
product_category#7121,7121,WERKZEUGE,O#product_category#0
product_category#7122,7122,WERKZEUGE,O#product_category#0
product_category#7123,7123,WERKZEUGE,O#product_category#0
product_category#7124,7124,WERKZEUGE,O#product_category#0
product_category#7125,7125,WERKZEUGE,O#product_category#0
product_category#7126,7126,WERKZEUGE,O#product_category#0
product_category#7127,7127,WERKZEUGE,O#product_category#0
product_category#7128,7128,WERKZEUGE,O#product_category#0
product_category#7129,7129,WERKZEUGE,O#product_category#0
product_category#7130,7130,WERKZEUGE,O#product_category#0
product_category#7131,7131,WERKZEUGE,O#product_category#0
product_category#7132,7132,WERKZEUGE,O#product_category#0
product_category#7133,7133,WERKZEUGE TEXTAR,O#product_category#0
product_category#7134,7134,WERKZEUGE,O#product_category#0
product_category#7135,7135,WERKZEUGE,O#product_category#0
product_category#7136,7136,WERKZEUGE,O#product_category#0
product_category#7137,7137,WERKZEUGE,O#product_category#0
product_category#7138,7138,WERKZEUGE,O#product_category#0
product_category#7139,7139,WERKZEUGE,O#product_category#0
product_category#7140,7140,WERKZEUGE,O#product_category#0
product_category#7141,7141,WERKZEUGE,O#product_category#0
product_category#7142,7142,WERKZEUGE,O#product_category#0
product_category#7143,7143,WERKZEUGE,O#product_category#0
product_category#7144,7144,WERKZEUGE,O#product_category#0
product_category#7145,7145,WERKZEUGE,O#product_category#0
product_category#7146,7146,WERKZEUGE,O#product_category#0
product_category#7147,7147,WERKZEUGE,O#product_category#0
product_category#7148,7148,WERKZEUGE,O#product_category#0
product_category#7149,7149,WERKZEUGE,O#product_category#0
product_category#7150,7150,WERKZEUGE,O#product_category#0
product_category#7151,7151,WERKZEUGE,O#product_category#0
product_category#7152,7152,WERKZEUGE,O#product_category#0
product_category#7153,7153,WERKZEUGE,O#product_category#0
product_category#7154,7154,WERKZEUGE,O#product_category#0
product_category#7155,7155,WERKZEUGE KS,O#product_category#0
product_category#7156,7156,WERKZEUGE,O#product_category#0
product_category#7157,7157,WERKZEUGE,O#product_category#0
product_category#7158,7158,WERKZEUGE,O#product_category#0
product_category#7159,7159,WERKZEUGE,O#product_category#0
product_category#7160,7160,WERKZEUGE,O#product_category#0
product_category#7161,7161,WERKZEUGE,O#product_category#0
product_category#7162,7162,WERKZEUGE,O#product_category#0
product_category#7163,7163,WERKZEUGE SONSTIGE,O#product_category#0
product_category#7164,7164,WERKZEUGE,O#product_category#0
product_category#7165,7165,WERKZEUGE,O#product_category#0
product_category#7166,7166,WERKZEUGE,O#product_category#0
product_category#7167,7167,WERKZEUGE,O#product_category#0
product_category#7168,7168,WERKZEUGE,O#product_category#0
product_category#7169,7169,WERKZEUGE SONSTIGE,O#product_category#0
product_category#7170,7170,STARTHILFEKABEL,O#product_category#0
product_category#7171,7171,STARTHILFEKABEL,O#product_category#0
product_category#7172,7172,STARTHILFEKABEL,O#product_category#0
product_category#7173,7173,STARTHILFEKABEL,O#product_category#0
product_category#7174,7174,STARTHILFEKABEL,O#product_category#0
product_category#7175,7175,STARTHILFEKABEL,O#product_category#0
product_category#7176,7176,WERKZEUGE,O#product_category#0
product_category#7177,7177,WERKZEUGE SONSTIGE,O#product_category#0
product_category#7178,7178,WERKZEUGE,O#product_category#0
product_category#7179,7179,WERKZEUGE,O#product_category#0
product_category#7180,7180,WERKZEUGE,O#product_category#0
product_category#7181,7181,WERKZEUGE,O#product_category#0
product_category#7182,7182,WERKZEUGE,O#product_category#0
product_category#7183,7183,WERKZEUGE,O#product_category#0
product_category#7184,7184,WERKZEUGE,O#product_category#0
product_category#7185,7185,WERKZEUGE SONSTIGE,O#product_category#0
product_category#7186,7186,WERKZEUGE,O#product_category#0
product_category#7187,7187,WERKZEUGE,O#product_category#0
product_category#7189,7189,AFUELLGERAETE + ERSATZ,O#product_category#0
product_category#7190,7190,WERKZEUGE SONSTIGE,O#product_category#0
product_category#7191,7191,WERKZEUGE SONSTIGE,O#product_category#0
product_category#7192,7192,WERKZEUGE,O#product_category#0
product_category#7194,7194,WERKZEUGE SONSTIGE,O#product_category#0
product_category#7195,7195,WERKZEUGE SONSTIGE,O#product_category#0
product_category#7196,7196,WERKZEUGE SONSTIGE,O#product_category#0
product_category#7197,7197,WERKZEUGE,O#product_category#0
product_category#7198,7198,WERKZEUGE SONSTIGE,O#product_category#0
product_category#7199,7199,STARTHILFEKABEL,O#product_category#0
product_category#7200,7200,DRUCKLUFT-WERKZEUGE,O#product_category#0
product_category#7201,7201,DRUCKLUFT-WERKZEUGE,O#product_category#0
product_category#7202,7202,DRUCKLUFT-WERKZEUGE,O#product_category#0
product_category#7203,7203,DRUCKLUFT-WERKZEUGE,O#product_category#0
product_category#7204,7204,DRUCKLUFT-WERKZEUGE,O#product_category#0
product_category#7206,7206,DRUCKLUFT-WERKZEUGE,O#product_category#0
product_category#7207,7207,DRUCKLUFT-WERKZEUGE,O#product_category#0
product_category#7208,7208,DRUCKLUFT-WERKZEUGE,O#product_category#0
product_category#7209,7209,DRUCKLUFTWERKZEUGE,O#product_category#0
product_category#7249,7249,DRUCKLUFT-WERKZEUGE,O#product_category#0
product_category#7250,7250,KOMPRESSOREN,O#product_category#0
product_category#7251,7251,KOMPRESSOREN,O#product_category#0
product_category#7252,7252,KOMPRESSOREN,O#product_category#0
product_category#7299,7299,KOMPRESSOREN,O#product_category#0
product_category#7300,7300,ELEKTROWERKZEUGE,O#product_category#0
product_category#7301,7301,ELEKTROWERKZEUGE,O#product_category#0
product_category#7302,7302,ELEKTROWERKZEUGE,O#product_category#0
product_category#7303,7303,ELEKTROWERKZEUGE,O#product_category#0
product_category#7399,7399,ELEKTROWERKZEUGE,O#product_category#0
product_category#7400,7400,SCHLEIFMITTEL,O#product_category#0
product_category#7401,7401,SCHLEIFMITTEL,O#product_category#0
product_category#7402,7402,SCHLEIFMITTEL,O#product_category#0
product_category#7403,7403,SCHLEIFMITTEL,O#product_category#0
product_category#7404,7404,SCHLEIFMITTEL,O#product_category#0
product_category#7405,7405,SCHLEIFMITTEL,O#product_category#0
product_category#7406,7406,SCHLEIFMITTEL,O#product_category#0
product_category#7407,7407,SCHLEIFMITTEL,O#product_category#0
product_category#7415,7415,SCHLEIFMITTEL,O#product_category#0
product_category#7499,7499,SCHLEIFMITTEL,O#product_category#0
product_category#7500,7500,HANDWASCHPASTE,O#product_category#0
product_category#7501,7501,HANDWASCHPASTE,O#product_category#0
product_category#7502,7502,HANDWASCHPASTE,O#product_category#0
product_category#7503,7503,HANDWASCHPASTE,O#product_category#0
product_category#7504,7504,HANDWASCHPASTE,O#product_category#0
product_category#7505,7505,HANDWASCHPASTE,O#product_category#0
product_category#7506,7506,HANDWASCHPASTE,O#product_category#0
product_category#7507,7507,HANDWASCHPASTE,O#product_category#0
product_category#7508,7508,HANDWASCHPASTE,O#product_category#0
product_category#7519,7519,HANDWASCHPASTE,O#product_category#0
product_category#7520,7520,PUTZTUECHER,O#product_category#0
product_category#7521,7521,PUTZTUECHER,O#product_category#0
product_category#7522,7522,PUTZTUECHER,O#product_category#0
product_category#7523,7523,PUTZTUECHER,O#product_category#0
product_category#7524,7524,PUTZTUECHER,O#product_category#0
product_category#7525,7525,PUTZTUECHER,O#product_category#0
product_category#7539,7539,PUTZTUECHER,O#product_category#0
product_category#7540,7540,ARBEITSKLEIDUNG,O#product_category#0
product_category#7541,7541,ARBEITSKLEIDUNG,O#product_category#0
product_category#7542,7542,ARBEITSKLEIDUNG,O#product_category#0
product_category#7543,7543,ARBEITSKLEIDUNG,O#product_category#0
product_category#7544,7544,ARBEITSKLEIDUNG,O#product_category#0
product_category#7545,7545,ARBEITSKLEIDUNG,O#product_category#0
product_category#7546,7546,ARBEITSKLEIDUNG,O#product_category#0
product_category#7547,7547,ARBEITSKLEIDUNG,O#product_category#0
product_category#7569,7569,ARBEITSKLEIDUNG,O#product_category#0
product_category#7570,7570,FREIE WARENGRUPPE,O#product_category#0
product_category#7600,7600,SCHWEISSZUBEHOER,O#product_category#0
product_category#7601,7601,SCHWEISSZUBEHOER,O#product_category#0
product_category#7602,7602,SCHWEISSZUBEHOER,O#product_category#0
product_category#7603,7603,SCHWEISSZUBEHOER,O#product_category#0
product_category#7604,7604,SCHWEISSZUBEHOER,O#product_category#0
product_category#7605,7605,SCHWEISSZUBEHOER,O#product_category#0
product_category#7606,7606,SCHWEISSTECHNIK,O#product_category#0
product_category#7619,7619,SCHWEISSZUBEHOER,O#product_category#0
product_category#7620,7620,GAS,O#product_category#0
product_category#7621,7621,GAS,O#product_category#0
product_category#7622,7622,GAS,O#product_category#0
product_category#7629,7629,GAS,O#product_category#0
product_category#7700,7700,INDUSTRIETECHNIK,O#product_category#0
product_category#7701,7701,INDUSTRIETECHNIK,O#product_category#0
product_category#7740,7740,HYDRAULIKTEILE,O#product_category#0
product_category#7741,7741,HYDRAULIKTEILE,O#product_category#0
product_category#7749,7749,HYDRAULIKTEILE,O#product_category#0
product_category#7752,7752,SCHLAEUCHE,O#product_category#0
product_category#7760,7760,SCHLAEUCHE,O#product_category#0
product_category#7761,7761,SCHLAEUCHE,O#product_category#0
product_category#7762,7762,SCHLAEUCHE,O#product_category#0
product_category#7763,7763,SCHLAEUCHE,O#product_category#0
product_category#7764,7764,SCHLAEUCHE,O#product_category#0
product_category#7765,7765,SCHLAEUCHE,O#product_category#0
product_category#7766,7766,SCHLAEUCHE,O#product_category#0
product_category#7767,7767,SCHLAEUCHE,O#product_category#0
product_category#7768,7768,SCHLAEUCHE,O#product_category#0
product_category#7769,7769,SCHLAEUCHE,O#product_category#0
product_category#7771,7771,VORWAERMSCHLAUCH,O#product_category#0
product_category#7772,7772,VORWAERMSCHLAUCH,O#product_category#0
product_category#7773,7773,VORWAERMSCHLAUCH,O#product_category#0
product_category#7780,7780,LADELUFTSCHLAEUCHE,O#product_category#0
product_category#7800,7800,KUGELLAGER,O#product_category#0
product_category#7801,7801,KUGELLAGER,O#product_category#0
product_category#7802,7802,KUGELLAGER FAG,O#product_category#0
product_category#7803,7803,KUGELLAGER SKF,O#product_category#0
product_category#7899,7899,KUGELLAGER SONST.,O#product_category#0
product_category#7900,7900,SCHRAUBEN+NORMTEILE,O#product_category#0
product_category#7901,7901,SCHRAUBEN+NORMTEILE,O#product_category#0
product_category#7902,7902,SCHRAUBEN+NORMTEILE,O#product_category#0
product_category#7904,7904,SCHRAUBEN+NORMTEILE,O#product_category#0
product_category#7905,7905,SCHRAUBEN+NORMTEILE,O#product_category#0
product_category#7906,7906,SCHRAUBEN+NORMTEILE,O#product_category#0
product_category#7907,7907,SCHRAUBEN+NORMTEILE,O#product_category#0
product_category#7908,7908,SCHRAUBEN+NORMTEILE,O#product_category#0
product_category#7909,7909,SCHRAUBEN+NORMTEILE,O#product_category#0
product_category#7910,7910,SCHRAUBEN+NORMTEILE,O#product_category#0
product_category#7911,7911,SCHRAUBEN+NORMTEILE,O#product_category#0
product_category#7912,7912,SCHRAUBEN+NORMTEILE,O#product_category#0
product_category#7913,7913,SCHRAUBEN+NORMTEILE,O#product_category#0
product_category#7914,7914,SCHRAUBEN+NORMTEILE,O#product_category#0
product_category#7915,7915,SCHRAUBEN+NORMTEILE,O#product_category#0
product_category#7916,7916,SCHRAUBEN+NORMTEILE,O#product_category#0
product_category#7917,7917,SCHRAUBEN+NORMTEILE,O#product_category#0
product_category#7919,7919,SCHRAUBEN+NORMTEILE,O#product_category#0
product_category#7999,7999,SCHRAUBEN+NORMTEILE,O#product_category#0
product_category#8000,8000,SCHALLDAE. AUDI,O#product_category#0
product_category#8001,8001,SCHALLDAE. BMW,O#product_category#0
product_category#8002,8002,SCHALLDAE. DAIMLER-CH.,O#product_category#0
product_category#8003,8003,SCHALLDAE. FORD,O#product_category#0
product_category#8004,8004,SCHALLDAEM. OPEL,O#product_category#0
product_category#8005,8005,SCHALLDAE. PORSCHE,O#product_category#0
product_category#8006,8006,SCHALLDAE. VW,O#product_category#0
product_category#8010,8010,SCHALLDAE. CITROEN,O#product_category#0
product_category#8011,8011,SCHALLDAE. PEUGEOT,O#product_category#0
product_category#8012,8012,SCHALLDAE. RENAULT,O#product_category#0
product_category#8020,8020,SCHALLDAE. ALFA,O#product_category#0
product_category#8021,8021,SCHALLDAE. FIAT,O#product_category#0
product_category#8022,8022,SCHALLDAE. LADA,O#product_category#0
product_category#8023,8023,SCHALLDAE. LANCIA-AUTO.,O#product_category#0
product_category#8024,8024,SCHALLDAE. ROVER,O#product_category#0
product_category#8025,8025,SCHALLDAE. SAAB,O#product_category#0
product_category#8026,8026,SCHALLDAE. SEAT,O#product_category#0
product_category#8027,8027,SCHALLDAE. SKODA,O#product_category#0
product_category#8028,8028,SCHALLDAE. VOLVO DAF,O#product_category#0
product_category#8030,8030,SCHALLDAE. DAIHATSU,O#product_category#0
product_category#8031,8031,SCHALLDAE. HONDA,O#product_category#0
product_category#8032,8032,SCHALLDAE. ISUZU,O#product_category#0
product_category#8033,8033,SCHALLDAE. MAZDA,O#product_category#0
product_category#8034,8034,SCHALLDAE. MITSUBISHI,O#product_category#0
product_category#8035,8035,SCHALLDAE. NISSAN,O#product_category#0
product_category#8036,8036,SCHALLDAE. SUBARU,O#product_category#0
product_category#8037,8037,SCHALLDAE. SUZUKI,O#product_category#0
product_category#8038,8038,SCHALLDAE. TOYOTA,O#product_category#0
product_category#8040,8040,SCHALLDAE. DAEWOO,O#product_category#0
product_category#8041,8041,SCHALLDAE. KIA,O#product_category#0
product_category#8042,8042,SCHALLDAEM. OPEL,O#product_category#0
product_category#8043,8043,SCHALLDAE. HYUNDAI,O#product_category#0
product_category#8050,8050,SCHALLDAE. USA,O#product_category#0
product_category#8060,8060,SCHALLDAE. SONSTIGE,O#product_category#0
product_category#8065,8065,ROHRE ALLGEMEIN,O#product_category#0
product_category#8070,8070,AUSPUFFBEFEST.-TEILE,O#product_category#0
product_category#8099,8099,BLUE PRINT I. ARBEIT,O#product_category#0
product_category#8100,8100,SCHALLDAE. AUDI,O#product_category#0
product_category#8101,8101,SCHALLDAE. BMW,O#product_category#0
product_category#8102,8102,SCHALLDAE. DAIMLER-CH.,O#product_category#0
product_category#8103,8103,SCHALLDAE. FORD,O#product_category#0
product_category#8104,8104,SCHALLDAEM. OPEL,O#product_category#0
product_category#8105,8105,SCHALLDAE. PORSCHE,O#product_category#0
product_category#8106,8106,SCHALLDAE. VW,O#product_category#0
product_category#8110,8110,SCHALLDAE. CITROEN,O#product_category#0
product_category#8111,8111,SCHALLDAE. PEUGEOT,O#product_category#0
product_category#8112,8112,SCHALLDAE. RENAULT,O#product_category#0
product_category#8120,8120,SCHALLDAE. ALFA,O#product_category#0
product_category#8121,8121,SCHALLDAE. FIAT,O#product_category#0
product_category#8122,8122,SCHALLDAE. LADA,O#product_category#0
product_category#8123,8123,SCHALLDAE. LANCIA-AUT.,O#product_category#0
product_category#8124,8124,SCHALLDAE. ROVER,O#product_category#0
product_category#8125,8125,SCHALLDAE. SAAB,O#product_category#0
product_category#8126,8126,SCHALLDAE. SEAT,O#product_category#0
product_category#8127,8127,SCHALLDAE. SKODA,O#product_category#0
product_category#8128,8128,SCHALLDAE. VOLVO DAF,O#product_category#0
product_category#8130,8130,SCHALLDAE. DAIHATSU,O#product_category#0
product_category#8131,8131,SCHALLDAE. HONDA,O#product_category#0
product_category#8132,8132,SCHALLDAE. ISUZU,O#product_category#0
product_category#8133,8133,SCHALLDAE. MAZDA,O#product_category#0
product_category#8134,8134,SCHALLDAE. MITSUBISHI,O#product_category#0
product_category#8135,8135,SCHALLDAE. NISSAN,O#product_category#0
product_category#8136,8136,SCHALLDAE. SUBARU,O#product_category#0
product_category#8137,8137,SCHALLDAE. SUZUKI,O#product_category#0
product_category#8138,8138,SCHALLDAE. TOYOTA,O#product_category#0
product_category#8140,8140,SCHALLDAE. DAEWOO,O#product_category#0
product_category#8141,8141,SCHALLDAE. KIA,O#product_category#0
product_category#8142,8142,SCHALLDAE.PROTON,O#product_category#0
product_category#8143,8143,SCHALLDAE. HYNDAI,O#product_category#0
product_category#8150,8150,SCHALLDAE. USA,O#product_category#0
product_category#8160,8160,SCHALLDAE. SONSTIGE,O#product_category#0
product_category#8165,8165,ROHRE ALLGEMEIN,O#product_category#0
product_category#8170,8170,AUSPUFFBEFEST.-TEILE,O#product_category#0
product_category#8200,8200,SCHALLDAE. AUDI,O#product_category#0
product_category#8201,8201,SCHALLDAE. BMW,O#product_category#0
product_category#8202,8202,SCHALLDAE. DAIMLER-CH.,O#product_category#0
product_category#8203,8203,SCHALLDAE. FORD,O#product_category#0
product_category#8204,8204,SCHALLDAEM. OPEL,O#product_category#0
product_category#8205,8205,SCHALLDAE. PORSCHE,O#product_category#0
product_category#8206,8206,SCHALLDAE. VW,O#product_category#0
product_category#8210,8210,SCHALLDAE. CITROEN,O#product_category#0
product_category#8211,8211,SCHALLDAE. PEUGEOT,O#product_category#0
product_category#8212,8212,SCHALLDAE. RENAULT,O#product_category#0
product_category#8220,8220,SCHALLDAE. ALFA,O#product_category#0
product_category#8221,8221,SCHALLDAE. FIAT,O#product_category#0
product_category#8222,8222,SCHALLDAE. LADA,O#product_category#0
product_category#8223,8223,SCHALLDAE. LANCIA-AUT.,O#product_category#0
product_category#8226,8226,SCHALLDAE. SEAT,O#product_category#0
product_category#8227,8227,SCHALLDAE. SKODA,O#product_category#0
product_category#8230,8230,SCHALLDAE. DAIHATSU,O#product_category#0
product_category#8231,8231,SCHALLDAE. HONDA,O#product_category#0
product_category#8232,8232,SCHALLDAE. ISUZU,O#product_category#0
product_category#8235,8235,SCHALLDAE. NISSAN,O#product_category#0
product_category#8236,8236,SCHALLDAE. SUBARU,O#product_category#0
product_category#8237,8237,SCHALLDAE. SUZUKI,O#product_category#0
product_category#8238,8238,SCHALLDAE. TOYOTA,O#product_category#0
product_category#8243,8243,SCHALLDAE. HYNDAI,O#product_category#0
product_category#8260,8260,SCHALLDAE. SONSTIGE,O#product_category#0
product_category#8265,8265,ROHRE ALLGEMEIN,O#product_category#0
product_category#8270,8270,AUSPUFFBEFEST.-TEILE,O#product_category#0
product_category#8290,8290,KALTLAUFRE./M.-M.-S.,O#product_category#0
product_category#8300,8300,SCHALLDAE. AUDI,O#product_category#0
product_category#8301,8301,SCHALLDAE. BMW,O#product_category#0
product_category#8302,8302,SCHALLDAE. DAIMLER-CH.,O#product_category#0
product_category#8303,8303,SCHALLDAE. FORD,O#product_category#0
product_category#8304,8304,SCHALLDAEM. OPEL,O#product_category#0
product_category#8306,8306,SCHALLDAE. VW,O#product_category#0
product_category#8310,8310,SCHALLDAE. CITROEN,O#product_category#0
product_category#8311,8311,SCHALLDAE. PEUGEOT,O#product_category#0
product_category#8312,8312,SCHALLDAE. RENAULT,O#product_category#0
product_category#8326,8326,SCHALLDAE. SEAT,O#product_category#0
product_category#8327,8327,SCHALLDAE. SKODA,O#product_category#0
product_category#8360,8360,SCHALLDAE. SONSTIGE,O#product_category#0
product_category#8365,8365,ROHRE ALLGEMEIN,O#product_category#0
product_category#8370,8370,AUSPUFFBEFEST.-TEILE,O#product_category#0
product_category#8380,8380,SCHALLDAEMPFER,O#product_category#0
product_category#8400,8400,SCHALLDAE. AUDI,O#product_category#0
product_category#8401,8401,SCHALLDAE. BMW,O#product_category#0
product_category#8402,8402,SCHALLDAE. DAIMLER-CH.,O#product_category#0
product_category#8403,8403,SCHALLDAE. FORD,O#product_category#0
product_category#8404,8404,SCHALLDAEM. OPEL,O#product_category#0
product_category#8406,8406,SCHALLDAE. VW,O#product_category#0
product_category#8410,8410,SCHALLDAE. CITROEN,O#product_category#0
product_category#8411,8411,SCHALLDAE. PEUGEOT,O#product_category#0
product_category#8412,8412,SCHALLDAE. RENAULT,O#product_category#0
product_category#8420,8420,SCHALLDAE. ALFA,O#product_category#0
product_category#8421,8421,SCHALLDAE. FIAT,O#product_category#0
product_category#8422,8422,SCHALLDAE. LADA,O#product_category#0
product_category#8424,8424,SCHALLDAE. ROVER,O#product_category#0
product_category#8425,8425,SCHALLDAE. SAAB,O#product_category#0
product_category#8426,8426,SCHALLDAE. SEAT,O#product_category#0
product_category#8427,8427,SCHALLDAE. SKODA,O#product_category#0
product_category#8428,8428,SCHALLDAE. VOLVO DAF,O#product_category#0
product_category#8430,8430,SCHALLDAE. DAIHATSU,O#product_category#0
product_category#8431,8431,SCHALLDAE. HONDA,O#product_category#0
product_category#8432,8432,SCHALLDAE. ISUZU,O#product_category#0
product_category#8433,8433,SCHALLDAE. MAZDA,O#product_category#0
product_category#8434,8434,SCHALLDAE. MITSUBISHI,O#product_category#0
product_category#8435,8435,SCHALLDAE. NISSAN,O#product_category#0
product_category#8436,8436,SCHALLDAE. SUBARU,O#product_category#0
product_category#8437,8437,SCHALLDAE. SUZUKI,O#product_category#0
product_category#8438,8438,SCHALLDAE. TOYOTA,O#product_category#0
product_category#8440,8440,SCHALLDAE. DAEWOO,O#product_category#0
product_category#8443,8443,SCHALLDAE. HYNDAI,O#product_category#0
product_category#8450,8450,SCHALLDAE. USA,O#product_category#0
product_category#8460,8460,SCHALLDAE. SONSTIGE,O#product_category#0
product_category#8470,8470,AUSPUFFBEFEST.-TEILE,O#product_category#0
product_category#8500,8500,SCHALLDAE. AUDI,O#product_category#0
product_category#8501,8501,SCHALLDAE. BMW,O#product_category#0
product_category#8502,8502,SCHALLDAE. DAIMLER-CH.,O#product_category#0
product_category#8503,8503,SCHALLDAE. FORD,O#product_category#0
product_category#8504,8504,SCHALLDAEM. OPEL,O#product_category#0
product_category#8505,8505,SCHALLDAE. PORSCHE,O#product_category#0
product_category#8506,8506,SCHALLDAE. VW,O#product_category#0
product_category#8510,8510,SCHALLDAE. CITROEN,O#product_category#0
product_category#8511,8511,SCHALLDAE. PEUGEOT,O#product_category#0
product_category#8512,8512,SCHALLDAE. RENAULT,O#product_category#0
product_category#8521,8521,SCHALLDAE. FIAT,O#product_category#0
product_category#8522,8522,SCHALLDAE. LADA,O#product_category#0
product_category#8523,8523,SCHALLDAE. LANCIA-AUT.,O#product_category#0
product_category#8525,8525,SCHALLDAE. SAAB,O#product_category#0
product_category#8526,8526,SCHALLDAE. SEAT,O#product_category#0
product_category#8527,8527,SCHALLDAE. SKODA,O#product_category#0
product_category#8528,8528,SCHALLDAE. VOLVO DAF,O#product_category#0
product_category#8530,8530,SCHALLDAE. DAIHATSU,O#product_category#0
product_category#8531,8531,SCHALLDAE. HONDA,O#product_category#0
product_category#8533,8533,SCHALLDAE. MAZDA,O#product_category#0
product_category#8534,8534,SCHALLDAE. MITSUBISHI,O#product_category#0
product_category#8535,8535,SCHALLDAE. NISSAN,O#product_category#0
product_category#8536,8536,SCHALLDAE. SUBARU,O#product_category#0
product_category#8537,8537,SCHALLDAE. SUZUKI,O#product_category#0
product_category#8538,8538,SCHALLDAE. TOYOTA,O#product_category#0
product_category#8560,8560,SCHALLDAE. SONSTIGE,O#product_category#0
product_category#8565,8565,ROHRE ALLGEMEIN,O#product_category#0
product_category#8570,8570,AUSPUFFBEFEST.-TEILE,O#product_category#0
product_category#8571,8571,AUSPUFF DIV.,O#product_category#0
product_category#8595,8595,AUSPUFFROHRE DIV.,O#product_category#0
product_category#8596,8596,AUSPUFF BEFEST.,O#product_category#0
product_category#8599,8599,SCHALLDAEMPFER,O#product_category#0
product_category#8600,8600,SCHALLDAE. AUDI,O#product_category#0
product_category#8601,8601,SCHALLDAE. BMW,O#product_category#0
product_category#8602,8602,SCHALLDAE. DAIMLER-CH.,O#product_category#0
product_category#8603,8603,SCHALLDAE. FORD,O#product_category#0
product_category#8604,8604,SCHALLDAEM. OPEL,O#product_category#0
product_category#8605,8605,SCHALLDAE. PORSCHE,O#product_category#0
product_category#8606,8606,SCHALLDAE. VW,O#product_category#0
product_category#8610,8610,SCHALLDAE. CITROEN,O#product_category#0
product_category#8611,8611,SCHALLDAE. PEUGEOT,O#product_category#0
product_category#8612,8612,SCHALLDAE. RENAULT,O#product_category#0
product_category#8620,8620,SCHALLDAE. ALFA,O#product_category#0
product_category#8621,8621,SCHALLDAE. FIAT,O#product_category#0
product_category#8622,8622,SCHALLDAE. LADA,O#product_category#0
product_category#8623,8623,SCHALLDAE. LANCIA-AUT.,O#product_category#0
product_category#8624,8624,SCHALLDAE. ROVER,O#product_category#0
product_category#8625,8625,SCHALLDAE. SAAB,O#product_category#0
product_category#8626,8626,SCHALLDAE. SEAT,O#product_category#0
product_category#8627,8627,SCHALLDAE. SKODA,O#product_category#0
product_category#8628,8628,SCHALLDAE. VOLVO DAF,O#product_category#0
product_category#8629,8629,SCHALLDAE. SMART,O#product_category#0
product_category#8630,8630,SCHALLDAE. DAIHATSU,O#product_category#0
product_category#8631,8631,SCHALLDAE. HONDA,O#product_category#0
product_category#8632,8632,SCHALLDAE. ISUZU,O#product_category#0
product_category#8633,8633,SCHALLDAE. MAZDA,O#product_category#0
product_category#8634,8634,SCHALLDAE. MITSUBISHI,O#product_category#0
product_category#8635,8635,SCHALLDAE. NISSAN,O#product_category#0
product_category#8636,8636,SCHALLDAE. SUBARU,O#product_category#0
product_category#8637,8637,SCHALLDAE. SUZUKI,O#product_category#0
product_category#8638,8638,SCHALLDAE. TOYOTA,O#product_category#0
product_category#8640,8640,SCHALLDAE. DAEWOO,O#product_category#0
product_category#8641,8641,SCHALLDAE. KIA,O#product_category#0
product_category#8642,8642,SCHALLDAE.PROTON,O#product_category#0
product_category#8643,8643,SCHALLDAE. HYNDAI,O#product_category#0
product_category#8650,8650,SCHALLDAE. USA,O#product_category#0
product_category#8655,8655,ROHRE,O#product_category#0
product_category#8659,8659,SCHALLDAE. BEFESTIGUNG,O#product_category#0
product_category#8660,8660,SCHALLDAE. SONSTIGE,O#product_category#0
product_category#8670,8670,AUSPUFFBEFEST.-TEILE,O#product_category#0
product_category#8685,8685,SCHALLDAE. NISSAN,O#product_category#0
product_category#8694,8694,SCHALLDAE. SONSTIGE,O#product_category#0
product_category#8700,8700,SCHALLDAE. AUDI,O#product_category#0
product_category#8701,8701,SCHALLDAE. BMW,O#product_category#0
product_category#8702,8702,SCHALLDAE. DAIMLER-CH.,O#product_category#0
product_category#8703,8703,SCHALLDAE. FORD,O#product_category#0
product_category#8704,8704,SCHALLDAEM. OPEL,O#product_category#0
product_category#8705,8705,SCHALLDAE. PORSCHE,O#product_category#0
product_category#8706,8706,SCHALLDAE. VW,O#product_category#0
product_category#8710,8710,SCHALLDAE. CITROEN,O#product_category#0
product_category#8711,8711,SCHALLDAE. PEUGEOT,O#product_category#0
product_category#8712,8712,SCHALLDAE. RENAULT,O#product_category#0
product_category#8720,8720,SCHALLDAE. ALFA,O#product_category#0
product_category#8721,8721,SCHALLDAE. FIAT,O#product_category#0
product_category#8722,8722,SCHALLDAE. LADA,O#product_category#0
product_category#8723,8723,SCHALLDAE. LANCIA-AUT.,O#product_category#0
product_category#8724,8724,SCHALLDAE. ROVER,O#product_category#0
product_category#8725,8725,SCHALLDAE. SAAB,O#product_category#0
product_category#8726,8726,SCHALLDAE. SEAT,O#product_category#0
product_category#8727,8727,SCHALLDAE. SKODA,O#product_category#0
product_category#8728,8728,SCHALLDAE. VOLVO DAF,O#product_category#0
product_category#8730,8730,SCHALLDAE. DAIHATSU,O#product_category#0
product_category#8731,8731,SCHALLDAE. HONDA,O#product_category#0
product_category#8732,8732,SCHALLDAE. ISUZU,O#product_category#0
product_category#8733,8733,SCHALLDAE. MAZDA,O#product_category#0
product_category#8734,8734,SCHALLDAE. MITSUBISHI,O#product_category#0
product_category#8735,8735,SCHALLDAE. NISSAN,O#product_category#0
product_category#8736,8736,SCHALLDAE. SUBARU,O#product_category#0
product_category#8737,8737,SCHALLDAE. SUZUKI,O#product_category#0
product_category#8738,8738,SCHALLDAE. TOYOTA,O#product_category#0
product_category#8740,8740,SCHALLDAE. DAEWOO,O#product_category#0
product_category#8741,8741,SCHALLDAE. KIA,O#product_category#0
product_category#8742,8742,SCHALLDAE.PROTON,O#product_category#0
product_category#8743,8743,SCHALLDAE. HYNDAI,O#product_category#0
product_category#8745,8745,SCHALLDAE. USA,O#product_category#0
product_category#8746,8746,SCHALLDAE. SONSTIGE,O#product_category#0
product_category#8747,8747,ROHRE ALLGEMEIN,O#product_category#0
product_category#8748,8748,AUSPUFFBEFEST.-TEILE,O#product_category#0
product_category#8750,8750,SCHALLDAE. AUDI,O#product_category#0
product_category#8751,8751,SCHALLDAE. BMW,O#product_category#0
product_category#8752,8752,SCHALLDAE. DAIMLER-CH.,O#product_category#0
product_category#8753,8753,SCHALLDAE. FORD,O#product_category#0
product_category#8754,8754,SCHALLDAEM. OPEL,O#product_category#0
product_category#8755,8755,SCHALLDAE. PORSCHE,O#product_category#0
product_category#8756,8756,SCHALLDAE. VW,O#product_category#0
product_category#8760,8760,SCHALLDAE. CITROEN,O#product_category#0
product_category#8761,8761,SCHALLDAE. PEUGEOT,O#product_category#0
product_category#8762,8762,SCHALLDAE. RENAULT,O#product_category#0
product_category#8770,8770,SCHALLDAE. ALFA,O#product_category#0
product_category#8771,8771,SCHALLDAE. FIAT,O#product_category#0
product_category#8772,8772,SCHALLDAE. LADA,O#product_category#0
product_category#8773,8773,SCHALLDAE. LANCIA-AUT.,O#product_category#0
product_category#8774,8774,SCHALLDAE. ROVER,O#product_category#0
product_category#8775,8775,SCHALLDAE. SAAB,O#product_category#0
product_category#8776,8776,SCHALLDAE. SEAT,O#product_category#0
product_category#8777,8777,SCHALLDAE. SKODA,O#product_category#0
product_category#8778,8778,SCHALLDAE. VOLVO DAF,O#product_category#0
product_category#8780,8780,SCHALLDAE. DAIHATSU,O#product_category#0
product_category#8781,8781,SCHALLDAE. HONDA,O#product_category#0
product_category#8782,8782,SCHALLDAE. ISUZU,O#product_category#0
product_category#8783,8783,SCHALLDAE. MAZDA,O#product_category#0
product_category#8784,8784,SCHALLDAE. MITSUBISHI,O#product_category#0
product_category#8785,8785,SCHALLDAE. NISSAN,O#product_category#0
product_category#8786,8786,SCHALLDAE. SUBARU,O#product_category#0
product_category#8787,8787,SCHALLDAE. SUZUKI,O#product_category#0
product_category#8788,8788,SCHALLDAE. TOYOTA,O#product_category#0
product_category#8790,8790,SCHALLDAE. DAEWOO,O#product_category#0
product_category#8791,8791,SCHALLDAE. KIA,O#product_category#0
product_category#8792,8792,SCHALLDAE.PROTON,O#product_category#0
product_category#8793,8793,SCHALLDAE. HYNDAI,O#product_category#0
product_category#8795,8795,SCHALLDAE. USA,O#product_category#0
product_category#8796,8796,SCHALLDAE. SONSTIGE,O#product_category#0
product_category#8797,8797,ROHRE ALLGEMEIN,O#product_category#0
product_category#8798,8798,AUSPUFFBEFEST.-TEILE,O#product_category#0
product_category#8800,8800,SCHALLDAE. SEAT,O#product_category#0
product_category#8801,8801,SCHALLDAE. AUDI,O#product_category#0
product_category#8802,8802,SCHALLDAE. BMW,O#product_category#0
product_category#8803,8803,SCHALLDAE. DB,O#product_category#0
product_category#8804,8804,SCHALLDAEM. OPEL,O#product_category#0
product_category#8805,8805,SCHALLDAE. VW,O#product_category#0
product_category#8838,8838,SCHALLDAE. ASSO,O#product_category#0
product_category#8840,8840,BEFESTIGUNGSMATERIAL,O#product_category#0
product_category#8841,8841,FLEX ROHRE,O#product_category#0
product_category#8860,8860,SCHALLDAE. MTS,O#product_category#0
product_category#8864,8864,BEFESTIGUNG SD INTEC,O#product_category#0
product_category#8865,8865,AUSPUFFBEFEST.-TEILE,O#product_category#0
product_category#8866,8866,AUSPUFFBEFEST.-TEILE,O#product_category#0
product_category#8868,8868,AUSPUFF BEFESTIGUNGSTEILE,O#product_category#0
product_category#8869,8869,SCHALLDAE. SONSTIGE,O#product_category#0
product_category#8870,8870,AUSPUFFBEFEST.-TEILE,O#product_category#0
product_category#8871,8871,AUSP.-BEF.-TEI.F.KAT,O#product_category#0
product_category#8872,8872,AUSP.-BEF.-TEI.F.KAT,O#product_category#0
product_category#8873,8873,AUSPUFFBEFEST.-TEILE,O#product_category#0
product_category#8874,8874,AUSPUFFBEFEST.-TEILE,O#product_category#0
product_category#8875,8875,AUSPUFFBEFEST.-TEILE,O#product_category#0
product_category#8876,8876,AUSPUFFBEFEST.-TEILE,O#product_category#0
product_category#8877,8877,AUSPUFFBEFEST.-TEILE,O#product_category#0
product_category#8878,8878,AUSPUFFBEFEST.-TEILE,O#product_category#0
product_category#8879,8879,AUSPUFFBEFEST.-TEILE,O#product_category#0
product_category#8880,8880,AUSPUFFROHRE FLEX,O#product_category#0
product_category#8881,8881,AUSPUFFROHRE FLEX,O#product_category#0
product_category#8883,8883,AUSPUFFROHRE FLEX,O#product_category#0
product_category#8884,8884,AUSPUFFROHRE FLEX,O#product_category#0
product_category#8885,8885,AUSPUFFROHRE FLEX,O#product_category#0
product_category#8887,8887,FLEX ROHRE,O#product_category#0
product_category#8888,8888,AUSPUFFROHRE,O#product_category#0
product_category#8889,8889,AUSPUFFROHRE,O#product_category#0
product_category#8890,8890,AUSPUFFKRUEMMER,O#product_category#0
product_category#8891,8891,AUSPUFFKRUEMMER,O#product_category#0
product_category#8892,8892,AUSPUFFKRUEMMER,O#product_category#0
product_category#8893,8893,ABGASKRUEMMER,O#product_category#0
product_category#8900,8900,KATALYSATOREN,O#product_category#0
product_category#8901,8901,KATALYSATOREN,O#product_category#0
product_category#8902,8902,KATALYSATOREN,O#product_category#0
product_category#8903,8903,KATALYSATOREN,O#product_category#0
product_category#8904,8904,KATALYSATOREN,O#product_category#0
product_category#8905,8905,KATALYSATOREN,O#product_category#0
product_category#8906,8906,KATALYSATOREN,O#product_category#0
product_category#8907,8907,KATALYSATOREN,O#product_category#0
product_category#8908,8908,KATALYSATOREN,O#product_category#0
product_category#8909,8909,KATALYSATOREN,O#product_category#0
product_category#8910,8910,KATALYSATOREN,O#product_category#0
product_category#8911,8911,KATALYSATOREN,O#product_category#0
product_category#8912,8912,KATALYSATOREN,O#product_category#0
product_category#8913,8913,KATALYSATOREN,O#product_category#0
product_category#8914,8914,KATALYSATOREN,O#product_category#0
product_category#8915,8915,KATALYSATOREN,O#product_category#0
product_category#8916,8916,KATALYSATOREN,O#product_category#0
product_category#8917,8917,KATALYSATOREN,O#product_category#0
product_category#8918,8918,KATALYSATOREN,O#product_category#0
product_category#8919,8919,KATALYSATOREN,O#product_category#0
product_category#8920,8920,KATALYSATOREN,O#product_category#0
product_category#8921,8921,KATALYSATOREN,O#product_category#0
product_category#8922,8922,KATALYSATOREN,O#product_category#0
product_category#8929,8929,KATALYSATOREN,O#product_category#0
product_category#8930,8930,VORKAT,O#product_category#0
product_category#8931,8931,VORKAT,O#product_category#0
product_category#8940,8940,KALTLAUFRE./M.-M.-S.,O#product_category#0
product_category#8942,8942,KALTLAUFRE./M.-M.-S.,O#product_category#0
product_category#8943,8943,KALTLAUFREGLER,O#product_category#0
product_category#8945,8945,LAMBDASONDEN,O#product_category#0
product_category#8949,8949,LAMBDASONDEN,O#product_category#0
product_category#8950,8950,LAMBDASONDEN,O#product_category#0
product_category#8951,8951,LAMBDASONDEN,O#product_category#0
product_category#8952,8952,LAMBDASONDEN,O#product_category#0
product_category#8953,8953,LAMBDASONDEN,O#product_category#0
product_category#8954,8954,LAMBDASONDEN,O#product_category#0
product_category#8955,8955,LAMBDASONDEN,O#product_category#0
product_category#8956,8956,LAMBDASONDEN,O#product_category#0
product_category#8957,8957,LAMBDASONDEN,O#product_category#0
product_category#8958,8958,LAMBDASONDEN,O#product_category#0
product_category#8959,8959,LAMBDASONDEN,O#product_category#0
product_category#8960,8960,LAMBDASONDEN,O#product_category#0
product_category#8961,8961,LAMBDASONDEN,O#product_category#0
product_category#8962,8962,LAMBDASONDEN,O#product_category#0
product_category#8963,8963,LAMBDASONDEN,O#product_category#0
product_category#8964,8964,LAMBDASONDEN,O#product_category#0
product_category#8965,8965,LAMBDASONDEN,O#product_category#0
product_category#8966,8966,LAMBDASONDEN,O#product_category#0
product_category#8967,8967,LAMBDASONDEN,O#product_category#0
product_category#8969,8969,LAMBDASONDEN,O#product_category#0
product_category#8970,8970,RUSSFILTER,O#product_category#0
product_category#8971,8971,RUSSFILTER,O#product_category#0
product_category#8972,8972,RUSSFILTER,O#product_category#0
product_category#8973,8973,RUSSFILTER,O#product_category#0
product_category#8974,8974,RUSSFILTER,O#product_category#0
product_category#8975,8975,RUSSFILTER,O#product_category#0
product_category#8976,8976,RUSSFILTER,O#product_category#0
product_category#8977,8977,RUSSFILTER,O#product_category#0
product_category#8980,8980,RUSSFILTER,O#product_category#0
product_category#8999,8999,RUSSFILTER,O#product_category#0
product_category#9001,9001,TTB NKW + ANHAENGER,O#product_category#0
product_category#9002,9002,TTB NKW + ANHAENGER,O#product_category#0
product_category#9003,9003,TTB NKW + ANHAENGER,O#product_category#0
product_category#9004,9004,TTB NKW + ANHAENGER,O#product_category#0
product_category#9007,9007,TTB NKW + ANHAENGER,O#product_category#0
product_category#9009,9009,TBB NKW + ANHAENGER,O#product_category#0
product_category#9011,9011,SBB NKW + ANHAENGER,O#product_category#0
product_category#9012,9012,SBB NKW + ANHAENGER,O#product_category#0
product_category#9013,9013,SBB NKW + ANHAENGER,O#product_category#0
product_category#9014,9014,NFZ-BREMSEN,O#product_category#0
product_category#9017,9017,SBB NKW + ANHAENGER,O#product_category#0
product_category#9019,9019,SBB NKW + ANHAENGER,O#product_category#0
product_category#9020,9020,BREMSSCHEI.NKW+ANHAE.,O#product_category#0
product_category#9021,9021,BREMSSCHEI.NKW+ANHAE.,O#product_category#0
product_category#9022,9022,BREMSSCHEI.NKW+ANHAE.,O#product_category#0
product_category#9023,9023,BREMSSCHEI.NKW+ANHAE.,O#product_category#0
product_category#9024,9024,BREMSSCHEI.NKW+ANHAE.,O#product_category#0
product_category#9025,9025,BREMSSCHEI.NKW+ANHAE.,O#product_category#0
product_category#9026,9026,NKW-BREMSE,O#product_category#0
product_category#9027,9027,BREMSSCHEI.NKW+ANHAE.,O#product_category#0
product_category#9029,9029,BREMSSCHEI.NKW+ANHAE.,O#product_category#0
product_category#9033,9033,BREMSTROMM.NKW+ANHAE.,O#product_category#0
product_category#9034,9034,BREMSSCHEI.NKW+ANHAE.,O#product_category#0
product_category#9035,9035,TBB NKW,O#product_category#0
product_category#9037,9037,BREMSSCHEI.NKW+ANHAE.,O#product_category#0
product_category#9038,9038,BREMSSCHEI.NKW+ANHAE.,O#product_category#0
product_category#9039,9039,BREMSSCHEI.NKW+ANHAE.,O#product_category#0
product_category#9040,9040,BREMSBACK.NKW+ANHAE.,O#product_category#0
product_category#9041,9041,BREMSBACKEN NKW + ANHAENG,O#product_category#0
product_category#9043,9043,BREMSBACK.NKW+ANHAE.,O#product_category#0
product_category#9045,9045,BREMSBACK.NKW+ANHAE.,O#product_category#0
product_category#9048,9048,BREMSBACK.NKW+ANHAE.,O#product_category#0
product_category#9049,9049,BREMSBACK.NKW+ANHAE.,O#product_category#0
product_category#9050,9050,BREMSWEL.NKW+ANHAENG.,O#product_category#0
product_category#9053,9053,BREMSWEL.NKW+ANHAENG.,O#product_category#0
product_category#9055,9055,BREMSWEL.NKW+ANHAENG.,O#product_category#0
product_category#9058,9058,BREMSWEL.NKW+ANHAENG.,O#product_category#0
product_category#9059,9059,BREMSWEL.NKW+ANHAENG.,O#product_category#0
product_category#9060,9060,GESTAENGESTE.NKW+ANHAE,O#product_category#0
product_category#9063,9063,GESTAENGESTE.NKW+ANHAE,O#product_category#0
product_category#9065,9065,GESTAENGESTE.NKW+ANHAE,O#product_category#0
product_category#9066,9066,GESTAENGESTE.NKW+ANHAE,O#product_category#0
product_category#9068,9068,GESTAENGESTE.NKW+ANHAE,O#product_category#0
product_category#9069,9069,GESTAENGESTE.NKW+ANHAE,O#product_category#0
product_category#9070,9070,BREMSBA./RUECKZUGS-F.,O#product_category#0
product_category#9073,9073,BREMSBA./RUECKZUGS-F.,O#product_category#0
product_category#9075,9075,BREMSBA./RUECKZUGS-F.,O#product_category#0
product_category#9078,9078,BREMSBA./RUECKZUGS-F.,O#product_category#0
product_category#9079,9079,BREMSBA./RUECKZUGS-F.,O#product_category#0
product_category#9080,9080,BREMS./ACHSSCH./RADB,O#product_category#0
product_category#9083,9083,BREMS./ACHSSCH./RADB,O#product_category#0
product_category#9085,9085,BREMS./ACHSSCH./RADB,O#product_category#0
product_category#9088,9088,BREMS./ACHSSCH./RADB,O#product_category#0
product_category#9089,9089,BREMS./ACHSSCH./RADB,O#product_category#0
product_category#9090,9090,DRUCKLUFTBEHAELTER,O#product_category#0
product_category#9093,9093,DRUCKLUFTBEHAELTER,O#product_category#0
product_category#9098,9098,DRUCKLUFTBEHAELTER,O#product_category#0
product_category#9099,9099,DRUCKLUFTBEHAELTER,O#product_category#0
product_category#9100,9100,STOSSDAEMPFER NKW,O#product_category#0
product_category#9103,9103,STOSSDAEMPFER NKW,O#product_category#0
product_category#9105,9105,STOSSDAEMPFER NKW,O#product_category#0
product_category#9107,9107,STOSSDAEMPFER NKW,O#product_category#0
product_category#9112,9112,ACHSSTRE./DREIECKLE.,O#product_category#0
product_category#9113,9113,ACHSSTRE./DREIECKLE.,O#product_category#0
product_category#9114,9114,ACHSSTRE./DREIECKLE.,O#product_category#0
product_category#9116,9116,ACHSSTRE./DREIECKLE.,O#product_category#0
product_category#9117,9117,ACHSSTREBEN NKW,O#product_category#0
product_category#9118,9118,ACHSSTRE./DREIECKLE.,O#product_category#0
product_category#9119,9119,ACHSSTRE./DREIECKLE.,O#product_category#0
product_category#9120,9120,LENKUNGSTEILE NKW,O#product_category#0
product_category#9122,9122,LENKUNGSTEILE NKW,O#product_category#0
product_category#9123,9123,LENKUNGSTEILE NKW,O#product_category#0
product_category#9124,9124,LENKUNGSTEILE NKW,O#product_category#0
product_category#9126,9126,LENKUNGSTEILE NKW,O#product_category#0
product_category#9127,9127,LENKUNGSTEILE NKW,O#product_category#0
product_category#9128,9128,LENKUNGSTEILE NKW,O#product_category#0
product_category#9129,9129,LENKUNGSTEILE NKW,O#product_category#0
product_category#9130,9130,STABI REP SATZ,O#product_category#0
product_category#9133,9133,STABI REP SATZ,O#product_category#0
product_category#9136,9136,STABI REP SATZ,O#product_category#0
product_category#9138,9138,STABI REP SATZ,O#product_category#0
product_category#9139,9139,STABI REP SATZ,O#product_category#0
product_category#9140,9140,NFZ-TEILE,O#product_category#0
product_category#9141,9141,NFZ-TEILE,O#product_category#0
product_category#9142,9142,LUFTFEDERBALG,O#product_category#0
product_category#9143,9143,LUFTFEDERBALG,O#product_category#0
product_category#9149,9149,LUFTFEDERBALG SONST.,O#product_category#0
product_category#9150,9150,LUFTFEDERBALG MOTORWA.,O#product_category#0
product_category#9181,9181,VERSCHLEISSANZEIGER NKW,O#product_category#0
product_category#9200,9200,SCHWUNGSCHEIBEN,O#product_category#0
product_category#9202,9202,SCHWUNGSCHEIBEN,O#product_category#0
product_category#9203,9203,SCHWUNGSCHEIBEN,O#product_category#0
product_category#9204,9204,SCHWUNGSCHEIBEN,O#product_category#0
product_category#9205,9205,SCHWUNGSCHEIBEN,O#product_category#0
product_category#9206,9206,SCHWUNGSCHEIBEN,O#product_category#0
product_category#9207,9207,SCHWUNGSCHEIBEN,O#product_category#0
product_category#9209,9209,SCHWUNGSCHEIBEN,O#product_category#0
product_category#9210,9210,WASSERPUMPEN NKW,O#product_category#0
product_category#9213,9213,WASSERPUMPEN NKW,O#product_category#0
product_category#9214,9214,WASSERPUMPEN NKW,O#product_category#0
product_category#9216,9216,WASSERPUMPEN NKW,O#product_category#0
product_category#9217,9217,WASSERPUMPEN NKW,O#product_category#0
product_category#9219,9219,WASSERPUMPEN NKW,O#product_category#0
product_category#9222,9222,KUEHLER NKW,O#product_category#0
product_category#9223,9223,KUEHLER NKW,O#product_category#0
product_category#9224,9224,KUEHLER NKW,O#product_category#0
product_category#9225,9225,KUEHLER NKW,O#product_category#0
product_category#9228,9228,KUEHLER NKW,O#product_category#0
product_category#9229,9229,KUEHLER NKW,O#product_category#0
product_category#9230,9230,KUEHLER/TANKDECKEL,O#product_category#0
product_category#9232,9232,LADELUFTKUEHLER NKW,O#product_category#0
product_category#9233,9233,LADELUFTKUEHLER NKW,O#product_category#0
product_category#9234,9234,LADELUFTKUEHLER NKW,O#product_category#0
product_category#9238,9238,LADELUFTKUEHLER NKW,O#product_category#0
product_category#9239,9239,LADELUFTKUEHLER NKW,O#product_category#0
product_category#9242,9242,VISCO-LUEFTER+KUPPL. NKW,O#product_category#0
product_category#9243,9243,VISCO-LUEFTER+KUPPL. NKW,O#product_category#0
product_category#9246,9246,VISCO-LUEFTER+KUPPL. NKW,O#product_category#0
product_category#9248,9248,VISCO-LUEFTER+KUPPL. NKW,O#product_category#0
product_category#9249,9249,VISCO-LUEFTER+KUPPL. NKW,O#product_category#0
product_category#9250,9250,TURBOLADER NKW,O#product_category#0
product_category#9251,9251,TURBOLADER NKW,O#product_category#0
product_category#9252,9252,TURBOLADER NKW,O#product_category#0
product_category#9254,9254,TURBOLADER NKW,O#product_category#0
product_category#9259,9259,TURBOLADER NKW,O#product_category#0
product_category#9262,9262,GELENKWELLEN NKW,O#product_category#0
product_category#9263,9263,GELENKWELLEN NKW,O#product_category#0
product_category#9264,9264,GELENKWELLEN NKW,O#product_category#0
product_category#9267,9267,GELENKWELLEN NKW,O#product_category#0
product_category#9269,9269,GELENKWELLEN NKW,O#product_category#0
product_category#9273,9273,KLIMA NKW,O#product_category#0
product_category#9274,9274,KLIMA NKW,O#product_category#0
product_category#9279,9279,KLIMA NKW,O#product_category#0
product_category#9300,9300,WINDSCHUTZSCHEIBEN,O#product_category#0
product_category#9303,9303,WINDSCHUTZSCHEIBEN,O#product_category#0
product_category#9309,9309,WINDSCHUTZSCHEIBEN,O#product_category#0
product_category#9313,9313,KOTFLUEGEL - METALL,O#product_category#0
product_category#9315,9315,KOTFLUEGEL - METALL,O#product_category#0
product_category#9316,9316,KOTFLUEGEL - METALL,O#product_category#0
product_category#9319,9319,KOTFLUEGEL - METALL,O#product_category#0
product_category#9323,9323,KOTFLUEGEL-KUNSTSTOFF,O#product_category#0
product_category#9325,9325,KOTFLUEGEL-KUNSTSTOFF,O#product_category#0
product_category#9326,9326,KOTFLUEGEL-KUNSTSTOFF,O#product_category#0
product_category#9329,9329,KOTFLUEGEL-KUNSTSTOFF,O#product_category#0
product_category#9330,9330,SCHMUTZFAENGER,O#product_category#0
product_category#9333,9333,SCHMUTZFAENGER,O#product_category#0
product_category#9336,9336,SCHMUTZFAENGER,O#product_category#0
product_category#9339,9339,SCHMUTZFAENGER,O#product_category#0
product_category#9340,9340,STOSSSTANGEN NKW,O#product_category#0
product_category#9343,9343,STOSSSTANGEN NKW,O#product_category#0
product_category#9349,9349,STOSSSTANGEN NKW,O#product_category#0
product_category#9351,9351,SPOILER/WINDABWEISER,O#product_category#0
product_category#9352,9352,SPOILER/WINDABWEISER,O#product_category#0
product_category#9353,9353,SPOILER/WINDABWEISER,O#product_category#0
product_category#9359,9359,SPOILER/WINDABWEISER,O#product_category#0
product_category#9360,9360,FAHRERSITZE,O#product_category#0
product_category#9363,9363,FAHRERSITZE,O#product_category#0
product_category#9365,9365,FAHRERSITZE,O#product_category#0
product_category#9367,9367,FAHRERSITZE,O#product_category#0
product_category#9369,9369,FAHRERSITZE,O#product_category#0
product_category#9373,9373,BORDWANDTEILE,O#product_category#0
product_category#9376,9376,BORDWANDTEILE,O#product_category#0
product_category#9379,9379,BORDWANDTEILE,O#product_category#0
product_category#9380,9380,STAUKAESTEN,O#product_category#0
product_category#9381,9381,STAUKAESTEN,O#product_category#0
product_category#9383,9383,STAUKAESTEN,O#product_category#0
product_category#9389,9389,STAUKAESTEN,O#product_category#0
product_category#9390,9390,KRAFTSTOFFTANK,O#product_category#0
product_category#9393,9393,KRAFTSTOFFTANK,O#product_category#0
product_category#9397,9397,KRAFTSTOFFTANK,O#product_category#0
product_category#9399,9399,KRAFTSTOFFTANK,O#product_category#0
product_category#9400,9400,SCHALLDAE. NKW,O#product_category#0
product_category#9401,9401,SCHALLDAE. NKW,O#product_category#0
product_category#9402,9402,SCHALLDAE. NKW,O#product_category#0
product_category#9403,9403,SCHALLDAE. NKW,O#product_category#0
product_category#9409,9409,SCHALLDAE. NKW,O#product_category#0
product_category#9423,9423,FEDERN NKW,O#product_category#0
product_category#9425,9425,FEDERN NKW,O#product_category#0
product_category#9426,9426,FEDERN NKW,O#product_category#0
product_category#9429,9429,FEDERN NKW,O#product_category#0
product_category#9433,9433,FELGEN NKW,O#product_category#0
product_category#9434,9434,FELGEN NKW,O#product_category#0
product_category#9437,9437,FELGEN NKW,O#product_category#0
product_category#9439,9439,FELGEN NKW,O#product_category#0
product_category#9453,9453,CONTAINER-TECHNIK,O#product_category#0
product_category#9456,9456,CONTAINER-TECHNIK,O#product_category#0
product_category#9459,9459,CONTAINER-TECHNIK,O#product_category#0
product_category#9507,9507,ANHAENGERKUPPL.ROCKI.,O#product_category#0
product_category#9508,9508,ANHAENGEKUPPL.ORLANDI,O#product_category#0
product_category#9510,9510,ANHAENGEKUPPLUNG,O#product_category#0
product_category#9511,9511,ANHAENGEKUPPL.RINGFE.,O#product_category#0
product_category#9517,9517,SATTELKUPPLUNG ROCKING.,O#product_category#0
product_category#9518,9518,SATTELKUPPLUNG ORLANDI,O#product_category#0
product_category#9519,9519,SATTELKUPPLUNG JOST,O#product_category#0
product_category#9520,9520,SATTELKUPPLUNG,O#product_category#0
product_category#9523,9523,SATTELKUPPLUNG G+F,O#product_category#0
product_category#9529,9529,DREHKRAENZE JOST,O#product_category#0
product_category#9530,9530,DREHKRAENZE,O#product_category#0
product_category#9533,9533,DREHKRAENZE SUER,O#product_category#0
product_category#9539,9539,STUETZWINDEN JOST,O#product_category#0
product_category#9540,9540,STUETZWINDEN,O#product_category#0
product_category#9544,9544,STUETZWINDEN HAACON,O#product_category#0
product_category#9549,9549,ZUGGABELN,O#product_category#0
product_category#9550,9550,ZUGGABELN,O#product_category#0
product_category#9555,9555,ZUGGABELN,O#product_category#0
product_category#9556,9556,ZUGGABELN,O#product_category#0
product_category#9557,9557,ZUGGABELN-BOLZEN,O#product_category#0
product_category#9560,9560,ZUGGABELN-BOLZEN,O#product_category#0
product_category#9562,9562,ZUGGABELN-BOLZEN,O#product_category#0
product_category#9565,9565,ZUGGABELN-BOLZEN,O#product_category#0
product_category#9566,9566,ZUGGABELN-BOLZEN,O#product_category#0
product_category#9567,9567,WABCO-TEILE,O#product_category#0
product_category#9568,9568,GRAU-TEILE,O#product_category#0
product_category#9569,9569,KNORR/BENDIX-TEILE,O#product_category#0
product_category#9570,9570,HALDEX-TEILE,O#product_category#0
product_category#9571,9571,DEFI TRUCK-TEILE,O#product_category#0
product_category#9572,9572,BOSCH-TEILE,O#product_category#0
product_category#9607,9607,ANLASSER NKW,O#product_category#0
product_category#9608,9608,ANLASSER NKW,O#product_category#0
product_category#9609,9609,ANLASSER NKW,O#product_category#0
product_category#9610,9610,ANLASSER NKW,O#product_category#0
product_category#9611,9611,ANLASSER NKW,O#product_category#0
product_category#9616,9616,ANLASSER NKW,O#product_category#0
product_category#9617,9617,LICHTMASCHINEN NKW,O#product_category#0
product_category#9618,9618,LICHTMASCHINEN NKW,O#product_category#0
product_category#9619,9619,LICHTMASCHINEN NKW,O#product_category#0
product_category#9620,9620,LICHTMASCHINEN NKW,O#product_category#0
product_category#9621,9621,LICHTMASCHINEN NKW,O#product_category#0
product_category#9626,9626,LICHTMASCHINEN NKW,O#product_category#0
product_category#9627,9627,ABS/SPIRAL-KABEL,O#product_category#0
product_category#9630,9630,ABS/SPIRAL-KABEL,O#product_category#0
product_category#9632,9632,ABS/SPIRAL-KABEL,O#product_category#0
product_category#9635,9635,ABS/SPIRAL-KABEL,O#product_category#0
product_category#9636,9636,ABS/SPIRAL-KABEL,O#product_category#0
product_category#9637,9637,LENKSTOCKSCHALTER,O#product_category#0
product_category#9638,9638,LENKSTOCKSCHALTER,O#product_category#0
product_category#9640,9640,LENKSTOCKSCHALTER,O#product_category#0
product_category#9646,9646,LENKSTOCKSCHALTER,O#product_category#0
product_category#9647,9647,FAHRTENSCHR./ZUBEHOER,O#product_category#0
product_category#9648,9648,FAHRTENSCHR./ZUBEHOER,O#product_category#0
product_category#9649,9649,FAHRTENSCHR./ZUBEHOER,O#product_category#0
product_category#9650,9650,FAHRTENSCHR./ZUBEHOER,O#product_category#0
product_category#9656,9656,FAHRTENSCHR./ZUBEHOER,O#product_category#0
product_category#9657,9657,SPIEGEL NKW,O#product_category#0
product_category#9658,9658,SPIEGEL NKW,O#product_category#0
product_category#9660,9660,SPIEGEL NKW,O#product_category#0
product_category#9663,9663,SPIEGEL NKW,O#product_category#0
product_category#9664,9664,SPIEGEL NKW,O#product_category#0
product_category#9665,9665,SPIEGEL NKW,O#product_category#0
product_category#9666,9666,SPIEGEL NKW,O#product_category#0
product_category#9668,9668,KUEHLBOXEN,O#product_category#0
product_category#9670,9670,KUEHLBOXEN,O#product_category#0
product_category#9676,9676,KUEHLBOXEN,O#product_category#0
product_category#9677,9677,GEFAHRENG./SICHERH.Z,O#product_category#0
product_category#9680,9680,GEFAHRENG./SICHERH.Z,O#product_category#0
product_category#9682,9682,GEFAHRENG./SICHERH.Z,O#product_category#0
product_category#9686,9686,GEFAHRENG./SICHERH.Z,O#product_category#0
product_category#9700,9700,WERBEMITTEL,O#product_category#0
product_category#9801,9801,PFAND AUSTAUSCHSAETT.,O#product_category#0
product_category#9818,9818,UMWELTBEITRAG,O#product_category#0
product_category#9821,9821,OELFILTERENTSORGUNG,O#product_category#0
product_category#9830,9830,ANZAHLUNG,O#product_category#0
product_category#9840,9840,GUTSCHRIFT,O#product_category#0
product_category#9850,9850,DIENSTLEISTUNGEN,O#product_category#0
product_category#9851,9851,KLIMA SERVICE,O#product_category#0
product_category#9880,9880,MIETEN FOLGE.NUMMERN,O#product_category#0
product_category#9881,9881,MIETE DACHKOFFER,O#product_category#0
product_category#9882,9882,MIETE FEDERSPANNER,O#product_category#0
product_category#9899,9899,FRACHTKOSTEN,O#product_category#0
product_category#9900,9900,SOFTWARE CAR,O#product_category#0
product_category#9901,9901,SOFTWARE AUTODATA,O#product_category#0
product_category#9902,9902,SOFTWARE SONSTIGE,O#product_category#0
product_category#9950,9950,SCHULUNGEN,O#product_category#0
product_category#9999,9999,SONSTIGE ARTIKEL,O#product_category#0
O#product_category#sonstige,O_99999,Import Artikel ohne Kategorie,
product_category#sonstige,99999,Sonstige,O#product_category#sonstige
